severity,category,source_image,detail
error,invalid_image_or_label,train/images/20240211_111449_jpg.rf.nzmtGqmNuTmeRxEXiXW8.jpg,Non-default EXIF orientation: normalize image AND labels together before use.
error,invalid_image_or_label,train/images/20240211_114334_jpg.rf.PeTMZJwnMMZ3Ic9wg9Ug.jpg,Non-default EXIF orientation: normalize image AND labels together before use.
error,invalid_image_or_label,train/images/20240211_114358_jpg.rf.37NQ3qYrZ0UIQMjYja0e.jpg,Non-default EXIF orientation: normalize image AND labels together before use.
error,invalid_image_or_label,train/images/20240211_131550_jpg.rf.7Kih8VRaWMLts2HOQLIg.jpg,Non-default EXIF orientation: normalize image AND labels together before use.
error,invalid_image_or_label,train/images/20240211_131633_jpg.rf.L1eKkinn0obnNRM6NnlO.jpg,Non-default EXIF orientation: normalize image AND labels together before use.
error,invalid_image_or_label,train/images/20240211_131650_jpg.rf.6Do13FzAhnjeSFyEuxyg.jpg,Non-default EXIF orientation: normalize image AND labels together before use.
error,invalid_image_or_label,train/images/20240211_131704_jpg.rf.sfsUIr02MFYurW8Yb7Fg.jpg,Non-default EXIF orientation: normalize image AND labels together before use.
error,invalid_image_or_label,train/images/20240211_131711_jpg.rf.TfNAo6zbizUXnflKdBLd.jpg,Non-default EXIF orientation: normalize image AND labels together before use.
error,invalid_image_or_label,train/images/20240211_142049_jpg.rf.dvQzSUr5hhvL126kkqAi.jpg,Non-default EXIF orientation: normalize image AND labels together before use.
error,invalid_image_or_label,train/images/20240211_143608_jpg.rf.yhYLQxJTECI6y8a02xB5.jpg,Non-default EXIF orientation: normalize image AND labels together before use.
error,invalid_image_or_label,train/images/20240211_143910_jpg.rf.63o5CyAgCCZIn4wwljSw.jpg,Non-default EXIF orientation: normalize image AND labels together before use.
error,invalid_image_or_label,train/images/20240211_143922_jpg.rf.o6GVFdz3SHPHVuw3mFVx.jpg,Non-default EXIF orientation: normalize image AND labels together before use.
error,invalid_image_or_label,train/images/20240211_143930_jpg.rf.zGcXsHl77pHmdGMMKxNy.jpg,Non-default EXIF orientation: normalize image AND labels together before use.
error,invalid_image_or_label,train/images/20240211_144252_jpg.rf.hYA8qPVrWHU1EAXpHud2.jpg,Non-default EXIF orientation: normalize image AND labels together before use.
error,invalid_image_or_label,train/images/20240211_144257_jpg.rf.QfJech7sX5zPSmMxgm5J.jpg,Non-default EXIF orientation: normalize image AND labels together before use.
error,invalid_image_or_label,train/images/20240211_144318_jpg.rf.SmOeQAexrajBSWjkcjPW.jpg,Non-default EXIF orientation: normalize image AND labels together before use.
error,invalid_image_or_label,train/images/20240211_144402_jpg.rf.VrUfYI7Qdm9JKp8wT2BW.jpg,Non-default EXIF orientation: normalize image AND labels together before use.
error,invalid_image_or_label,train/images/20240211_144406_jpg.rf.9dMqBDGSd283KFg2EWpA.jpg,Non-default EXIF orientation: normalize image AND labels together before use.
error,invalid_image_or_label,train/images/20240211_144510_jpg.rf.vsGDy9Mk1SrwRd4ZE8BJ.jpg,Non-default EXIF orientation: normalize image AND labels together before use.
error,invalid_image_or_label,train/images/20240211_144522_jpg.rf.Tlm9cPwjBV8DFAXwW7HZ.jpg,Non-default EXIF orientation: normalize image AND labels together before use.
error,invalid_image_or_label,train/images/20240211_144533_jpg.rf.X6l8BFsKwBzl53kK6Xul.jpg,Non-default EXIF orientation: normalize image AND labels together before use.
error,invalid_image_or_label,train/images/20240211_144618_jpg.rf.Nr0Pxk4aQzhSvekXDptL.jpg,Non-default EXIF orientation: normalize image AND labels together before use.
error,invalid_image_or_label,train/images/20240211_144636_jpg.rf.rSJQowBM6cJaKbhmYRHy.jpg,Non-default EXIF orientation: normalize image AND labels together before use.
error,invalid_image_or_label,train/images/20240211_144711_jpg.rf.4JnHGzm6jHJNbRQHZsw3.jpg,Non-default EXIF orientation: normalize image AND labels together before use.
error,invalid_image_or_label,train/images/20240211_144805_jpg.rf.8zXNBLGnCNKj4j1N1Kce.jpg,Non-default EXIF orientation: normalize image AND labels together before use.
error,invalid_image_or_label,train/images/20240211_144941_jpg.rf.ec0R0Rcyex0mwbogZVRZ.jpg,Non-default EXIF orientation: normalize image AND labels together before use.
error,invalid_image_or_label,train/images/20240211_145011_jpg.rf.8dU4qvzyLiiUAN0DCZt8.jpg,Non-default EXIF orientation: normalize image AND labels together before use.
error,invalid_image_or_label,train/images/20240211_145328_jpg.rf.6kelLfLBLXaKWCDelqbx.jpg,Non-default EXIF orientation: normalize image AND labels together before use.
error,invalid_image_or_label,train/images/20240211_145405_jpg.rf.VAd9kZ8e4V0HhYsJDRiQ.jpg,Non-default EXIF orientation: normalize image AND labels together before use.
error,invalid_image_or_label,train/images/20240211_145433_jpg.rf.asjuRd1DA3Q8PZzOHHxw.jpg,Non-default EXIF orientation: normalize image AND labels together before use.
error,invalid_image_or_label,train/images/20240211_145444_jpg.rf.eiNFAwFIQFra3C1W6jwt.jpg,Non-default EXIF orientation: normalize image AND labels together before use.
error,invalid_image_or_label,train/images/20240211_145449_jpg.rf.sthzV7RoTe5MCC7Ug4Ij.jpg,Non-default EXIF orientation: normalize image AND labels together before use.
error,invalid_image_or_label,train/images/20240211_145502_jpg.rf.zMOpvFN33X5iGqGrsWK4.jpg,Non-default EXIF orientation: normalize image AND labels together before use.
error,invalid_image_or_label,train/images/20240211_145900_jpg.rf.UBvxwyWBRk0iPYoPiOjq.jpg,Non-default EXIF orientation: normalize image AND labels together before use.
error,invalid_image_or_label,train/images/20240211_145906_jpg.rf.dhfdGqtBbRbqElEhZwHl.jpg,Non-default EXIF orientation: normalize image AND labels together before use.
error,invalid_image_or_label,train/images/20240211_150010_jpg.rf.eOPZ1KIGzyW5dOsToYMy.jpg,Non-default EXIF orientation: normalize image AND labels together before use.
error,invalid_image_or_label,train/images/20240211_150021_jpg.rf.xZ59dytRF0WdRQpQgv0j.jpg,Non-default EXIF orientation: normalize image AND labels together before use.
error,invalid_image_or_label,train/images/20240211_150102_jpg.rf.Vs2nPhOopYClyIOk0RK6.jpg,Non-default EXIF orientation: normalize image AND labels together before use.
error,invalid_image_or_label,train/images/20240211_150123_jpg.rf.Wqewt2oKFUxH0toQwnoe.jpg,Non-default EXIF orientation: normalize image AND labels together before use.
error,invalid_image_or_label,train/images/20240211_150146_jpg.rf.dI4bhl7mTtanGDPCK00b.jpg,Non-default EXIF orientation: normalize image AND labels together before use.
error,invalid_image_or_label,train/images/20240211_150233_jpg.rf.euoBmbbONr1dbQwK3lHG.jpg,Non-default EXIF orientation: normalize image AND labels together before use.
error,invalid_image_or_label,train/images/20240211_150303_jpg.rf.yCcdmeOPy2J45GIvMvUC.jpg,Non-default EXIF orientation: normalize image AND labels together before use.
error,invalid_image_or_label,train/images/20240211_150321_jpg.rf.HmDitqUqvtp2rVzHwTJ3.jpg,Non-default EXIF orientation: normalize image AND labels together before use.
error,invalid_image_or_label,train/images/20240211_150534_jpg.rf.WtyNPlcCcDxm5df1dvCB.jpg,Non-default EXIF orientation: normalize image AND labels together before use.
error,invalid_image_or_label,train/images/20240211_150824_jpg.rf.NtFKbmfecPF0oyPRlkjs.jpg,Non-default EXIF orientation: normalize image AND labels together before use.
error,invalid_image_or_label,train/images/20240211_150952_jpg.rf.Jn4EsfHqi2U8Y15EfBk7.jpg,Non-default EXIF orientation: normalize image AND labels together before use.
error,invalid_image_or_label,train/images/20240211_151030_jpg.rf.kXELfwwx2IOEr94LloBe.jpg,Non-default EXIF orientation: normalize image AND labels together before use.
error,invalid_image_or_label,train/images/20240211_151217_jpg.rf.K6Ah0XoWGngRKLfa6erd.jpg,Non-default EXIF orientation: normalize image AND labels together before use.
error,invalid_image_or_label,train/images/20240211_151437_jpg.rf.rPDQUYMHoPhZmncJvkVJ.jpg,Non-default EXIF orientation: normalize image AND labels together before use.
error,invalid_image_or_label,train/images/20240211_151516_jpg.rf.rQOyVUxHu2PYS9zE5Ent.jpg,Non-default EXIF orientation: normalize image AND labels together before use.
error,invalid_image_or_label,train/images/20240211_151545_jpg.rf.v1ciwXDiqd0pfPlfyuFJ.jpg,Non-default EXIF orientation: normalize image AND labels together before use.
error,invalid_image_or_label,train/images/20240211_151646_jpg.rf.WEzXWjCh38U5enrNzeJy.jpg,Non-default EXIF orientation: normalize image AND labels together before use.
error,invalid_image_or_label,train/images/20240211_151912_jpg.rf.HIrEbFgPYrG2ZmYH3evV.jpg,Non-default EXIF orientation: normalize image AND labels together before use.
error,invalid_image_or_label,train/images/20240211_152343_jpg.rf.KRZXQZxHbToR9A7zzG6T.jpg,Non-default EXIF orientation: normalize image AND labels together before use.
error,invalid_image_or_label,train/images/20240211_152451_jpg.rf.uPko29iRWRO0NHNH19OQ.jpg,Non-default EXIF orientation: normalize image AND labels together before use.
error,invalid_image_or_label,train/images/20240211_152622_jpg.rf.rS6KmHfynoatGPqul3O9.jpg,Non-default EXIF orientation: normalize image AND labels together before use.
error,invalid_image_or_label,train/images/20240211_152644_jpg.rf.ZboXmHptqs6PcHKmJng8.jpg,Non-default EXIF orientation: normalize image AND labels together before use.
error,invalid_image_or_label,train/images/20240211_152649_jpg.rf.94GN8IKQfKjPuhk5XqvV.jpg,Non-default EXIF orientation: normalize image AND labels together before use.
error,invalid_image_or_label,train/images/20240211_152703_jpg.rf.Dl1w1wCCkJdGTO2EwR7t.jpg,Non-default EXIF orientation: normalize image AND labels together before use.
error,invalid_image_or_label,train/images/20240211_153539_jpg.rf.xPWBn4wdY12N1dmRaWbW.jpg,Non-default EXIF orientation: normalize image AND labels together before use.
error,invalid_image_or_label,train/images/20240211_153813_jpg.rf.xGYh7fOXRWttcEpJwdzr.jpg,Non-default EXIF orientation: normalize image AND labels together before use.
error,invalid_image_or_label,train/images/20240211_153905_jpg.rf.fJ5E6HWEvsq8dJrIc90N.jpg,Non-default EXIF orientation: normalize image AND labels together before use.
error,invalid_image_or_label,train/images/20240211_153907_jpg.rf.0Y3WWjTYsqHUEh4b4H0C.jpg,Non-default EXIF orientation: normalize image AND labels together before use.
error,invalid_image_or_label,train/images/20240211_154046_jpg.rf.Ajj1vu7u9I8VhaZvALIJ.jpg,Non-default EXIF orientation: normalize image AND labels together before use.
error,invalid_image_or_label,train/images/20240211_154059_jpg.rf.MW0VEeh9bAXeSXif1sKo.jpg,Non-default EXIF orientation: normalize image AND labels together before use.
error,invalid_image_or_label,train/images/20240211_154130_jpg.rf.kcTKrdUAXR8RxG4lBiMk.jpg,Non-default EXIF orientation: normalize image AND labels together before use.
error,invalid_image_or_label,train/images/20240211_154134_jpg.rf.Mnqr1JOT0IruBuLAmRQq.jpg,Non-default EXIF orientation: normalize image AND labels together before use.
error,invalid_image_or_label,train/images/20240211_154234_jpg.rf.iADt1F4mpXx5q1nEPMKo.jpg,Non-default EXIF orientation: normalize image AND labels together before use.
error,invalid_image_or_label,train/images/20240211_154256_jpg.rf.IAvkhEAFfPkJcKVXLaaw.jpg,Non-default EXIF orientation: normalize image AND labels together before use.
error,invalid_image_or_label,train/images/20240211_154423_jpg.rf.3sehtHvuginVhzm67cov.jpg,Non-default EXIF orientation: normalize image AND labels together before use.
error,invalid_image_or_label,train/images/20240211_154432_jpg.rf.daRIQ5wVWqH4rpUnAUdu.jpg,Non-default EXIF orientation: normalize image AND labels together before use.
error,invalid_image_or_label,train/images/20240211_154444_jpg.rf.LkADU5ZkhuAvxdSpBpFQ.jpg,Non-default EXIF orientation: normalize image AND labels together before use.
error,invalid_image_or_label,train/images/20240211_154447_jpg.rf.PbdjhbTzLgVf9hgTFyZm.jpg,Non-default EXIF orientation: normalize image AND labels together before use.
error,invalid_image_or_label,train/images/20240211_154502_jpg.rf.OrMRIMNq85gl2FX3jvJF.jpg,Non-default EXIF orientation: normalize image AND labels together before use.
error,invalid_image_or_label,train/images/20240211_154519_jpg.rf.bzIX4hFN22KNgR0WLWhv.jpg,Non-default EXIF orientation: normalize image AND labels together before use.
error,invalid_image_or_label,train/images/20240211_154535_jpg.rf.KNoUSWcJ6QPkYCK36OZ4.jpg,Non-default EXIF orientation: normalize image AND labels together before use.
error,invalid_image_or_label,train/images/20240211_154554_jpg.rf.gwGZtODaATtx8y9v90OV.jpg,Non-default EXIF orientation: normalize image AND labels together before use.
error,invalid_image_or_label,train/images/20240211_154707_jpg.rf.ymZ3SdSaaHtQQLcbSs3n.jpg,Non-default EXIF orientation: normalize image AND labels together before use.
error,invalid_image_or_label,train/images/20240211_154713_jpg.rf.Hj8Rz85ztUDXSUMRZtAY.jpg,Non-default EXIF orientation: normalize image AND labels together before use.
error,invalid_image_or_label,train/images/20240211_154742_jpg.rf.kWaxYPOOqrkmV8o3d4Co.jpg,Non-default EXIF orientation: normalize image AND labels together before use.
error,invalid_image_or_label,train/images/20240211_161423_jpg.rf.v5QUuIZAI5rrYSN3MK4H.jpg,Non-default EXIF orientation: normalize image AND labels together before use.
error,invalid_image_or_label,train/images/20240211_161718_jpg.rf.mAKGfxM8R0iqygqg7Oeg.jpg,Non-default EXIF orientation: normalize image AND labels together before use.
error,invalid_image_or_label,train/images/20240211_162119_jpg.rf.GjzDXR5TfmSJuUwhDgDd.jpg,Non-default EXIF orientation: normalize image AND labels together before use.
error,invalid_image_or_label,train/images/20240211_162204_jpg.rf.PTSbVBexq55yYbG7vFQt.jpg,Non-default EXIF orientation: normalize image AND labels together before use.
error,invalid_image_or_label,train/images/20240211_162211_jpg.rf.CMK1o0CMcbPxfyxvh4XN.jpg,Non-default EXIF orientation: normalize image AND labels together before use.
error,invalid_image_or_label,train/images/20240211_162333_jpg.rf.CrrVo68GsyjXLUWoEBJR.jpg,Non-default EXIF orientation: normalize image AND labels together before use.
error,invalid_image_or_label,train/images/20240211_162512_jpg.rf.oLD9ZgWFKJDsjQvJeQdr.jpg,Non-default EXIF orientation: normalize image AND labels together before use.
error,invalid_image_or_label,train/images/20240211_162529_jpg.rf.rDAFaAkQuMrz7rCiKZTR.jpg,Non-default EXIF orientation: normalize image AND labels together before use.
error,invalid_image_or_label,train/images/20240211_162535_jpg.rf.x75sATmzYy7sQw1JzmqM.jpg,Non-default EXIF orientation: normalize image AND labels together before use.
error,invalid_image_or_label,train/images/20240211_162552_jpg.rf.mWkw6MtJQdjdLakh60WE.jpg,Non-default EXIF orientation: normalize image AND labels together before use.
error,invalid_image_or_label,train/images/20240211_162557_jpg.rf.yS5N9pxbai6N1Q7Kv6Rp.jpg,Non-default EXIF orientation: normalize image AND labels together before use.
error,invalid_image_or_label,train/images/20240211_162601_jpg.rf.V1bhqTXz201PR8HFRtY5.jpg,Non-default EXIF orientation: normalize image AND labels together before use.
error,invalid_image_or_label,train/images/20240211_162628_jpg.rf.LnRJS1hBLSp2wLW0B3NT.jpg,Non-default EXIF orientation: normalize image AND labels together before use.
error,invalid_image_or_label,train/images/20240211_162641_jpg.rf.jH1CVxNzNr2lpEsuKgWl.jpg,Non-default EXIF orientation: normalize image AND labels together before use.
error,invalid_image_or_label,train/images/20240211_162642_jpg.rf.ss0J2gl7zyTdl9tGc6nT.jpg,Non-default EXIF orientation: normalize image AND labels together before use.
error,invalid_image_or_label,train/images/20240211_162718_jpg.rf.Xy79qYY1qsTtXzLw40hX.jpg,Non-default EXIF orientation: normalize image AND labels together before use.
error,invalid_image_or_label,train/images/20240211_162726_jpg.rf.E7YMyPvkXwIXfY45e6xP.jpg,Non-default EXIF orientation: normalize image AND labels together before use.
error,invalid_image_or_label,train/images/20240211_162727_jpg.rf.5BWOZRh3xaBtXlaLMbkv.jpg,Non-default EXIF orientation: normalize image AND labels together before use.
error,invalid_image_or_label,train/images/20240211_162824_jpg.rf.UztI0kFGQD89UdZAIlBb.jpg,Non-default EXIF orientation: normalize image AND labels together before use.
error,invalid_image_or_label,train/images/20240211_163016_jpg.rf.4NfWNxuwk3FOrO2YPV6Z.jpg,Non-default EXIF orientation: normalize image AND labels together before use.
error,invalid_image_or_label,train/images/20240211_164416_jpg.rf.4pNAFGx2vKvf5UroVE7F.jpg,Non-default EXIF orientation: normalize image AND labels together before use.
error,invalid_image_or_label,train/images/20240211_164419_jpg.rf.awDdKwQHYy4prJDtqNSQ.jpg,Non-default EXIF orientation: normalize image AND labels together before use.
error,invalid_image_or_label,train/images/20240211_164433_jpg.rf.K3I8lftjRY4sX5FNZx3T.jpg,Non-default EXIF orientation: normalize image AND labels together before use.
error,invalid_image_or_label,train/images/20240211_164434_jpg.rf.Vg5R2tbW1lbNGoHtK06K.jpg,Non-default EXIF orientation: normalize image AND labels together before use.
error,invalid_image_or_label,train/images/20240211_164444_jpg.rf.9jLKCFu2XuYbO8Dxivsa.jpg,Non-default EXIF orientation: normalize image AND labels together before use.
error,invalid_image_or_label,train/images/20240211_164549_jpg.rf.fQK0nHDXuMvRDjciDSKW.jpg,Non-default EXIF orientation: normalize image AND labels together before use.
error,invalid_image_or_label,train/images/20240211_164553_jpg.rf.cGKVJyVRx5ZUDuG1lzx9.jpg,Non-default EXIF orientation: normalize image AND labels together before use.
error,invalid_image_or_label,train/images/20240211_164608_jpg.rf.B0PpzsAnOi6cbgdfGOxN.jpg,Non-default EXIF orientation: normalize image AND labels together before use.
error,invalid_image_or_label,train/images/20240211_165748_jpg.rf.E6dTC6borxUKb8QAin1d.jpg,Non-default EXIF orientation: normalize image AND labels together before use.
error,invalid_image_or_label,train/images/20240211_165802_jpg.rf.HWc0BoVu9i8w4iwCile3.jpg,Non-default EXIF orientation: normalize image AND labels together before use.
error,invalid_image_or_label,train/images/20240211_165822_jpg.rf.GOqwTi6aXug4XII7H8SE.jpg,Non-default EXIF orientation: normalize image AND labels together before use.
error,invalid_image_or_label,train/images/20240211_170339_jpg.rf.IdQlNpO8lLf6bveY3zkL.jpg,Non-default EXIF orientation: normalize image AND labels together before use.
error,invalid_image_or_label,train/images/20240211_170349_jpg.rf.PKbHFFLV8Dcewr9GbIBn.jpg,Non-default EXIF orientation: normalize image AND labels together before use.
error,invalid_image_or_label,train/images/20240214_135723_jpg.rf.mZ0JnkVU0AJnDT208eGm.jpg,Non-default EXIF orientation: normalize image AND labels together before use.
error,invalid_image_or_label,train/images/20240214_135729_jpg.rf.2ztWwXbopQg3eWzZ6IBE.jpg,Non-default EXIF orientation: normalize image AND labels together before use.
error,invalid_image_or_label,train/images/20240214_135802_jpg.rf.ZVQdT9Hyu0vDxCyDIcg5.jpg,Non-default EXIF orientation: normalize image AND labels together before use.
error,invalid_image_or_label,train/images/20240214_135911_jpg.rf.RttsBKGldWMVQrU5utQz.jpg,"Line 2: coordinates must lie in [0, 1]."
error,invalid_image_or_label,train/images/20240214_140006_jpg.rf.w3Ud6mKNP8Mi8sTXG1ls.jpg,Non-default EXIF orientation: normalize image AND labels together before use.
error,invalid_image_or_label,train/images/20240214_141045_jpg.rf.gh7SxTcJlypOi9LOvvMZ.jpg,Non-default EXIF orientation: normalize image AND labels together before use.
error,invalid_image_or_label,train/images/20240214_142058_jpg.rf.VBUvunpI7WZbK5rpT7f3.jpg,Non-default EXIF orientation: normalize image AND labels together before use.
error,invalid_image_or_label,train/images/20240214_142104_jpg.rf.J3RoFBj4VgZBqxXuhiLZ.jpg,Non-default EXIF orientation: normalize image AND labels together before use.
error,invalid_image_or_label,train/images/20240214_142348_jpg.rf.UjY3RWhWOPc0v8MpFAjn.jpg,Non-default EXIF orientation: normalize image AND labels together before use.
error,invalid_image_or_label,train/images/20240214_145611_jpg.rf.Ql1Lgq7WZMX9XL8lxVgr.jpg,Non-default EXIF orientation: normalize image AND labels together before use.
error,invalid_image_or_label,train/images/20240214_145646_jpg.rf.eP9yBYvk0ot88VDL7L0G.jpg,Non-default EXIF orientation: normalize image AND labels together before use.
error,invalid_image_or_label,train/images/20240214_145653_jpg.rf.ezwRvAFaMKn6v7aSeUaT.jpg,Non-default EXIF orientation: normalize image AND labels together before use.
error,invalid_image_or_label,train/images/20240214_145918_jpg.rf.yHMUrDwUyG3DJgtfSpdV.jpg,Non-default EXIF orientation: normalize image AND labels together before use.
error,invalid_image_or_label,train/images/20240214_145955_jpg.rf.3u7tBUMuUhqQAMiiXfAF.jpg,Non-default EXIF orientation: normalize image AND labels together before use.
error,invalid_image_or_label,train/images/20240214_150021_jpg.rf.4U06M6kZWS7PTHWpgeqg.jpg,Non-default EXIF orientation: normalize image AND labels together before use.
error,invalid_image_or_label,train/images/20240214_150027_jpg.rf.NXr4ELRkRIJV24x28Y2A.jpg,Non-default EXIF orientation: normalize image AND labels together before use.
error,invalid_image_or_label,train/images/20240214_150031_jpg.rf.Kyta6ivt8CfZl1V2QQYz.jpg,Non-default EXIF orientation: normalize image AND labels together before use.
error,invalid_image_or_label,train/images/20240214_150041_jpg.rf.ZUTqRkyjLwOKkxcxNVar.jpg,Non-default EXIF orientation: normalize image AND labels together before use.
error,invalid_image_or_label,train/images/20240214_150043_jpg.rf.iksHDJAX3tq8yLgibEa4.jpg,Non-default EXIF orientation: normalize image AND labels together before use.
error,invalid_image_or_label,train/images/20240214_150105_jpg.rf.Lb0xnyKlezJOUuLbSPcL.jpg,Non-default EXIF orientation: normalize image AND labels together before use.
error,invalid_image_or_label,train/images/20240214_150110_jpg.rf.yulv43CHbAGSqZ2455tf.jpg,Non-default EXIF orientation: normalize image AND labels together before use.
error,invalid_image_or_label,train/images/20240214_150202_jpg.rf.SnA5se7zpvT7U6ySuAkG.jpg,Non-default EXIF orientation: normalize image AND labels together before use.
error,invalid_image_or_label,train/images/20240214_181856_jpg.rf.tCOPHFF8gJP74C08PlEM.jpg,Non-default EXIF orientation: normalize image AND labels together before use.
error,invalid_image_or_label,train/images/20240214_181909_jpg.rf.tU0BBcESWtiIQBGuPXC3.jpg,Non-default EXIF orientation: normalize image AND labels together before use.
error,invalid_image_or_label,train/images/20240214_181953_jpg.rf.NiEOzcNfAqFQBNGZDuBL.jpg,Non-default EXIF orientation: normalize image AND labels together before use.
error,invalid_image_or_label,train/images/20240214_182053_jpg.rf.e5NfTjdBEqwdGpAVVkeu.jpg,Non-default EXIF orientation: normalize image AND labels together before use.
error,invalid_image_or_label,train/images/20240214_182118_jpg.rf.32kJc4wqhBf7emCbeFtw.jpg,Non-default EXIF orientation: normalize image AND labels together before use.
error,invalid_image_or_label,train/images/20240214_182139_jpg.rf.ez5SuegNrTLJAn47BWXO.jpg,Non-default EXIF orientation: normalize image AND labels together before use.
error,invalid_image_or_label,train/images/20240214_182212_jpg.rf.hubvhv6hAOMG7So6juzN.jpg,Non-default EXIF orientation: normalize image AND labels together before use.
error,invalid_image_or_label,train/images/20240214_182553_jpg.rf.QiPEgQu2Ng4Mur8IXR66.jpg,Non-default EXIF orientation: normalize image AND labels together before use.
error,invalid_image_or_label,train/images/20240214_182556_jpg.rf.zl2qJwJOWP4qdBFp4SVE.jpg,Non-default EXIF orientation: normalize image AND labels together before use.
error,invalid_image_or_label,train/images/20240214_182930_jpg.rf.9CFKjscxzUyW1Kqg95ea.jpg,Non-default EXIF orientation: normalize image AND labels together before use.
error,invalid_image_or_label,train/images/20240214_183113_jpg.rf.zA4zxdIHScSAljzGcoEQ.jpg,Non-default EXIF orientation: normalize image AND labels together before use.
error,invalid_image_or_label,train/images/20240214_183130_jpg.rf.S0dGDjhMfminNrwHe0na.jpg,Non-default EXIF orientation: normalize image AND labels together before use.
error,invalid_image_or_label,train/images/20240214_183316_jpg.rf.e9X8UWdUBIBYeMvRbOGU.jpg,Non-default EXIF orientation: normalize image AND labels together before use.
error,invalid_image_or_label,train/images/20240214_183349_jpg.rf.taA0Vh4S2WolFQaIHJ0n.jpg,Non-default EXIF orientation: normalize image AND labels together before use.
error,invalid_image_or_label,train/images/20240214_183408_jpg.rf.hoXRZtlXfIRb8vc4fcsX.jpg,Non-default EXIF orientation: normalize image AND labels together before use.
error,invalid_image_or_label,train/images/20240214_183639_jpg.rf.58GuYcOC8Dw6aK9GL4PM.jpg,Non-default EXIF orientation: normalize image AND labels together before use.
error,invalid_image_or_label,train/images/20240214_183704_jpg.rf.UhurWpOKSYM3vlP7NgJS.jpg,Non-default EXIF orientation: normalize image AND labels together before use.
error,invalid_image_or_label,train/images/20240214_184256_jpg.rf.ypGzwo3HGvygsKUIjOJd.jpg,Non-default EXIF orientation: normalize image AND labels together before use.
error,invalid_image_or_label,train/images/20240214_190032_jpg.rf.3V5FD83PKhBLRLH3gojv.jpg,Non-default EXIF orientation: normalize image AND labels together before use.
error,invalid_image_or_label,train/images/20240214_190147_jpg.rf.MUniU8mnP96jiNuMfadJ.jpg,Non-default EXIF orientation: normalize image AND labels together before use.
error,invalid_image_or_label,train/images/20240214_190156_jpg.rf.NH6QhudwO8mkdzoRcCIY.jpg,Non-default EXIF orientation: normalize image AND labels together before use.
error,invalid_image_or_label,train/images/20240214_190248_jpg.rf.u1nbsgDT964fHSAdK4U1.jpg,Non-default EXIF orientation: normalize image AND labels together before use.
error,invalid_image_or_label,train/images/20240214_190452_jpg.rf.WAOGrxHF1mMLaZD4Mpr7.jpg,Non-default EXIF orientation: normalize image AND labels together before use.
error,invalid_image_or_label,train/images/20240214_190510_jpg.rf.ysmlKiYV9C56d4n6Xfwj.jpg,Non-default EXIF orientation: normalize image AND labels together before use.
error,invalid_image_or_label,train/images/20240214_190550_jpg.rf.v0ZfGm0Nq7Ae5iQzJ7XZ.jpg,Non-default EXIF orientation: normalize image AND labels together before use.
error,invalid_image_or_label,train/images/20240214_190553_jpg.rf.D2ruDsu3NEs55IJjdQZ2.jpg,Non-default EXIF orientation: normalize image AND labels together before use.
error,invalid_image_or_label,train/images/20240214_190601_jpg.rf.ciGeHys92BS9Q7ybmwvq.jpg,Non-default EXIF orientation: normalize image AND labels together before use.
error,invalid_image_or_label,train/images/20240214_190706_jpg.rf.YziwOqAoJqzW9DaVLdXc.jpg,Non-default EXIF orientation: normalize image AND labels together before use.
error,invalid_image_or_label,train/images/20240214_190808_jpg.rf.qzSkP1MgWYCBitwnZ4eY.jpg,Non-default EXIF orientation: normalize image AND labels together before use.
error,invalid_image_or_label,train/images/20240214_190910_jpg.rf.HWcvrfH0X9QfaaA17Hb8.jpg,Non-default EXIF orientation: normalize image AND labels together before use.
error,invalid_image_or_label,train/images/20240214_190943_jpg.rf.4FjKwpViTqNW6s7yDY7W.jpg,Non-default EXIF orientation: normalize image AND labels together before use.
error,invalid_image_or_label,train/images/20240214_191527_jpg.rf.fi38kDUnruI8MXUNTK6Z.jpg,Non-default EXIF orientation: normalize image AND labels together before use.
error,invalid_image_or_label,train/images/20240214_191809_jpg.rf.4ZldgjGDwxmXnG8gQDyv.jpg,Non-default EXIF orientation: normalize image AND labels together before use.
error,invalid_image_or_label,train/images/20240214_191823_jpg.rf.NLMfSWs3HfHW92Vsfc4H.jpg,Non-default EXIF orientation: normalize image AND labels together before use.
error,invalid_image_or_label,train/images/20240214_191836_jpg.rf.kTrSQQ31xO3vLmHE08Wn.jpg,Non-default EXIF orientation: normalize image AND labels together before use.
error,invalid_image_or_label,train/images/20240214_191954_jpg.rf.URowp5p9tqOGMDGT0rlt.jpg,Non-default EXIF orientation: normalize image AND labels together before use.
error,invalid_image_or_label,train/images/20240214_192021_jpg.rf.q7ovNM6lFrUjGQyqHqFA.jpg,Non-default EXIF orientation: normalize image AND labels together before use.
error,invalid_image_or_label,train/images/20240214_192042_jpg.rf.5dak82L4HovOZSKT9Iuc.jpg,Non-default EXIF orientation: normalize image AND labels together before use.
error,invalid_image_or_label,train/images/20240214_204947_jpg.rf.DPXPFQcAFjc8Zw2jGHzM.jpg,Non-default EXIF orientation: normalize image AND labels together before use.
error,invalid_image_or_label,train/images/20240214_205049_jpg.rf.bi7Tz0zL2czxJpUi4sgj.jpg,Non-default EXIF orientation: normalize image AND labels together before use.
error,invalid_image_or_label,train/images/20240214_205059_jpg.rf.v52h4ARAUW813kxCKwuT.jpg,Non-default EXIF orientation: normalize image AND labels together before use.
error,invalid_image_or_label,train/images/20240214_205142_jpg.rf.JimKfMJTrmWSSRnOxF8w.jpg,Non-default EXIF orientation: normalize image AND labels together before use.
error,invalid_image_or_label,train/images/20240214_205346_jpg.rf.q0GOTpmYHMgJM4oWxxa6.jpg,Non-default EXIF orientation: normalize image AND labels together before use.
error,invalid_image_or_label,train/images/20240214_205529_jpg.rf.6R5kC5iIup0acjwjpYAI.jpg,Non-default EXIF orientation: normalize image AND labels together before use.
error,invalid_image_or_label,train/images/20240214_205547_jpg.rf.JlMiXlBvPvj00EzwYIvq.jpg,Non-default EXIF orientation: normalize image AND labels together before use.
error,invalid_image_or_label,train/images/20240214_205625_jpg.rf.eXZvqno3Jv7oktmjuhnA.jpg,Non-default EXIF orientation: normalize image AND labels together before use.
error,invalid_image_or_label,train/images/20240214_205720_jpg.rf.IbbqMuKQ2xJui8xGn0If.jpg,Non-default EXIF orientation: normalize image AND labels together before use.
error,invalid_image_or_label,train/images/20240214_205754_jpg.rf.rIdwBsBVENKLmW1hNhUs.jpg,Non-default EXIF orientation: normalize image AND labels together before use.
error,invalid_image_or_label,train/images/20240214_210027_jpg.rf.wYGJjqWmuqmkbz79nZvS.jpg,Non-default EXIF orientation: normalize image AND labels together before use.
error,invalid_image_or_label,train/images/20240214_210049_jpg.rf.K2o2Uxetqmzk6Rrw7ir9.jpg,Non-default EXIF orientation: normalize image AND labels together before use.
error,invalid_image_or_label,train/images/20240214_210102_jpg.rf.vSVLvIZxad0q7p1uruvb.jpg,Non-default EXIF orientation: normalize image AND labels together before use.
error,invalid_image_or_label,train/images/20240214_210130_jpg.rf.AZgP6v59CqFip6sxcS0J.jpg,Non-default EXIF orientation: normalize image AND labels together before use.
error,invalid_image_or_label,train/images/20240214_210310_jpg.rf.lU1rasYpkyuGZ0ygwm37.jpg,Non-default EXIF orientation: normalize image AND labels together before use.
error,invalid_image_or_label,train/images/20240214_210327_jpg.rf.vYe6tYDxq3sRDHzCBWia.jpg,Non-default EXIF orientation: normalize image AND labels together before use.
error,invalid_image_or_label,train/images/20240214_210615_jpg.rf.GMuzRhzn6f5eEkHwbEbO.jpg,Non-default EXIF orientation: normalize image AND labels together before use.
error,invalid_image_or_label,train/images/20240214_210633_jpg.rf.IQxQIf5mi5AIEFQhQJKF.jpg,Non-default EXIF orientation: normalize image AND labels together before use.
error,invalid_image_or_label,train/images/20240214_210736_jpg.rf.B87jUIBHrAogAnfc9VGn.jpg,Non-default EXIF orientation: normalize image AND labels together before use.
error,invalid_image_or_label,train/images/20240214_210757_jpg.rf.zfVrruCr3IpRaP8bhzZZ.jpg,Non-default EXIF orientation: normalize image AND labels together before use.
error,invalid_image_or_label,train/images/20240214_210954_jpg.rf.X1c40yP20X5flT8NETBK.jpg,Non-default EXIF orientation: normalize image AND labels together before use.
error,invalid_image_or_label,train/images/20240214_211101_jpg.rf.JmI9jNDL8qZaYG6y7mpx.jpg,Non-default EXIF orientation: normalize image AND labels together before use.
error,invalid_image_or_label,train/images/20240214_211136_jpg.rf.ixvIzk7mDTDwRdj4FpCZ.jpg,Non-default EXIF orientation: normalize image AND labels together before use.
error,invalid_image_or_label,train/images/20240214_211407_jpg.rf.5e3cKmsm2RWKcRQnuRIh.jpg,Non-default EXIF orientation: normalize image AND labels together before use.
error,invalid_image_or_label,train/images/20240214_211429_jpg.rf.D1u9LZamfM6cZqx15f45.jpg,Non-default EXIF orientation: normalize image AND labels together before use.
error,invalid_image_or_label,train/images/20240214_211457_jpg.rf.tCto9h6j6YZJUpcLw9g8.jpg,Non-default EXIF orientation: normalize image AND labels together before use.
error,invalid_image_or_label,train/images/20240214_211511_jpg.rf.MCwJjivrqR3yF3smZBlK.jpg,Non-default EXIF orientation: normalize image AND labels together before use.
error,invalid_image_or_label,train/images/20240214_211554_jpg.rf.YXrAfQhXxtEGrApplpIk.jpg,Non-default EXIF orientation: normalize image AND labels together before use.
error,invalid_image_or_label,train/images/20240214_211650_jpg.rf.sWGfKpTqP93jKfUZeN50.jpg,Non-default EXIF orientation: normalize image AND labels together before use.
error,invalid_image_or_label,train/images/20240214_211914_jpg.rf.V3Iwa8vVh9kRBUJUKUcr.jpg,Non-default EXIF orientation: normalize image AND labels together before use.
error,invalid_image_or_label,train/images/20240214_211932_jpg.rf.ZpdpQ010m46TuTgTkP7R.jpg,Non-default EXIF orientation: normalize image AND labels together before use.
error,invalid_image_or_label,train/images/20240214_211947_jpg.rf.SighcViWS1aTpCNN8xRV.jpg,Non-default EXIF orientation: normalize image AND labels together before use.
error,invalid_image_or_label,train/images/20240214_212022_jpg.rf.8pFBCOIwtvlQyrS5Rtqp.jpg,Non-default EXIF orientation: normalize image AND labels together before use.
error,invalid_image_or_label,train/images/20240214_212036_jpg.rf.Yzyd7VMdsmx2pOmt6TKH.jpg,Non-default EXIF orientation: normalize image AND labels together before use.
error,invalid_image_or_label,train/images/20240214_212216_jpg.rf.NuhplXTTqKQUzm34yfJ7.jpg,Non-default EXIF orientation: normalize image AND labels together before use.
error,invalid_image_or_label,train/images/20240214_212217_jpg.rf.0fO881EW3Ia5YfIUOPYr.jpg,Non-default EXIF orientation: normalize image AND labels together before use.
error,invalid_image_or_label,train/images/20240214_212255_jpg.rf.OEvQpvkX0rdPUSt6LFzy.jpg,Non-default EXIF orientation: normalize image AND labels together before use.
error,invalid_image_or_label,train/images/20240214_212321_jpg.rf.7VGIA8PxndU0SeTLuYT0.jpg,Non-default EXIF orientation: normalize image AND labels together before use.
error,invalid_image_or_label,train/images/20240214_212327_jpg.rf.XT7c8Uw0tFhEPIlZvFP8.jpg,Non-default EXIF orientation: normalize image AND labels together before use.
error,invalid_image_or_label,train/images/20240214_212337_jpg.rf.NRva5x0yGts3TeBa98xN.jpg,Non-default EXIF orientation: normalize image AND labels together before use.
error,invalid_image_or_label,train/images/20240214_212418_jpg.rf.KdTXR6xuARECnyMSztsX.jpg,Non-default EXIF orientation: normalize image AND labels together before use.
error,invalid_image_or_label,train/images/20240214_212515_jpg.rf.DxeSOa4DsAmPTXTgDP1g.jpg,Non-default EXIF orientation: normalize image AND labels together before use.
error,invalid_image_or_label,train/images/20240214_212617_jpg.rf.nyVoIjZRVGBDG5kkksI4.jpg,Non-default EXIF orientation: normalize image AND labels together before use.
error,invalid_image_or_label,train/images/20240214_212640_jpg.rf.506UVCzbUAhAVjmBAxv5.jpg,Non-default EXIF orientation: normalize image AND labels together before use.
error,invalid_image_or_label,train/images/20240214_212651_jpg.rf.Ch5DoPyiCYriuJkdpDb3.jpg,Non-default EXIF orientation: normalize image AND labels together before use.
error,invalid_image_or_label,train/images/20240214_212654_jpg.rf.V6KG6RTenU1JBosgKuV2.jpg,Non-default EXIF orientation: normalize image AND labels together before use.
error,invalid_image_or_label,train/images/20240214_212714_jpg.rf.rVV4KAneCMgkszXzvVVt.jpg,Non-default EXIF orientation: normalize image AND labels together before use.
error,invalid_image_or_label,train/images/20240214_212757_jpg.rf.NEN13B2Zyh3MGI5VNjww.jpg,Non-default EXIF orientation: normalize image AND labels together before use.
error,invalid_image_or_label,train/images/20240214_212814_jpg.rf.5kF1DZO4YTMuyIN6S3lt.jpg,Non-default EXIF orientation: normalize image AND labels together before use.
error,invalid_image_or_label,train/images/20240214_212841_jpg.rf.XzDImcgoxeJCUHefIuX2.jpg,Non-default EXIF orientation: normalize image AND labels together before use.
error,invalid_image_or_label,train/images/20240214_212845_jpg.rf.6qelIGtD7jzWy8M7lK15.jpg,Non-default EXIF orientation: normalize image AND labels together before use.
error,invalid_image_or_label,train/images/20240214_212903_jpg.rf.FVjHfIJAHql8XVKEFfUt.jpg,Non-default EXIF orientation: normalize image AND labels together before use.
error,invalid_image_or_label,train/images/20240214_212938_jpg.rf.I46VqFY1jNiet1ylStOp.jpg,Non-default EXIF orientation: normalize image AND labels together before use.
error,invalid_image_or_label,train/images/20240214_212944_jpg.rf.qvQFG6FnqlFaB79tQYyN.jpg,Non-default EXIF orientation: normalize image AND labels together before use.
error,invalid_image_or_label,train/images/20240214_212947_jpg.rf.vlSWmFjJ016BHffw2oZ0.jpg,Non-default EXIF orientation: normalize image AND labels together before use.
error,invalid_image_or_label,train/images/20240214_213309_jpg.rf.UBiekR1S0RHtXFDToMWq.jpg,Non-default EXIF orientation: normalize image AND labels together before use.
error,invalid_image_or_label,train/images/20240214_213339_jpg.rf.jxAxmhj2RCD7TZvqL8xf.jpg,Non-default EXIF orientation: normalize image AND labels together before use.
error,invalid_image_or_label,train/images/20240214_213358_jpg.rf.yJ6sUNPMJYkxhf3zaaoA.jpg,Non-default EXIF orientation: normalize image AND labels together before use.
error,invalid_image_or_label,train/images/20240214_213544_jpg.rf.VU1U0aH0YpUGwt9u3qja.jpg,Non-default EXIF orientation: normalize image AND labels together before use.
error,invalid_image_or_label,train/images/20240214_213621_jpg.rf.WsEZb6YuWsk3KxCw3qHs.jpg,Non-default EXIF orientation: normalize image AND labels together before use.
error,invalid_image_or_label,train/images/20240214_213816_jpg.rf.5fq1kF0TDfrtUFQx3mPo.jpg,Non-default EXIF orientation: normalize image AND labels together before use.
error,invalid_image_or_label,train/images/20240214_213821_jpg.rf.wy2jeQOvMvn3IkYzooJE.jpg,Non-default EXIF orientation: normalize image AND labels together before use.
error,invalid_image_or_label,train/images/20240214_213900_jpg.rf.FVd2DMqGrdgeDIaAovty.jpg,Non-default EXIF orientation: normalize image AND labels together before use.
error,invalid_image_or_label,train/images/20240214_214016_jpg.rf.IwMaKzqfecWj3cbaOmaK.jpg,Non-default EXIF orientation: normalize image AND labels together before use.
error,invalid_image_or_label,train/images/20240214_214059_jpg.rf.drVSlxGRiaUQft5QOewm.jpg,Non-default EXIF orientation: normalize image AND labels together before use.
error,invalid_image_or_label,train/images/20240214_214105_jpg.rf.gDTiVWO0S7UhySUWSldj.jpg,Non-default EXIF orientation: normalize image AND labels together before use.
error,invalid_image_or_label,train/images/20240214_214221_jpg.rf.EsGWIq6zIzk3AQVGfPIl.jpg,Non-default EXIF orientation: normalize image AND labels together before use.
error,invalid_image_or_label,train/images/20240214_214235_jpg.rf.KrleYIKQrydB0lqZ0urU.jpg,Non-default EXIF orientation: normalize image AND labels together before use.
error,invalid_image_or_label,train/images/20240214_214240_jpg.rf.eoSA3LJ93jiC0ea9tcem.jpg,Non-default EXIF orientation: normalize image AND labels together before use.
error,invalid_image_or_label,train/images/20240214_214253_jpg.rf.NN9fHJhsMqi2TDe7FQGD.jpg,Non-default EXIF orientation: normalize image AND labels together before use.
error,invalid_image_or_label,train/images/20240214_214301_jpg.rf.TG3uGxkVpScNMKmKpHEV.jpg,Non-default EXIF orientation: normalize image AND labels together before use.
error,invalid_image_or_label,train/images/20240214_214327_jpg.rf.NxNldqHWINOWyUnzYTmm.jpg,Non-default EXIF orientation: normalize image AND labels together before use.
error,invalid_image_or_label,train/images/20240214_214349_jpg.rf.qlYTZ5eKtXE1C0DCdmiy.jpg,Non-default EXIF orientation: normalize image AND labels together before use.
error,invalid_image_or_label,train/images/20240214_214400_jpg.rf.wYqXcG0N7dt4rMQhXLJg.jpg,Non-default EXIF orientation: normalize image AND labels together before use.
error,invalid_image_or_label,train/images/20240214_214409_jpg.rf.6ZH0u3sULW4uQTjnp82d.jpg,Non-default EXIF orientation: normalize image AND labels together before use.
error,invalid_image_or_label,train/images/20240214_214417_jpg.rf.00gJfS1wZwyMHbdYXOWs.jpg,Non-default EXIF orientation: normalize image AND labels together before use.
error,invalid_image_or_label,train/images/20240214_214444_jpg.rf.HQpKJBscMXTMVrFEd5b0.jpg,Non-default EXIF orientation: normalize image AND labels together before use.
error,invalid_image_or_label,train/images/20240214_214524_jpg.rf.GSykvwsOzKHesh1R7s5N.jpg,Non-default EXIF orientation: normalize image AND labels together before use.
error,invalid_image_or_label,train/images/20240214_214528_jpg.rf.NNAXGNLbwGQp8sa4GE7v.jpg,Non-default EXIF orientation: normalize image AND labels together before use.
error,invalid_image_or_label,train/images/20240214_214537_jpg.rf.S7lsByoTPBwWMCQCAZWm.jpg,Non-default EXIF orientation: normalize image AND labels together before use.
error,invalid_image_or_label,train/images/20240214_214609_jpg.rf.u1zoQ70238JgCm89jXkB.jpg,Non-default EXIF orientation: normalize image AND labels together before use.
error,invalid_image_or_label,train/images/20240214_214626_jpg.rf.jweMvz8wvGdjPwgsRxWg.jpg,Non-default EXIF orientation: normalize image AND labels together before use.
error,invalid_image_or_label,train/images/20240214_214738_jpg.rf.m1T6OjebsnqrCKG994Bm.jpg,Non-default EXIF orientation: normalize image AND labels together before use.
error,invalid_image_or_label,train/images/20240214_214744_jpg.rf.8brvIHn5l9AGGx4APQfx.jpg,Non-default EXIF orientation: normalize image AND labels together before use.
error,invalid_image_or_label,train/images/20240214_214756_jpg.rf.CBtrQptihJr3ih2WRiID.jpg,Non-default EXIF orientation: normalize image AND labels together before use.
error,invalid_image_or_label,train/images/20240214_214804_jpg.rf.GpVIEznbOpvW6eaCdKw0.jpg,Non-default EXIF orientation: normalize image AND labels together before use.
error,invalid_image_or_label,train/images/20240214_214819_jpg.rf.njqcs7UXnI6N0vPpLT6R.jpg,Non-default EXIF orientation: normalize image AND labels together before use.
error,invalid_image_or_label,train/images/20240214_215031_jpg.rf.f3kOjAcc1a1OvSuRK2YE.jpg,Non-default EXIF orientation: normalize image AND labels together before use.
error,invalid_image_or_label,train/images/20240214_215316_jpg.rf.7KWK49rSoDEYiMXML8hV.jpg,Non-default EXIF orientation: normalize image AND labels together before use.
error,invalid_image_or_label,train/images/20240214_215328_jpg.rf.u46S2TfySEXY7fIDH2sv.jpg,Non-default EXIF orientation: normalize image AND labels together before use.
error,invalid_image_or_label,train/images/20240214_215436_jpg.rf.dXDTvGUM4Hj6UDx0pl1c.jpg,Non-default EXIF orientation: normalize image AND labels together before use.
error,invalid_image_or_label,train/images/20240214_215505_jpg.rf.plzASjziv84Pua8N5Y5w.jpg,Non-default EXIF orientation: normalize image AND labels together before use.
error,invalid_image_or_label,train/images/20240214_215522_jpg.rf.4aZWWxSnjnqb5euOJe8x.jpg,Non-default EXIF orientation: normalize image AND labels together before use.
error,invalid_image_or_label,train/images/20240214_215811_jpg.rf.OQ8LIcwlbN7gT8EFLANn.jpg,Non-default EXIF orientation: normalize image AND labels together before use.
error,invalid_image_or_label,train/images/20240214_215819_jpg.rf.35koEIucMlT6ZrTmOr24.jpg,Non-default EXIF orientation: normalize image AND labels together before use.
error,invalid_image_or_label,train/images/20240214_215912_jpg.rf.zkp6YoyVru6csV720RAD.jpg,Non-default EXIF orientation: normalize image AND labels together before use.
error,invalid_image_or_label,train/images/20240214_215939_jpg.rf.5QaYEeMoqeVNp2W6Pyo5.jpg,Non-default EXIF orientation: normalize image AND labels together before use.
error,invalid_image_or_label,train/images/20240214_215944_jpg.rf.MIrKrFkRHC1R7i2nw755.jpg,Non-default EXIF orientation: normalize image AND labels together before use.
error,invalid_image_or_label,train/images/20240214_220006_jpg.rf.rtLeUmCsuCu8zkYsIZTk.jpg,Non-default EXIF orientation: normalize image AND labels together before use.
error,invalid_image_or_label,train/images/20240214_220015_jpg.rf.eBCB1xfp0kC5ugqBrFcd.jpg,Non-default EXIF orientation: normalize image AND labels together before use.
error,invalid_image_or_label,train/images/20240214_220020_jpg.rf.TA41rwjbB1n0U2Q6f91J.jpg,Non-default EXIF orientation: normalize image AND labels together before use.
error,invalid_image_or_label,train/images/20240214_220307_jpg.rf.7VresQomHwb5Ubis75Ve.jpg,Non-default EXIF orientation: normalize image AND labels together before use.
error,invalid_image_or_label,train/images/20240214_220328_jpg.rf.yctRvOSqs45V3hI0W6fb.jpg,Non-default EXIF orientation: normalize image AND labels together before use.
error,invalid_image_or_label,train/images/20240214_220949_jpg.rf.iFkHn9ndgW05hMhsl80x.jpg,Non-default EXIF orientation: normalize image AND labels together before use.
error,invalid_image_or_label,train/images/20240214_225311_jpg.rf.Y1A7bY6tW5tOUVTtr3hd.jpg,Non-default EXIF orientation: normalize image AND labels together before use.
error,invalid_image_or_label,train/images/20240214_225448_jpg.rf.cKpMRaTNSpTMwd2XB6AS.jpg,Non-default EXIF orientation: normalize image AND labels together before use.
error,invalid_image_or_label,train/images/20240214_225555_jpg.rf.r2RRHCvUbJ0St3kdv3pj.jpg,Non-default EXIF orientation: normalize image AND labels together before use.
error,invalid_image_or_label,train/images/20240216_140538_jpg.rf.it3qi8bx7NZtJWWxlbnr.jpg,Non-default EXIF orientation: normalize image AND labels together before use.
error,invalid_image_or_label,train/images/20240216_143435_jpg.rf.2tiV3ULfLGD0So3XmODJ.jpg,Non-default EXIF orientation: normalize image AND labels together before use.
error,invalid_image_or_label,train/images/20240216_143450_jpg.rf.BfreUaeWEjhF2HbVh0xF.jpg,Non-default EXIF orientation: normalize image AND labels together before use.
error,invalid_image_or_label,train/images/20240216_143452_jpg.rf.DS7S9UEzIwvRAWQzwLtS.jpg,Non-default EXIF orientation: normalize image AND labels together before use.
error,invalid_image_or_label,train/images/20240216_143455_jpg.rf.kVjorU9k9AupIm6QXcbV.jpg,Non-default EXIF orientation: normalize image AND labels together before use.
error,invalid_image_or_label,train/images/20240216_143624_jpg.rf.wJTKDSBw556ZPI9Okdaq.jpg,Non-default EXIF orientation: normalize image AND labels together before use.
error,invalid_image_or_label,train/images/20240216_143709_jpg.rf.Us8EgxFIMr5uHtuHkkv4.jpg,Non-default EXIF orientation: normalize image AND labels together before use.
error,invalid_image_or_label,train/images/20240216_143931_jpg.rf.a6h2mIRVkQl7BSYh3T09.jpg,Non-default EXIF orientation: normalize image AND labels together before use.
error,invalid_image_or_label,train/images/20240216_151628_jpg.rf.dzlto8enHGGhciKl61eq.jpg,Non-default EXIF orientation: normalize image AND labels together before use.
error,invalid_image_or_label,train/images/20240216_151857_jpg.rf.Vwkoa2a77VVIjC9s0kRS.jpg,Non-default EXIF orientation: normalize image AND labels together before use.
error,invalid_image_or_label,train/images/20240216_151858_jpg.rf.1AXqEQCPkJkdUHlwYyli.jpg,Non-default EXIF orientation: normalize image AND labels together before use.
error,invalid_image_or_label,train/images/20240216_152018_jpg.rf.dKYN5zVmQrcHajkYWJHq.jpg,Non-default EXIF orientation: normalize image AND labels together before use.
error,invalid_image_or_label,train/images/20240216_152023_jpg.rf.uykhzOvLCdDJo5lUOHzh.jpg,Non-default EXIF orientation: normalize image AND labels together before use.
error,invalid_image_or_label,train/images/20240216_152151_jpg.rf.El2vPdWhHDWVemR1uIaO.jpg,Non-default EXIF orientation: normalize image AND labels together before use.
error,invalid_image_or_label,train/images/20240216_152202_jpg.rf.WyvXssELBRcwtARUCXHg.jpg,Non-default EXIF orientation: normalize image AND labels together before use.
error,invalid_image_or_label,train/images/20240216_152256_jpg.rf.V605TXRcpheyUe1G5CUL.jpg,Non-default EXIF orientation: normalize image AND labels together before use.
error,invalid_image_or_label,train/images/20240216_152304_jpg.rf.nuP7EGGCJF4vNAbYt0rg.jpg,Non-default EXIF orientation: normalize image AND labels together before use.
error,invalid_image_or_label,train/images/20240216_152349_jpg.rf.7ETs9evXZokhYDRISevU.jpg,Non-default EXIF orientation: normalize image AND labels together before use.
error,invalid_image_or_label,train/images/20240216_152403_jpg.rf.SNmitl023ARjL0AwYsz3.jpg,Non-default EXIF orientation: normalize image AND labels together before use.
error,invalid_image_or_label,train/images/20240216_155653_jpg.rf.xbOd287Yeszv2ROJrmqj.jpg,Non-default EXIF orientation: normalize image AND labels together before use.
error,invalid_image_or_label,train/images/20240216_160554_jpg.rf.7KNXHAzhcbTpFQu7l2kK.jpg,Non-default EXIF orientation: normalize image AND labels together before use.
error,invalid_image_or_label,train/images/20240216_161238_jpg.rf.0tpqLB8lzBIYPfwfF4vv.jpg,Non-default EXIF orientation: normalize image AND labels together before use.
error,invalid_image_or_label,train/images/20240216_164257_jpg.rf.c56QvFOn52OQ8mAPiK0T.jpg,Non-default EXIF orientation: normalize image AND labels together before use.
error,invalid_image_or_label,train/images/20240216_164430_jpg.rf.Po1IOaJgm3YjcJqAuqXp.jpg,Non-default EXIF orientation: normalize image AND labels together before use.
error,invalid_image_or_label,train/images/20240216_164821_jpg.rf.XTU22xQW2QeqUj6tYEHk.jpg,Non-default EXIF orientation: normalize image AND labels together before use.
error,invalid_image_or_label,train/images/20240216_164822_jpg.rf.D6Fr9NZ8ZcicuPZRAbgx.jpg,Non-default EXIF orientation: normalize image AND labels together before use.
error,invalid_image_or_label,train/images/20240216_164920_jpg.rf.909iOdJCz6nI0Lj15oko.jpg,Non-default EXIF orientation: normalize image AND labels together before use.
error,invalid_image_or_label,train/images/20240216_165525_jpg.rf.0nIhyebdTC8HgT9KE8U6.jpg,Non-default EXIF orientation: normalize image AND labels together before use.
error,invalid_image_or_label,train/images/20240216_170544_jpg.rf.5xHLiXt3MD1ZEkwcOrJd.jpg,Non-default EXIF orientation: normalize image AND labels together before use.
error,invalid_image_or_label,train/images/20240216_170604_jpg.rf.1Kvnr81HhO3zQ0zW8k83.jpg,Non-default EXIF orientation: normalize image AND labels together before use.
error,invalid_image_or_label,train/images/20240216_170639_jpg.rf.lIhAXs9IrjnCMSydYvqy.jpg,Non-default EXIF orientation: normalize image AND labels together before use.
error,invalid_image_or_label,train/images/20240216_171415_jpg.rf.k02oHPwfC6Xgcb9qOWoY.jpg,Non-default EXIF orientation: normalize image AND labels together before use.
error,invalid_image_or_label,train/images/20240216_171456_jpg.rf.pttw1GTHdpe5eTDlNONZ.jpg,Non-default EXIF orientation: normalize image AND labels together before use.
error,invalid_image_or_label,train/images/20240216_171817_jpg.rf.eDiGUvF19BAncpwdd3SR.jpg,Non-default EXIF orientation: normalize image AND labels together before use.
error,invalid_image_or_label,train/images/20240216_201920_jpg.rf.4epmCMZ93rYTGzoLW1F9.jpg,Non-default EXIF orientation: normalize image AND labels together before use.
error,invalid_image_or_label,train/images/20240216_202005_jpg.rf.IjzfOQ8fFBARFwxc4AEP.jpg,Non-default EXIF orientation: normalize image AND labels together before use.
error,invalid_image_or_label,train/images/20240216_202035_jpg.rf.vWi5w5sQNfF7WPlLYfEA.jpg,Non-default EXIF orientation: normalize image AND labels together before use.
error,invalid_image_or_label,train/images/20240216_202125_jpg.rf.ZxGiYoB9SaLpo9A3AyJN.jpg,Non-default EXIF orientation: normalize image AND labels together before use.
error,invalid_image_or_label,train/images/20240216_202156_jpg.rf.XWMZ8KJQM4fLkiYyR3H7.jpg,Non-default EXIF orientation: normalize image AND labels together before use.
error,invalid_image_or_label,train/images/20240216_202418_jpg.rf.Bic8krVkGp5GW8EYrqlz.jpg,Non-default EXIF orientation: normalize image AND labels together before use.
error,invalid_image_or_label,train/images/20240216_202536_jpg.rf.dZi7Roj1wEWBdP44Ug8F.jpg,Non-default EXIF orientation: normalize image AND labels together before use.
error,invalid_image_or_label,train/images/20240216_202834_jpg.rf.UP2mLWWzCvJexKeNaFMQ.jpg,Non-default EXIF orientation: normalize image AND labels together before use.
error,invalid_image_or_label,train/images/20240216_202846_jpg.rf.N4zoYieqmV7QGHWczjoz.jpg,Non-default EXIF orientation: normalize image AND labels together before use.
error,invalid_image_or_label,train/images/20240216_202849_jpg.rf.BD1G1RjPC9teHh2rlqS7.jpg,Non-default EXIF orientation: normalize image AND labels together before use.
error,invalid_image_or_label,train/images/20240216_202853_jpg.rf.twRxt3A1UNRAQFkBbMbI.jpg,Non-default EXIF orientation: normalize image AND labels together before use.
error,invalid_image_or_label,train/images/20240216_202855_jpg.rf.yyHn0HayLY7iEjdT4CW3.jpg,Non-default EXIF orientation: normalize image AND labels together before use.
error,invalid_image_or_label,train/images/20240216_202859_jpg.rf.I0BuIS3vjkXnnaw5iwOr.jpg,Non-default EXIF orientation: normalize image AND labels together before use.
error,invalid_image_or_label,train/images/20240216_203219_jpg.rf.uACDiGoeGgh8jeoPpHig.jpg,Non-default EXIF orientation: normalize image AND labels together before use.
error,invalid_image_or_label,train/images/20240216_203343_jpg.rf.pmNNHxBG8409M71HbUqy.jpg,Non-default EXIF orientation: normalize image AND labels together before use.
error,invalid_image_or_label,train/images/20240216_205348_jpg.rf.vD8k9TgeF11ZjM50zoRh.jpg,Non-default EXIF orientation: normalize image AND labels together before use.
error,invalid_image_or_label,train/images/20240216_205354_jpg.rf.m7iPf3duDoEvsWToBKTh.jpg,Non-default EXIF orientation: normalize image AND labels together before use.
error,invalid_image_or_label,train/images/20240216_205427_jpg.rf.quAQZ7fqvLvi95iIqjzr.jpg,Non-default EXIF orientation: normalize image AND labels together before use.
error,invalid_image_or_label,train/images/20240216_205457_jpg.rf.DF2JXtMGskBaQ1a04O3U.jpg,Non-default EXIF orientation: normalize image AND labels together before use.
error,invalid_image_or_label,train/images/20240216_205600_jpg.rf.YrrllThhhg1TfHyo4z0R.jpg,Non-default EXIF orientation: normalize image AND labels together before use.
error,invalid_image_or_label,train/images/20240216_205834_jpg.rf.qZLMIIS9OKpsBviQOiA2.jpg,Non-default EXIF orientation: normalize image AND labels together before use.
error,invalid_image_or_label,train/images/20240216_205858_jpg.rf.AwjcViRSO3hbY0bcXzmE.jpg,Non-default EXIF orientation: normalize image AND labels together before use.
error,invalid_image_or_label,train/images/20240216_210259_jpg.rf.EGjt7L5565C8mGeesj39.jpg,Non-default EXIF orientation: normalize image AND labels together before use.
error,invalid_image_or_label,train/images/20240216_213520_jpg.rf.I44wMcwmnhZFRz1qtPCH.jpg,Non-default EXIF orientation: normalize image AND labels together before use.
error,invalid_image_or_label,train/images/20240216_213626_jpg.rf.VJIUTc1aohcnIR19x5tG.jpg,Non-default EXIF orientation: normalize image AND labels together before use.
error,invalid_image_or_label,train/images/20240216_213629_jpg.rf.1QYipUnbHBJMUajLHyJN.jpg,Non-default EXIF orientation: normalize image AND labels together before use.
error,invalid_image_or_label,train/images/20240216_213755_jpg.rf.nLWIoLtw9kEHIOeDQPn0.jpg,Non-default EXIF orientation: normalize image AND labels together before use.
error,invalid_image_or_label,train/images/20240216_220540_jpg.rf.TT3MthsQJNHVW8FNQvuw.jpg,Non-default EXIF orientation: normalize image AND labels together before use.
error,invalid_image_or_label,train/images/20240216_222658_jpg.rf.rBEJccqmh3wEeC63Hi9K.jpg,Non-default EXIF orientation: normalize image AND labels together before use.
error,invalid_image_or_label,train/images/20240216_222715_jpg.rf.4MD3cBNHEShkp7D7cDZs.jpg,Non-default EXIF orientation: normalize image AND labels together before use.
error,invalid_image_or_label,train/images/20240217_191228_jpg.rf.E7rBykokVlYJIFJwBN4m.jpg,Non-default EXIF orientation: normalize image AND labels together before use.
error,invalid_image_or_label,train/images/20240218_144803_jpg.rf.oCqhBwWeHNT54D2hmIwx.jpg,Non-default EXIF orientation: normalize image AND labels together before use.
error,invalid_image_or_label,train/images/20240218_144826_jpg.rf.skoO8UvGqfS7FnJwLM7E.jpg,Non-default EXIF orientation: normalize image AND labels together before use.
error,invalid_image_or_label,train/images/20240218_144854_jpg.rf.sAV75wtwxvb2T2jMtddg.jpg,Non-default EXIF orientation: normalize image AND labels together before use.
error,invalid_image_or_label,train/images/20240218_144937_jpg.rf.Z7Xm2tChpyGUwL2Soz7T.jpg,Non-default EXIF orientation: normalize image AND labels together before use.
error,invalid_image_or_label,train/images/20240218_144944_jpg.rf.VMo35wAdZLT4vg7afLRL.jpg,Non-default EXIF orientation: normalize image AND labels together before use.
error,invalid_image_or_label,train/images/20240218_144952_jpg.rf.NR4yQ5JQ2qXpSbu4Fgvh.jpg,Non-default EXIF orientation: normalize image AND labels together before use.
error,invalid_image_or_label,train/images/20240218_145138_jpg.rf.h5H1GvaN6BkbujzgX047.jpg,Non-default EXIF orientation: normalize image AND labels together before use.
error,invalid_image_or_label,train/images/20240218_145143_jpg.rf.njUuZN7bFlFoCPq60b63.jpg,Non-default EXIF orientation: normalize image AND labels together before use.
error,invalid_image_or_label,train/images/20240218_145148_jpg.rf.djQCxmX1Kem5aOKfYCiU.jpg,Non-default EXIF orientation: normalize image AND labels together before use.
error,invalid_image_or_label,train/images/20240218_145154_jpg.rf.tZjyGtsj87el8lz30xF6.jpg,Non-default EXIF orientation: normalize image AND labels together before use.
error,invalid_image_or_label,train/images/20240218_145157_jpg.rf.WIHSmlV0XUi3YkCaYmFc.jpg,Non-default EXIF orientation: normalize image AND labels together before use.
error,invalid_image_or_label,train/images/20240218_145214_jpg.rf.TWU5FTIU3BN4V99rFfmh.jpg,Non-default EXIF orientation: normalize image AND labels together before use.
error,invalid_image_or_label,train/images/20240218_145323_jpg.rf.BqBJvQ9dcj2n0NRyEAWE.jpg,Non-default EXIF orientation: normalize image AND labels together before use.
error,invalid_image_or_label,train/images/20240218_145335_jpg.rf.Q6co17flSzC3ti6BgaMz.jpg,Non-default EXIF orientation: normalize image AND labels together before use.
error,invalid_image_or_label,train/images/20240218_145755_jpg.rf.JCFSo3gmh4Bk3HZxrZtM.jpg,Non-default EXIF orientation: normalize image AND labels together before use.
error,invalid_image_or_label,train/images/20240218_145829_jpg.rf.0h8yg9AXF5y0s8WA9WlE.jpg,Non-default EXIF orientation: normalize image AND labels together before use.
error,invalid_image_or_label,train/images/20240218_145919_jpg.rf.0ql6q7D5E852jMGaLDni.jpg,Non-default EXIF orientation: normalize image AND labels together before use.
error,invalid_image_or_label,train/images/20240218_145946_jpg.rf.CEY1OfYYT8TpvR7RK65X.jpg,Non-default EXIF orientation: normalize image AND labels together before use.
error,invalid_image_or_label,train/images/20240218_150656_jpg.rf.IXBHJ1jGklzVRddGKMZx.jpg,Non-default EXIF orientation: normalize image AND labels together before use.
error,invalid_image_or_label,train/images/20240218_150933_jpg.rf.vP7Kn24O0fYuq9bT9OXJ.jpg,Non-default EXIF orientation: normalize image AND labels together before use.
error,invalid_image_or_label,train/images/20240218_151033_jpg.rf.DWeAz4EC5jy5y9J5i53J.jpg,Non-default EXIF orientation: normalize image AND labels together before use.
error,invalid_image_or_label,train/images/20240218_151519_jpg.rf.OKeHzi46eDwk89j9pcG7.jpg,Non-default EXIF orientation: normalize image AND labels together before use.
error,invalid_image_or_label,train/images/20240218_152056_jpg.rf.Zkr5M4Y4euD0a25vK8nV.jpg,Non-default EXIF orientation: normalize image AND labels together before use.
error,invalid_image_or_label,train/images/20240218_152126_jpg.rf.PsTZVbrbHedpfFvFWLN2.jpg,Non-default EXIF orientation: normalize image AND labels together before use.
error,invalid_image_or_label,train/images/20240218_152230_jpg.rf.3YADK2i7XFt0O8QAtn9d.jpg,Non-default EXIF orientation: normalize image AND labels together before use.
error,invalid_image_or_label,train/images/20240218_152241_jpg.rf.5o1ky5cPLRkp23GmNtRy.jpg,Non-default EXIF orientation: normalize image AND labels together before use.
error,invalid_image_or_label,train/images/20240218_152620_jpg.rf.cmwUClsoEmws85JrJA1S.jpg,Non-default EXIF orientation: normalize image AND labels together before use.
error,invalid_image_or_label,train/images/20240218_152636_jpg.rf.yw7bgDSw0stGvJ7tDY1D.jpg,Non-default EXIF orientation: normalize image AND labels together before use.
error,invalid_image_or_label,train/images/20240218_152917_jpg.rf.m9q29OkP4fsZSCfbvEM1.jpg,Non-default EXIF orientation: normalize image AND labels together before use.
error,invalid_image_or_label,train/images/20240218_152922_jpg.rf.P8GDpoqPrkfR5OFHWYiQ.jpg,Non-default EXIF orientation: normalize image AND labels together before use.
error,invalid_image_or_label,train/images/20240218_152927_jpg.rf.69LwbLNak6tpo8udcN4t.jpg,Non-default EXIF orientation: normalize image AND labels together before use.
error,invalid_image_or_label,train/images/20240218_152941_jpg.rf.zyiNZYEMO7Bn1tt3IXp9.jpg,Non-default EXIF orientation: normalize image AND labels together before use.
error,invalid_image_or_label,train/images/20240218_153017_jpg.rf.dOs6QzWbsVPfANt15LCw.jpg,Non-default EXIF orientation: normalize image AND labels together before use.
error,invalid_image_or_label,train/images/20240218_153057_jpg.rf.wPbHdEfRETog1wYEgzIv.jpg,Non-default EXIF orientation: normalize image AND labels together before use.
error,invalid_image_or_label,train/images/20240218_153118_jpg.rf.igUmR8AHDn7csmD7ckXB.jpg,Non-default EXIF orientation: normalize image AND labels together before use.
error,invalid_image_or_label,train/images/20240218_153131_jpg.rf.YAbbgQUUKgUxk4BL9EJ2.jpg,Non-default EXIF orientation: normalize image AND labels together before use.
error,invalid_image_or_label,train/images/20240218_153153_jpg.rf.SGJlBIhz9rNGgPONCsb9.jpg,Non-default EXIF orientation: normalize image AND labels together before use.
error,invalid_image_or_label,train/images/20240218_153328_jpg.rf.39YJOj7bjbsYtL26fvl7.jpg,Non-default EXIF orientation: normalize image AND labels together before use.
error,invalid_image_or_label,train/images/20240218_153337_jpg.rf.hVrNeWD8woNkEK1aceNv.jpg,Non-default EXIF orientation: normalize image AND labels together before use.
error,invalid_image_or_label,train/images/20240218_153400_jpg.rf.DQ1HZPMwrAjdwwHXKEav.jpg,Non-default EXIF orientation: normalize image AND labels together before use.
error,invalid_image_or_label,train/images/20240218_153440_jpg.rf.e6f6ua4t7uoXsDRSsd8a.jpg,Non-default EXIF orientation: normalize image AND labels together before use.
error,invalid_image_or_label,train/images/20240218_153445_jpg.rf.fenXiU104uFfpiGrrMpC.jpg,Non-default EXIF orientation: normalize image AND labels together before use.
error,invalid_image_or_label,train/images/20240218_153506_jpg.rf.lvKH8r6QNla1SWnvDuKr.jpg,Non-default EXIF orientation: normalize image AND labels together before use.
error,invalid_image_or_label,train/images/20240218_153514_jpg.rf.rL9yv5uk0l3Vc2UgWD84.jpg,Non-default EXIF orientation: normalize image AND labels together before use.
error,invalid_image_or_label,train/images/20240218_154435_jpg.rf.OW28FXuvi4gVhz8TFkbq.jpg,Non-default EXIF orientation: normalize image AND labels together before use.
error,invalid_image_or_label,train/images/20240218_154457_jpg.rf.FHdmCi6ikj5hpfrVGFuV.jpg,Non-default EXIF orientation: normalize image AND labels together before use.
error,invalid_image_or_label,train/images/20240218_154631_jpg.rf.8YThhcR9Yzxl1qxXAKxd.jpg,Non-default EXIF orientation: normalize image AND labels together before use.
error,invalid_image_or_label,train/images/20240218_154711_jpg.rf.Xao7d2BZ1MvyDtJxM1qy.jpg,Non-default EXIF orientation: normalize image AND labels together before use.
error,invalid_image_or_label,train/images/20240218_154837_jpg.rf.PlcZfGeaamgvIuxr06Wl.jpg,Non-default EXIF orientation: normalize image AND labels together before use.
error,invalid_image_or_label,train/images/20240218_155344_jpg.rf.LpxUwgdi2Y3QiDjYtdt5.jpg,Non-default EXIF orientation: normalize image AND labels together before use.
error,invalid_image_or_label,train/images/20240218_155418_jpg.rf.wzQzyNCMYT6GaIolooTA.jpg,Non-default EXIF orientation: normalize image AND labels together before use.
error,invalid_image_or_label,train/images/20240218_155911_jpg.rf.x7CDAM7S8PlAq9ZqlMHl.jpg,Non-default EXIF orientation: normalize image AND labels together before use.
error,invalid_image_or_label,train/images/20240218_160002_jpg.rf.KsnUGvW6vHyZOuQmywN3.jpg,Non-default EXIF orientation: normalize image AND labels together before use.
error,invalid_image_or_label,train/images/20240218_160005_jpg.rf.6yC7Ool3ztbe9ibR87Es.jpg,Non-default EXIF orientation: normalize image AND labels together before use.
error,invalid_image_or_label,train/images/20240218_160023_jpg.rf.2XiPn8aEaGWpfJVOSZkX.jpg,Non-default EXIF orientation: normalize image AND labels together before use.
error,invalid_image_or_label,train/images/20240218_160041_jpg.rf.k5fMCr6kI7OJ5P8GfDm0.jpg,Non-default EXIF orientation: normalize image AND labels together before use.
error,invalid_image_or_label,train/images/20240218_160045_jpg.rf.rDpGtzpF8qOBe5zoQFqt.jpg,Non-default EXIF orientation: normalize image AND labels together before use.
error,invalid_image_or_label,train/images/20240218_160130_jpg.rf.uUpLRYIlxjXltXn5PLBM.jpg,Non-default EXIF orientation: normalize image AND labels together before use.
error,invalid_image_or_label,train/images/20240218_160151_jpg.rf.Q59TDsaAkgzbAAC7kHwx.jpg,Non-default EXIF orientation: normalize image AND labels together before use.
error,invalid_image_or_label,train/images/20240218_160722_jpg.rf.WbQombZgiLCkn4cyjEAY.jpg,Non-default EXIF orientation: normalize image AND labels together before use.
error,invalid_image_or_label,train/images/20240218_160834_jpg.rf.BWzPzOeGHvRJrrLrztK1.jpg,Non-default EXIF orientation: normalize image AND labels together before use.
error,invalid_image_or_label,train/images/20240218_161721_jpg.rf.rDn8M4vjnnOCnCU06P4S.jpg,Non-default EXIF orientation: normalize image AND labels together before use.
error,invalid_image_or_label,train/images/20240218_161732_jpg.rf.H6VxPMwRIBk9uCCqosgs.jpg,Non-default EXIF orientation: normalize image AND labels together before use.
error,invalid_image_or_label,train/images/20240218_161824_jpg.rf.bshJkrM6okhs6tNZbSrP.jpg,Non-default EXIF orientation: normalize image AND labels together before use.
error,invalid_image_or_label,train/images/20240218_162115_jpg.rf.Ebz5E7nJyDypcyvXfoAd.jpg,"Line 1: coordinates must lie in [0, 1]."
error,invalid_image_or_label,train/images/20240218_171309_jpg.rf.KB3bu25rmzfHqC24cjMr.jpg,"Line 1: coordinates must lie in [0, 1]."
error,invalid_image_or_label,train/images/20240218_171450_jpg.rf.ueZumDYZ2RnoJsyQ7gbh.jpg,Non-default EXIF orientation: normalize image AND labels together before use.
error,invalid_image_or_label,train/images/20240218_173220_jpg.rf.mqkC2BEgMrlUP12cYo5i.jpg,Non-default EXIF orientation: normalize image AND labels together before use.
error,invalid_image_or_label,train/images/20240220_153844_jpg.rf.tnyZB5iBMGXpnAfaGkCX.jpg,Non-default EXIF orientation: normalize image AND labels together before use.
error,invalid_image_or_label,train/images/20240220_153901(0)_jpg.rf.fi1rzEs2zDYkU5SIdgFb.jpg,Non-default EXIF orientation: normalize image AND labels together before use.
error,invalid_image_or_label,train/images/20240220_153905_jpg.rf.zGNEb5NXwy3sKmO5LZPn.jpg,Non-default EXIF orientation: normalize image AND labels together before use.
error,invalid_image_or_label,train/images/20240220_153913_jpg.rf.OC0UjT7pDRJWUbVspQPM.jpg,Non-default EXIF orientation: normalize image AND labels together before use.
error,invalid_image_or_label,train/images/20240220_153922_jpg.rf.YDRip8PHlHGMjTqzJLp5.jpg,Non-default EXIF orientation: normalize image AND labels together before use.
error,invalid_image_or_label,train/images/20240220_153928_jpg.rf.PDhae9bSqo51TfsHWmhY.jpg,Non-default EXIF orientation: normalize image AND labels together before use.
error,invalid_image_or_label,train/images/20240220_153937_jpg.rf.SzWYVZqoPDLLMOG5bfYg.jpg,Non-default EXIF orientation: normalize image AND labels together before use.
error,invalid_image_or_label,train/images/20240220_153944_jpg.rf.dPQNLlSXuVGbbHUQQUu6.jpg,Non-default EXIF orientation: normalize image AND labels together before use.
error,invalid_image_or_label,train/images/20240220_154300_jpg.rf.QEg8csCBle7vr7J48Eae.jpg,Non-default EXIF orientation: normalize image AND labels together before use.
error,invalid_image_or_label,train/images/20240222_163720_jpg.rf.0naDFk3FSu7FubT0dEGF.jpg,Non-default EXIF orientation: normalize image AND labels together before use.
error,invalid_image_or_label,train/images/20240222_163732_jpg.rf.elQioj6ApsbgVGFA3FrS.jpg,Non-default EXIF orientation: normalize image AND labels together before use.
error,invalid_image_or_label,train/images/20240222_163735_jpg.rf.vAW8Inn6MaMJH8ZV62r8.jpg,Non-default EXIF orientation: normalize image AND labels together before use.
error,invalid_image_or_label,train/images/20240222_163742_jpg.rf.8SVRqV3sJlSo17Nee6u3.jpg,Non-default EXIF orientation: normalize image AND labels together before use.
error,invalid_image_or_label,train/images/20240222_163752_jpg.rf.vO7x6C8SWDGQcvxxFslk.jpg,Non-default EXIF orientation: normalize image AND labels together before use.
error,invalid_image_or_label,train/images/20240222_164102_jpg.rf.o0Y4iG3fjcSEhfwaxLyN.jpg,Non-default EXIF orientation: normalize image AND labels together before use.
error,invalid_image_or_label,train/images/20240222_164256_jpg.rf.spgDNLGTTb9UwB9f97e2.jpg,Non-default EXIF orientation: normalize image AND labels together before use.
error,invalid_image_or_label,train/images/20240222_164355_jpg.rf.3sCyzoULtyMYlAWL5GfC.jpg,Non-default EXIF orientation: normalize image AND labels together before use.
error,invalid_image_or_label,train/images/20240222_164404_jpg.rf.NEnu0BNuUgschVpMtSoD.jpg,Non-default EXIF orientation: normalize image AND labels together before use.
error,invalid_image_or_label,train/images/20240222_165201_jpg.rf.E9eqwZlzkvxpXP04D92N.jpg,Non-default EXIF orientation: normalize image AND labels together before use.
error,invalid_image_or_label,train/images/20240222_171547_jpg.rf.B5IKmCkAC6QHsOKtcnT7.jpg,Non-default EXIF orientation: normalize image AND labels together before use.
error,invalid_image_or_label,train/images/20240222_171603_jpg.rf.BoHq589DM5f3NVpDZ6ER.jpg,Non-default EXIF orientation: normalize image AND labels together before use.
error,invalid_image_or_label,train/images/20240222_171605_jpg.rf.B4xbLqF4UBnE4yOEbURg.jpg,Non-default EXIF orientation: normalize image AND labels together before use.
error,invalid_image_or_label,train/images/20240222_171614_jpg.rf.tn84Z5VnJxcPmuFCFr5Q.jpg,Non-default EXIF orientation: normalize image AND labels together before use.
error,invalid_image_or_label,train/images/20240222_171643_jpg.rf.cNuzi8tGkreGFQwWiZRR.jpg,Non-default EXIF orientation: normalize image AND labels together before use.
error,invalid_image_or_label,train/images/20240222_172343_jpg.rf.y9hZVuHhZeIy7szAplfb.jpg,Non-default EXIF orientation: normalize image AND labels together before use.
error,invalid_image_or_label,train/images/20240222_172508_jpg.rf.sSzwhxDLOrdiKVmq6zj2.jpg,Non-default EXIF orientation: normalize image AND labels together before use.
error,invalid_image_or_label,train/images/20240222_172510_jpg.rf.3nUHvpEHQPSIpajIKZDX.jpg,Non-default EXIF orientation: normalize image AND labels together before use.
error,invalid_image_or_label,train/images/20240222_173640_jpg.rf.vrYPb0MAYYKW06v9CQL3.jpg,Non-default EXIF orientation: normalize image AND labels together before use.
error,invalid_image_or_label,train/images/20240225_110409_jpg.rf.dmYCLg8tBdTVCFLPFuX6.jpg,Non-default EXIF orientation: normalize image AND labels together before use.
error,invalid_image_or_label,train/images/20240225_121742_jpg.rf.EZUpS3aIEYBcEyvY7ave.jpg,Non-default EXIF orientation: normalize image AND labels together before use.
error,invalid_image_or_label,train/images/20240227_181030_jpg.rf.a3VfuiFUSWOAP6OxjFAz.jpg,Non-default EXIF orientation: normalize image AND labels together before use.
error,invalid_image_or_label,train/images/20240228_161926_jpg.rf.J6jdXzO03RSBtEJUI5vH.jpg,Non-default EXIF orientation: normalize image AND labels together before use.
error,invalid_image_or_label,train/images/20240228_162356_jpg.rf.HqwDs60mvBiLoiqTV6nM.jpg,Non-default EXIF orientation: normalize image AND labels together before use.
error,invalid_image_or_label,train/images/20240228_162437_jpg.rf.MFPS8IzfYr9p9QswhPSE.jpg,Non-default EXIF orientation: normalize image AND labels together before use.
error,invalid_image_or_label,train/images/20240228_162457_jpg.rf.9LJORLF5x1nkw1pxcjiD.jpg,Non-default EXIF orientation: normalize image AND labels together before use.
error,invalid_image_or_label,train/images/20240228_162458_jpg.rf.y9XqmcMwLXHXKSO2s9dg.jpg,Non-default EXIF orientation: normalize image AND labels together before use.
error,invalid_image_or_label,train/images/20240228_162515_jpg.rf.GU55YBMwZc8DeBjyj1fx.jpg,Non-default EXIF orientation: normalize image AND labels together before use.
error,invalid_image_or_label,train/images/20240228_162524_jpg.rf.Z6PrqbKEmGi8AGYYnD38.jpg,Non-default EXIF orientation: normalize image AND labels together before use.
error,invalid_image_or_label,train/images/20240228_162538_jpg.rf.NjwKCw4MMCY7tRQUQACg.jpg,Non-default EXIF orientation: normalize image AND labels together before use.
error,invalid_image_or_label,train/images/20240228_162548_jpg.rf.yHxFs2bNrF1u1s995pPW.jpg,Non-default EXIF orientation: normalize image AND labels together before use.
error,invalid_image_or_label,train/images/20240228_162631_jpg.rf.SacNtfIdkoFEC1lCwlSf.jpg,Non-default EXIF orientation: normalize image AND labels together before use.
error,invalid_image_or_label,train/images/20240228_162641_jpg.rf.mhEkqCRGHyqHlzuHd8Ly.jpg,Non-default EXIF orientation: normalize image AND labels together before use.
error,invalid_image_or_label,train/images/20240228_162656_jpg.rf.CIIN2lb4it9jbWRX4z0c.jpg,Non-default EXIF orientation: normalize image AND labels together before use.
error,invalid_image_or_label,train/images/20240228_162708_jpg.rf.I4IfUJgdl3fb9FXGrWRu.jpg,Non-default EXIF orientation: normalize image AND labels together before use.
error,invalid_image_or_label,train/images/20240228_162726_jpg.rf.6pVeqomi3wbVBVMfOiku.jpg,Non-default EXIF orientation: normalize image AND labels together before use.
error,invalid_image_or_label,train/images/20240228_173902_jpg.rf.vOCMLMMfkNTvrZj7ww2K.jpg,Non-default EXIF orientation: normalize image AND labels together before use.
error,invalid_image_or_label,train/images/20240228_173923_jpg.rf.Jov7WaNmaXgjwBsGuXXn.jpg,Non-default EXIF orientation: normalize image AND labels together before use.
error,invalid_image_or_label,train/images/20240228_173956_jpg.rf.Evr6QL8jGIhnqKFN1Rql.jpg,Non-default EXIF orientation: normalize image AND labels together before use.
error,invalid_image_or_label,train/images/20240228_174008_jpg.rf.NvDMHIe6ehh9ELCPKDch.jpg,Non-default EXIF orientation: normalize image AND labels together before use.
error,invalid_image_or_label,train/images/20240228_174116_jpg.rf.0F60FvbQWKRhXPdWn2uZ.jpg,Non-default EXIF orientation: normalize image AND labels together before use.
error,invalid_image_or_label,train/images/20240228_174145_jpg.rf.mkiQi8LRFDA1ahK5odpP.jpg,Non-default EXIF orientation: normalize image AND labels together before use.
error,invalid_image_or_label,train/images/20240228_174326_jpg.rf.89zOJOD8I75Iqz9UuG8a.jpg,Non-default EXIF orientation: normalize image AND labels together before use.
error,invalid_image_or_label,train/images/20240228_174609_jpg.rf.XWJ4qgwdxMVsCkaFPn6z.jpg,Non-default EXIF orientation: normalize image AND labels together before use.
error,invalid_image_or_label,train/images/20240228_175426_jpg.rf.nt9LN6rALaJPOSFk20Bw.jpg,Non-default EXIF orientation: normalize image AND labels together before use.
error,invalid_image_or_label,train/images/20240229_171013_jpg.rf.1lMgUgEl27xcurrNChdp.jpg,Non-default EXIF orientation: normalize image AND labels together before use.
error,invalid_image_or_label,train/images/20240229_171747_jpg.rf.WvyewRkyS3lTtVDkotGy.jpg,Non-default EXIF orientation: normalize image AND labels together before use.
error,invalid_image_or_label,train/images/20240229_171758_jpg.rf.1IvDEZVgyD79T8OSOEnb.jpg,Non-default EXIF orientation: normalize image AND labels together before use.
error,invalid_image_or_label,train/images/20240229_173700_jpg.rf.jrk5Q7L1knWVdPPY2KWq.jpg,Non-default EXIF orientation: normalize image AND labels together before use.
error,invalid_image_or_label,train/images/20240301_160353_jpg.rf.FmdXT7yUFze7M3oj1JpL.jpg,Non-default EXIF orientation: normalize image AND labels together before use.
error,invalid_image_or_label,train/images/20240301_172614_jpg.rf.vmrieZ2Lmg09KIJU66zK.jpg,Non-default EXIF orientation: normalize image AND labels together before use.
error,invalid_image_or_label,train/images/20240301_173557_jpg.rf.WochGu6mXCaMETYMZRD7.jpg,Non-default EXIF orientation: normalize image AND labels together before use.
error,invalid_image_or_label,train/images/20240301_173603_jpg.rf.3fQ4F5tUw1jbmFNORXIE.jpg,Non-default EXIF orientation: normalize image AND labels together before use.
error,invalid_image_or_label,train/images/20240301_175243_jpg.rf.JoNkdtGdrgi5ok36teQ1.jpg,Non-default EXIF orientation: normalize image AND labels together before use.
error,invalid_image_or_label,train/images/20240301_175534_jpg.rf.V9brmkE7dAZurjd9w1ku.jpg,Non-default EXIF orientation: normalize image AND labels together before use.
error,invalid_image_or_label,train/images/20240301_180011_jpg.rf.guQ4fx6cswaAR2gIFVsH.jpg,Non-default EXIF orientation: normalize image AND labels together before use.
error,invalid_image_or_label,train/images/20240301_180045_jpg.rf.F2ggaGOGLIF4PTy9GPq0.jpg,Non-default EXIF orientation: normalize image AND labels together before use.
error,invalid_image_or_label,train/images/20240302_174133_jpg.rf.8NearcRTKetVrn1oMCbT.jpg,Non-default EXIF orientation: normalize image AND labels together before use.
error,invalid_image_or_label,train/images/20240304_122329_jpg.rf.nqluMG2yC0EIEHy29ttQ.jpg,Non-default EXIF orientation: normalize image AND labels together before use.
error,invalid_image_or_label,train/images/20240306_110228_jpg.rf.6kDxMgXoUg9EgrMoGQrz.jpg,Non-default EXIF orientation: normalize image AND labels together before use.
error,invalid_image_or_label,train/images/20240306_110230_jpg.rf.1KhQDhvRtnGPRZ7UJ2MW.jpg,Non-default EXIF orientation: normalize image AND labels together before use.
error,invalid_image_or_label,train/images/20240306_110251_jpg.rf.w8nwzkVoxVcrVXttwlq6.jpg,Non-default EXIF orientation: normalize image AND labels together before use.
error,invalid_image_or_label,train/images/20240307_145224_jpg.rf.xc0k03JYft1dE2rhPxAh.jpg,Non-default EXIF orientation: normalize image AND labels together before use.
error,invalid_image_or_label,train/images/20240307_145238_jpg.rf.YWodiysdD3B10wVV9T87.jpg,Non-default EXIF orientation: normalize image AND labels together before use.
error,invalid_image_or_label,train/images/20240307_145334_jpg.rf.aVJbQ36s0V8A3yuviXFZ.jpg,Non-default EXIF orientation: normalize image AND labels together before use.
error,invalid_image_or_label,train/images/20240307_145404_jpg.rf.8FexlowvtYVxMF8xBFlf.jpg,Non-default EXIF orientation: normalize image AND labels together before use.
error,invalid_image_or_label,train/images/20240307_145415_jpg.rf.bgubWKbAtk1GdohgXM8l.jpg,Non-default EXIF orientation: normalize image AND labels together before use.
error,invalid_image_or_label,train/images/20240307_145425_jpg.rf.5GRaFB6GCQhtATGZmSXb.jpg,Non-default EXIF orientation: normalize image AND labels together before use.
error,invalid_image_or_label,train/images/20240307_145434_jpg.rf.3XUs4VCZHMaaW0a6Pjuv.jpg,Non-default EXIF orientation: normalize image AND labels together before use.
error,invalid_image_or_label,train/images/20240307_145610_jpg.rf.gld95JQQMskjL4yqHJQS.jpg,Non-default EXIF orientation: normalize image AND labels together before use.
error,invalid_image_or_label,train/images/20240307_145612_jpg.rf.1bDpHLAmntouJHgUBuG2.jpg,Non-default EXIF orientation: normalize image AND labels together before use.
error,invalid_image_or_label,train/images/20240307_145633_jpg.rf.OMzyYTZbXpgxNt9yGVPG.jpg,Non-default EXIF orientation: normalize image AND labels together before use.
error,invalid_image_or_label,train/images/20240307_145636_jpg.rf.goMgtmEoRNHoHT2R0pTv.jpg,Non-default EXIF orientation: normalize image AND labels together before use.
error,invalid_image_or_label,train/images/20240307_145707_jpg.rf.vwNpUxqycyMaLzsqn6SD.jpg,Non-default EXIF orientation: normalize image AND labels together before use.
error,invalid_image_or_label,train/images/20240307_145836_jpg.rf.Zrguq2R8cuV7V0cqHTmO.jpg,Non-default EXIF orientation: normalize image AND labels together before use.
error,invalid_image_or_label,train/images/20240307_145842_jpg.rf.4P8eLvtb8Zh7Loe9Spss.jpg,Non-default EXIF orientation: normalize image AND labels together before use.
error,invalid_image_or_label,train/images/20240307_145848_jpg.rf.drzKXk8wD4RVPXEuFj2j.jpg,Non-default EXIF orientation: normalize image AND labels together before use.
error,invalid_image_or_label,train/images/20240307_145858_jpg.rf.wdhAhtIZs9xNWcwnPepQ.jpg,Non-default EXIF orientation: normalize image AND labels together before use.
error,invalid_image_or_label,train/images/20240307_152051_jpg.rf.iKRxPvrD34eyDmSrFPct.jpg,Non-default EXIF orientation: normalize image AND labels together before use.
error,invalid_image_or_label,train/images/20240307_152219_jpg.rf.XSLol1p7ZxcayPMSdxVa.jpg,Non-default EXIF orientation: normalize image AND labels together before use.
error,invalid_image_or_label,train/images/20240307_152220_jpg.rf.CBRAqjTFsKEe7SlYiuc5.jpg,Non-default EXIF orientation: normalize image AND labels together before use.
error,invalid_image_or_label,train/images/20240307_152229_jpg.rf.G19UHOYs71czODPcUohd.jpg,Non-default EXIF orientation: normalize image AND labels together before use.
error,invalid_image_or_label,train/images/20240307_152302_jpg.rf.rlcKM7cXpuw5UX2KuNJR.jpg,Non-default EXIF orientation: normalize image AND labels together before use.
error,invalid_image_or_label,train/images/20240307_152319_jpg.rf.mk92TjqhamTCdgEUKS78.jpg,Non-default EXIF orientation: normalize image AND labels together before use.
error,invalid_image_or_label,train/images/20240307_152330_jpg.rf.m75csmetsqALl9NxDv9a.jpg,Non-default EXIF orientation: normalize image AND labels together before use.
error,invalid_image_or_label,train/images/20240307_152355_jpg.rf.4bNGWuPplOBdxbPNpc11.jpg,Non-default EXIF orientation: normalize image AND labels together before use.
error,invalid_image_or_label,train/images/20240307_152404_jpg.rf.2sAy6fzsC3CYfRoxip4d.jpg,Non-default EXIF orientation: normalize image AND labels together before use.
error,invalid_image_or_label,train/images/20240307_152408_jpg.rf.Pmej8CKzqCfWw9avdZQC.jpg,Non-default EXIF orientation: normalize image AND labels together before use.
error,invalid_image_or_label,train/images/20240307_152427_jpg.rf.kmGq7PdaoG6c9WeqM6S4.jpg,Non-default EXIF orientation: normalize image AND labels together before use.
error,invalid_image_or_label,train/images/20240307_152428_jpg.rf.kpHkZjyI0KI4yxZuaxZq.jpg,Non-default EXIF orientation: normalize image AND labels together before use.
error,invalid_image_or_label,train/images/20240307_152437_jpg.rf.n0K9EmzSdq44MmdylijK.jpg,Non-default EXIF orientation: normalize image AND labels together before use.
error,invalid_image_or_label,train/images/20240307_152716_jpg.rf.JgrMD2jEBEfCJcF4A9V5.jpg,Non-default EXIF orientation: normalize image AND labels together before use.
error,invalid_image_or_label,train/images/20240307_152743_jpg.rf.4pjYFo4cBikQKi8ijzCF.jpg,Non-default EXIF orientation: normalize image AND labels together before use.
error,invalid_image_or_label,train/images/20240307_152820_jpg.rf.n2FVlsqN0UuyhvRqcZ2Q.jpg,Non-default EXIF orientation: normalize image AND labels together before use.
error,invalid_image_or_label,train/images/20240307_152827_jpg.rf.AEUK72szOj37veL2BoPj.jpg,Non-default EXIF orientation: normalize image AND labels together before use.
error,invalid_image_or_label,train/images/20240307_152835_jpg.rf.KgHoDHzh9z2aQ8A7FUlj.jpg,Non-default EXIF orientation: normalize image AND labels together before use.
error,invalid_image_or_label,train/images/20240307_163041_jpg.rf.SOcyesc9D9dIdNByYvpY.jpg,Non-default EXIF orientation: normalize image AND labels together before use.
error,invalid_image_or_label,train/images/20240307_172729_jpg.rf.rDAxG3w3xSoHb4kv8jay.jpg,Non-default EXIF orientation: normalize image AND labels together before use.
error,invalid_image_or_label,train/images/20240307_172750_jpg.rf.vnTKDIx1jnwWySNtgDnr.jpg,Non-default EXIF orientation: normalize image AND labels together before use.
error,invalid_image_or_label,train/images/20240307_172818_jpg.rf.g8ypXc7RUfBm4MXwm4Eb.jpg,Non-default EXIF orientation: normalize image AND labels together before use.
error,invalid_image_or_label,train/images/20240307_172832_jpg.rf.dVEQkouKgPynmPAteFxj.jpg,Non-default EXIF orientation: normalize image AND labels together before use.
error,invalid_image_or_label,train/images/20240307_172917_jpg.rf.W9gbzNyIvjpFl5DDWXnV.jpg,Non-default EXIF orientation: normalize image AND labels together before use.
error,invalid_image_or_label,train/images/20240307_172934_jpg.rf.TdanD5telApIvD5sVooL.jpg,Non-default EXIF orientation: normalize image AND labels together before use.
error,invalid_image_or_label,train/images/20240307_173719_jpg.rf.vyxeoDPK2nBEVm0s7Md7.jpg,Non-default EXIF orientation: normalize image AND labels together before use.
error,invalid_image_or_label,train/images/20240307_173734_jpg.rf.IhtcBMK0EFQzGeQwP3dQ.jpg,Non-default EXIF orientation: normalize image AND labels together before use.
error,invalid_image_or_label,train/images/20240307_173800_jpg.rf.J86TFBTDpCiUfLtar9lJ.jpg,Non-default EXIF orientation: normalize image AND labels together before use.
error,invalid_image_or_label,train/images/20240307_174603_jpg.rf.qL3FcauLAC59HTGd8wiH.jpg,Non-default EXIF orientation: normalize image AND labels together before use.
error,invalid_image_or_label,train/images/20240307_175659_jpg.rf.YQG0bYqONR6tkIgCmFib.jpg,Non-default EXIF orientation: normalize image AND labels together before use.
error,invalid_image_or_label,train/images/20240307_175705_jpg.rf.IBrmPYR8eMXGidv6qU28.jpg,Non-default EXIF orientation: normalize image AND labels together before use.
error,invalid_image_or_label,train/images/20240307_175736_jpg.rf.o02tmglPI88Y3v0hScXu.jpg,Non-default EXIF orientation: normalize image AND labels together before use.
error,invalid_image_or_label,train/images/20240307_180159_jpg.rf.z7oMcBRF9NzaR8QoHOuE.jpg,Non-default EXIF orientation: normalize image AND labels together before use.
error,invalid_image_or_label,train/images/20240307_195013_jpg.rf.6FHPulNJn8Uu4i1Z8IdG.jpg,Non-default EXIF orientation: normalize image AND labels together before use.
error,invalid_image_or_label,train/images/20240307_203740_jpg.rf.tMROrUScmVWF98rCkOVh.jpg,Non-default EXIF orientation: normalize image AND labels together before use.
error,invalid_image_or_label,train/images/20240307_203746_jpg.rf.pHsyRpjsLmIgzzWpQDfA.jpg,Non-default EXIF orientation: normalize image AND labels together before use.
error,invalid_image_or_label,train/images/20240307_203801_jpg.rf.Bg0Y1T3o73rGDGg1uVYL.jpg,Non-default EXIF orientation: normalize image AND labels together before use.
error,invalid_image_or_label,train/images/20240307_203805_jpg.rf.OSAdzl43S9hWLiSgDv1J.jpg,Non-default EXIF orientation: normalize image AND labels together before use.
error,invalid_image_or_label,train/images/20240308_151251_jpg.rf.JrPYQfH2V42zAX6rVVwC.jpg,Non-default EXIF orientation: normalize image AND labels together before use.
error,invalid_image_or_label,train/images/20240308_151722_jpg.rf.2fAJj2jJcahlr3JCx03D.jpg,Non-default EXIF orientation: normalize image AND labels together before use.
error,invalid_image_or_label,train/images/20240308_162805_jpg.rf.XxSLVuMOa3eW6fzGmwVN.jpg,Non-default EXIF orientation: normalize image AND labels together before use.
error,invalid_image_or_label,train/images/20240308_162813_jpg.rf.AN5BOK3UJ4f7wHf2dLhs.jpg,Non-default EXIF orientation: normalize image AND labels together before use.
error,invalid_image_or_label,train/images/20240308_162815_jpg.rf.D00pdAOKIddc6p0k0keA.jpg,Non-default EXIF orientation: normalize image AND labels together before use.
error,invalid_image_or_label,train/images/20240308_162827_jpg.rf.O4vWqewjaNpZ7oRp2ayF.jpg,Non-default EXIF orientation: normalize image AND labels together before use.
error,invalid_image_or_label,train/images/20240308_162833_jpg.rf.DdBd8FJrF6XMIo960Hsf.jpg,Non-default EXIF orientation: normalize image AND labels together before use.
error,invalid_image_or_label,train/images/20240308_162847_jpg.rf.2QWgoVQWP2QDWIs1PutK.jpg,Non-default EXIF orientation: normalize image AND labels together before use.
error,invalid_image_or_label,train/images/20240308_162859_jpg.rf.e99QJ1uzTQ2SOaKqvkzD.jpg,Non-default EXIF orientation: normalize image AND labels together before use.
error,invalid_image_or_label,train/images/20240308_162916_jpg.rf.8geDxrr0o4eFOVi6qQNB.jpg,Non-default EXIF orientation: normalize image AND labels together before use.
error,invalid_image_or_label,train/images/20240310_154419_jpg.rf.YBk5qpsvnyMWmDl0aFAf.jpg,Non-default EXIF orientation: normalize image AND labels together before use.
error,invalid_image_or_label,train/images/20240310_154444_jpg.rf.r7u45LorQ11owLsHDt6e.jpg,Non-default EXIF orientation: normalize image AND labels together before use.
error,invalid_image_or_label,train/images/20240310_154629_jpg.rf.40nrDjHvrwav4zWBqfG7.jpg,Non-default EXIF orientation: normalize image AND labels together before use.
error,invalid_image_or_label,train/images/20240310_154650_jpg.rf.yCECcNXFmOYe8aXn2il9.jpg,Non-default EXIF orientation: normalize image AND labels together before use.
error,invalid_image_or_label,train/images/20240310_154653_jpg.rf.4kuo4WbNg8ei9wesnIza.jpg,Non-default EXIF orientation: normalize image AND labels together before use.
error,invalid_image_or_label,train/images/20240310_154707_jpg.rf.tuDeh90E2j1o1ksm2kUg.jpg,Non-default EXIF orientation: normalize image AND labels together before use.
error,invalid_image_or_label,train/images/20240310_154732_jpg.rf.WXYQv9gd936UsvgIFD9U.jpg,Non-default EXIF orientation: normalize image AND labels together before use.
error,invalid_image_or_label,train/images/20240310_154745_jpg.rf.gPiGhrxs7U7xi7LWjtmR.jpg,Non-default EXIF orientation: normalize image AND labels together before use.
error,invalid_image_or_label,train/images/20240310_154829_jpg.rf.eXlpkuLXX5C2btAsZ1m6.jpg,Non-default EXIF orientation: normalize image AND labels together before use.
error,invalid_image_or_label,train/images/20240310_154937_jpg.rf.DI749AGn2s3mQHEWiQ13.jpg,Non-default EXIF orientation: normalize image AND labels together before use.
error,invalid_image_or_label,train/images/20240310_155000_jpg.rf.xvehjE3aCQceBreX6Iao.jpg,Non-default EXIF orientation: normalize image AND labels together before use.
error,invalid_image_or_label,train/images/20240310_155022_jpg.rf.sf47kLP0k4sbU0y6Je1v.jpg,Non-default EXIF orientation: normalize image AND labels together before use.
error,invalid_image_or_label,train/images/20240310_155052_jpg.rf.NtIl1hw8beudPcGfaEBl.jpg,Non-default EXIF orientation: normalize image AND labels together before use.
error,invalid_image_or_label,train/images/20240310_171859_jpg.rf.XLsBfrSD0FvaH03wefs5.jpg,Non-default EXIF orientation: normalize image AND labels together before use.
error,invalid_image_or_label,train/images/20240310_180817_jpg.rf.VhKxZfVzTMYB9eA9zjGd.jpg,Non-default EXIF orientation: normalize image AND labels together before use.
error,invalid_image_or_label,train/images/20240311_144342_jpg.rf.tluMB8cFeqdPoq34mxr8.jpg,Non-default EXIF orientation: normalize image AND labels together before use.
error,invalid_image_or_label,train/images/20240311_144344_jpg.rf.xCQZaGgZSigcFHYIu1zT.jpg,Non-default EXIF orientation: normalize image AND labels together before use.
error,invalid_image_or_label,train/images/20240311_144358_jpg.rf.CCQ02vVaSUBXz5S76cLz.jpg,Non-default EXIF orientation: normalize image AND labels together before use.
error,invalid_image_or_label,train/images/20240311_144413_jpg.rf.eDvIazihiIIHXANdRNvf.jpg,Non-default EXIF orientation: normalize image AND labels together before use.
error,invalid_image_or_label,train/images/20240311_144526_jpg.rf.CeldlRHuPptnJrmk1eBj.jpg,Non-default EXIF orientation: normalize image AND labels together before use.
error,invalid_image_or_label,train/images/20240311_144529_jpg.rf.GFJmyZvj91dCdqUvTpbS.jpg,Non-default EXIF orientation: normalize image AND labels together before use.
error,invalid_image_or_label,train/images/20240311_144542_jpg.rf.Jxjhcm9NjKcLI7AKtNsZ.jpg,Non-default EXIF orientation: normalize image AND labels together before use.
error,invalid_image_or_label,train/images/20240311_144658_jpg.rf.BYjMjVzGMCgLCcR3vV77.jpg,Non-default EXIF orientation: normalize image AND labels together before use.
error,invalid_image_or_label,train/images/20240311_144704_jpg.rf.cuNEh2C2oxt6rfeAxUH1.jpg,Non-default EXIF orientation: normalize image AND labels together before use.
error,invalid_image_or_label,train/images/20240311_144722_jpg.rf.IztzPErTtqzihaiN2zJo.jpg,Non-default EXIF orientation: normalize image AND labels together before use.
error,invalid_image_or_label,train/images/20240311_144733_jpg.rf.9iAvf86EC2KRHre8LDvN.jpg,Non-default EXIF orientation: normalize image AND labels together before use.
error,invalid_image_or_label,train/images/20240311_144755_jpg.rf.o0LYIVSdhjw1dafUUn7S.jpg,Non-default EXIF orientation: normalize image AND labels together before use.
error,invalid_image_or_label,train/images/20240311_174111_jpg.rf.w9THVdUcia2Jv2nLdkMd.jpg,Non-default EXIF orientation: normalize image AND labels together before use.
error,invalid_image_or_label,train/images/20240311_174131_jpg.rf.kLbyrX6ujuNBTHJeHn5t.jpg,Non-default EXIF orientation: normalize image AND labels together before use.
error,invalid_image_or_label,train/images/20240320_215318_jpg.rf.oxzGc9aYvLKW0bcDiZP6.jpg,Non-default EXIF orientation: normalize image AND labels together before use.
error,invalid_image_or_label,train/images/20240324_131544_jpg.rf.rc5LSdoETFYXKttaws3j.jpg,Non-default EXIF orientation: normalize image AND labels together before use.
error,invalid_image_or_label,train/images/20240324_204352_jpg.rf.IeeUuvzuM5UgH7tydehA.jpg,Non-default EXIF orientation: normalize image AND labels together before use.
error,invalid_image_or_label,train/images/20240503_171656_jpg.rf.5IaD3DksdLUfdPb4Byna.jpg,Non-default EXIF orientation: normalize image AND labels together before use.
error,invalid_image_or_label,train/images/20240503_171658_jpg.rf.fNEyFgNxQzwIvppo6OOa.jpg,Non-default EXIF orientation: normalize image AND labels together before use.
error,invalid_image_or_label,train/images/20240503_215220_jpg.rf.NmIkd4EvwPO9WMNRESd2.jpg,Non-default EXIF orientation: normalize image AND labels together before use.
error,invalid_image_or_label,train/images/20240505_152539_jpg.rf.mTqQbS00PDHQ0anoCelM.jpg,Non-default EXIF orientation: normalize image AND labels together before use.
error,invalid_image_or_label,train/images/FB_IMG_1712174035833_jpg.rf.AbNCUs4QkxPxXR2iA64r.jpg,"Line 1: coordinates must lie in [0, 1]."
error,invalid_image_or_label,train/images/frames4051_png.rf.HtezFtf3Mou0bIwiNvJD.png,"Line 1: coordinates must lie in [0, 1]."
error,invalid_image_or_label,train/images/frames6356_png.rf.pDmF3veoytMuR9M2pVKV.png,"Line 1: coordinates must lie in [0, 1]."
error,invalid_image_or_label,train/images/IMG-20240214-WA0000_jpg.rf.L1UmRaJhQnMkg6hYwuG4.jpg,"Line 1: coordinates must lie in [0, 1]."
error,invalid_image_or_label,train/images/IMG-20240214-WA0034_jpg.rf.Juq1QpZWI2D26RneaMXr.jpg,"Line 1: coordinates must lie in [0, 1]."
error,invalid_image_or_label,train/images/IMG-20240215-WA0052_jpg.rf.4usSl7Lx0gf4usjbmbNO.jpg,"Line 1: coordinates must lie in [0, 1]."
error,invalid_image_or_label,train/images/IMG-20240215-WA0067_jpg.rf.TZWBswza1fCSknpMgOMr.jpg,"Line 1: coordinates must lie in [0, 1]."
error,invalid_image_or_label,train/images/IMG-20240215-WA0070_jpg.rf.cXDWPPKrLPIPwaUmbCIB.jpg,"Line 1: coordinates must lie in [0, 1]."
error,invalid_image_or_label,train/images/IMG-20240216-WA0105_jpg.rf.GecsUUcPBeo3GnAQuw4s.jpg,"Line 1: coordinates must lie in [0, 1]."
error,invalid_image_or_label,train/images/IMG-20240216-WA0106_jpg.rf.yWLTp5Fyy1G9czQ7LnPg.jpg,"Line 1: coordinates must lie in [0, 1]."
error,invalid_image_or_label,train/images/IMG_20240211_144142_jpg.rf.rKjo17EXOBthyeyhyuXq.jpg,Non-default EXIF orientation: normalize image AND labels together before use.
error,invalid_image_or_label,train/images/IMG_20240211_144320_jpg.rf.d7J7GtOFEPaDrb6GlSzX.jpg,Non-default EXIF orientation: normalize image AND labels together before use.
error,invalid_image_or_label,train/images/IMG_20240211_144522_jpg.rf.ZAPa8o1Zx2dlEWKpleKR.jpg,Non-default EXIF orientation: normalize image AND labels together before use.
error,invalid_image_or_label,train/images/IMG_20240211_144539_jpg.rf.NxtEtRvxPpUoazQR61JR.jpg,Non-default EXIF orientation: normalize image AND labels together before use.
error,invalid_image_or_label,train/images/IMG_20240211_145324_jpg.rf.Tt33xLJwKL3bpT1yQU2O.jpg,Non-default EXIF orientation: normalize image AND labels together before use.
error,invalid_image_or_label,train/images/IMG_20240211_145426_jpg.rf.1FoZvHvdrYWVNJ6r9wqg.jpg,Non-default EXIF orientation: normalize image AND labels together before use.
error,invalid_image_or_label,train/images/IMG_20240211_145458_jpg.rf.BqHJ13eaYQ5x2KoEOZyX.jpg,Non-default EXIF orientation: normalize image AND labels together before use.
error,invalid_image_or_label,train/images/IMG_20240211_150115_jpg.rf.3P0cDm87BiqQNgJJDqiO.jpg,Non-default EXIF orientation: normalize image AND labels together before use.
error,invalid_image_or_label,train/images/IMG_20240211_150128_jpg.rf.2NsuvyPyG6THfCNDx6OZ.jpg,Non-default EXIF orientation: normalize image AND labels together before use.
error,invalid_image_or_label,train/images/IMG_20240211_150157_jpg.rf.HU3pHiBoZtaQLwyHQLRR.jpg,Non-default EXIF orientation: normalize image AND labels together before use.
error,invalid_image_or_label,train/images/IMG_20240211_150432_jpg.rf.zZ6HNzDDJFFQgRKzgBV7.jpg,Non-default EXIF orientation: normalize image AND labels together before use.
error,invalid_image_or_label,train/images/IMG_20240211_150519_jpg.rf.C5KUdsJ3Q5EikMzCyRbQ.jpg,Non-default EXIF orientation: normalize image AND labels together before use.
error,invalid_image_or_label,train/images/IMG_20240211_151014_jpg.rf.Igo8n0MaGlMhhysNnxaz.jpg,Non-default EXIF orientation: normalize image AND labels together before use.
error,invalid_image_or_label,train/images/IMG_20240211_151038_jpg.rf.8M0xB056N5BNbxLfDezk.jpg,Non-default EXIF orientation: normalize image AND labels together before use.
error,invalid_image_or_label,train/images/IMG_20240211_151043_jpg.rf.UbMvGDLwg6O0CnHH6CbR.jpg,Non-default EXIF orientation: normalize image AND labels together before use.
error,invalid_image_or_label,train/images/IMG_20240211_151106_jpg.rf.UQHLZ9NohicNw9w7rWV2.jpg,Non-default EXIF orientation: normalize image AND labels together before use.
error,invalid_image_or_label,train/images/IMG_20240211_151204_jpg.rf.Y8Wp1nJH5UhbAM3EEVMv.jpg,Non-default EXIF orientation: normalize image AND labels together before use.
error,invalid_image_or_label,train/images/IMG_20240211_151213_jpg.rf.uHsGciijeTzCoqarx1ht.jpg,Non-default EXIF orientation: normalize image AND labels together before use.
error,invalid_image_or_label,train/images/IMG_20240211_151248_jpg.rf.qCXN8tTv0izWrKaHeOVg.jpg,Non-default EXIF orientation: normalize image AND labels together before use.
error,invalid_image_or_label,train/images/IMG_20240211_151329_jpg.rf.iizz5AhaWjFE6CTAHrmN.jpg,Non-default EXIF orientation: normalize image AND labels together before use.
error,invalid_image_or_label,train/images/IMG_20240211_151402_jpg.rf.JgDVrAdq5OEuRFIc0OBp.jpg,Non-default EXIF orientation: normalize image AND labels together before use.
error,invalid_image_or_label,train/images/IMG_20240211_151423_jpg.rf.ex4H1eQbSIIPzdHk0PEK.jpg,Non-default EXIF orientation: normalize image AND labels together before use.
error,invalid_image_or_label,train/images/IMG_20240211_151426_jpg.rf.d1Tcwbj3mxR4mg67v5WG.jpg,Non-default EXIF orientation: normalize image AND labels together before use.
error,invalid_image_or_label,train/images/IMG_20240211_151520_jpg.rf.h4wTaH9WBBSDxfw48xKS.jpg,Non-default EXIF orientation: normalize image AND labels together before use.
error,invalid_image_or_label,train/images/IMG_20240211_151810_jpg.rf.ZcIQOar17rOLXZrEK9AM.jpg,Non-default EXIF orientation: normalize image AND labels together before use.
error,invalid_image_or_label,train/images/IMG_20240211_151957_jpg.rf.evzCfSYe76lRMbeyWFgf.jpg,Non-default EXIF orientation: normalize image AND labels together before use.
error,invalid_image_or_label,train/images/IMG_20240211_152404_jpg.rf.wwlLpb5dF8RL2v0LrYtI.jpg,Non-default EXIF orientation: normalize image AND labels together before use.
error,invalid_image_or_label,train/images/IMG_20240211_152419_jpg.rf.ZBPhrpwVI1JYzxPnrzA6.jpg,Non-default EXIF orientation: normalize image AND labels together before use.
error,invalid_image_or_label,train/images/IMG_20240211_152522_jpg.rf.S4DAxDxa2gOkJGUKOv1C.jpg,Non-default EXIF orientation: normalize image AND labels together before use.
error,invalid_image_or_label,train/images/IMG_20240211_152549_jpg.rf.Ogdij1EqDps2pxaGlUTr.jpg,Non-default EXIF orientation: normalize image AND labels together before use.
error,invalid_image_or_label,train/images/IMG_20240211_152557_jpg.rf.ZCOEKtfy4vCG69H1aqqz.jpg,Non-default EXIF orientation: normalize image AND labels together before use.
error,invalid_image_or_label,train/images/IMG_20240211_152659_jpg.rf.ZLaPb3d5WdyV73kzZWaI.jpg,Non-default EXIF orientation: normalize image AND labels together before use.
error,invalid_image_or_label,train/images/IMG_20240211_152714_jpg.rf.z9TbpOEsXm4c7RdfxImK.jpg,Non-default EXIF orientation: normalize image AND labels together before use.
error,invalid_image_or_label,train/images/IMG_20240211_152722_jpg.rf.xV3NEful2Jx9wiSJFeQU.jpg,Non-default EXIF orientation: normalize image AND labels together before use.
error,invalid_image_or_label,train/images/IMG_20240211_152729_jpg.rf.xKyIzziitPdo5qrWIfWY.jpg,Non-default EXIF orientation: normalize image AND labels together before use.
error,invalid_image_or_label,train/images/IMG_20240211_161038_jpg.rf.PsqDhZelIIDsQOXLzOJ1.jpg,Non-default EXIF orientation: normalize image AND labels together before use.
error,invalid_image_or_label,train/images/IMG_20240211_161139_jpg.rf.KhORCf0JQgwZaGbR7TeP.jpg,Non-default EXIF orientation: normalize image AND labels together before use.
error,invalid_image_or_label,train/images/IMG_20240211_161222_jpg.rf.eZR5nV9muebvMM8MJBi0.jpg,Non-default EXIF orientation: normalize image AND labels together before use.
error,invalid_image_or_label,train/images/IMG_20240211_161257_jpg.rf.lNj5hlPWNYg36UFtnex7.jpg,Non-default EXIF orientation: normalize image AND labels together before use.
error,invalid_image_or_label,train/images/IMG_20240211_161313_jpg.rf.NE5OT3hTSdqCjoeUPOzw.jpg,Non-default EXIF orientation: normalize image AND labels together before use.
error,invalid_image_or_label,train/images/IMG_20240211_161345_jpg.rf.88CfZtCQzUfSuHAZMXcv.jpg,Non-default EXIF orientation: normalize image AND labels together before use.
error,invalid_image_or_label,train/images/IMG_20240211_161356_jpg.rf.MtLy3hzxpcvMV16lspuX.jpg,Non-default EXIF orientation: normalize image AND labels together before use.
error,invalid_image_or_label,train/images/IMG_20240211_161711_jpg.rf.Y4Ba5DISpIHLeA5zoR8r.jpg,Non-default EXIF orientation: normalize image AND labels together before use.
error,invalid_image_or_label,train/images/IMG_20240211_161736_jpg.rf.DWIClGeGliam3IoQq5vO.jpg,Non-default EXIF orientation: normalize image AND labels together before use.
error,invalid_image_or_label,train/images/IMG_20240211_161815_jpg.rf.cpZrTIebUoHNCbb213jp.jpg,Non-default EXIF orientation: normalize image AND labels together before use.
error,invalid_image_or_label,train/images/IMG_20240211_161947_jpg.rf.Y86mvEpS3JQyFtxvoFnA.jpg,Non-default EXIF orientation: normalize image AND labels together before use.
error,invalid_image_or_label,train/images/IMG_20240211_161954_jpg.rf.Dr9rYQgbaOgGWhWBbRo0.jpg,Non-default EXIF orientation: normalize image AND labels together before use.
error,invalid_image_or_label,train/images/IMG_20240211_161958_jpg.rf.d1AAIVm3XBIRsIVQBakU.jpg,Non-default EXIF orientation: normalize image AND labels together before use.
error,invalid_image_or_label,train/images/IMG_20240211_162201_jpg.rf.p9DCetDbICou0iYiyRIF.jpg,"Line 1: coordinates must lie in [0, 1]."
error,invalid_image_or_label,train/images/IMG_20240211_162226_jpg.rf.5aKgfZilhIG9Dy3EjXCl.jpg,Non-default EXIF orientation: normalize image AND labels together before use.
error,invalid_image_or_label,train/images/IMG_20240211_162358_jpg.rf.3bvgO2RXwXADoe67LcA7.jpg,Non-default EXIF orientation: normalize image AND labels together before use.
error,invalid_image_or_label,train/images/IMG_20240211_162415_jpg.rf.mRbUAruEPKsTY7D4Rd1W.jpg,Non-default EXIF orientation: normalize image AND labels together before use.
error,invalid_image_or_label,train/images/IMG_20240211_162430_jpg.rf.a5RwDOqRzLoDmrThviSk.jpg,Non-default EXIF orientation: normalize image AND labels together before use.
error,invalid_image_or_label,train/images/IMG_20240211_162507_jpg.rf.JKHB5r42O81YwZcGM9bE.jpg,Non-default EXIF orientation: normalize image AND labels together before use.
error,invalid_image_or_label,train/images/IMG_20240211_162527_jpg.rf.qC20GiONWu5MHY4yd31M.jpg,Non-default EXIF orientation: normalize image AND labels together before use.
error,invalid_image_or_label,train/images/IMG_20240211_162552_jpg.rf.rClABejRF1D6TjDLLyh9.jpg,Non-default EXIF orientation: normalize image AND labels together before use.
error,invalid_image_or_label,train/images/IMG_20240211_162553_jpg.rf.bT2wBRbszOU2gCam8a4T.jpg,Non-default EXIF orientation: normalize image AND labels together before use.
error,invalid_image_or_label,train/images/IMG_20240211_162606_jpg.rf.MIR5daOoc8NsUJ6W5fiW.jpg,Non-default EXIF orientation: normalize image AND labels together before use.
error,invalid_image_or_label,train/images/IMG_20240211_162659_jpg.rf.DBMtagfUCfdvbzexGbX1.jpg,Non-default EXIF orientation: normalize image AND labels together before use.
error,invalid_image_or_label,train/images/IMG_20240211_162732_jpg.rf.e8adrjlS4gGfeVwqx0KU.jpg,Non-default EXIF orientation: normalize image AND labels together before use.
error,invalid_image_or_label,train/images/IMG_20240211_162735_jpg.rf.4AEwiYYb3jr7vuVgkmzj.jpg,Non-default EXIF orientation: normalize image AND labels together before use.
error,invalid_image_or_label,train/images/SmartSelect_20240223_100139_Messenger_jpg.rf.YZx2MSbGIrqYWJPXQOec.jpg,Non-default EXIF orientation: normalize image AND labels together before use.
error,invalid_image_or_label,train/images/SmartSelect_20240302_173656_Facebook_jpg.rf.8KZFrHCRjmvQsJoAsvx8.jpg,Non-default EXIF orientation: normalize image AND labels together before use.
error,invalid_image_or_label,train/images/SmartSelect_20240302_173749_Facebook_jpg.rf.O4emszTZgLsdMVE3uAle.jpg,Non-default EXIF orientation: normalize image AND labels together before use.
error,invalid_image_or_label,train/images/SmartSelect_20240302_173934_Facebook_jpg.rf.NqT5bU5jVgXbeBHQoeh4.jpg,Non-default EXIF orientation: normalize image AND labels together before use.
error,invalid_image_or_label,train/images/SmartSelect_20240318_014408_Facebook_jpg.rf.Xl9b0cVFTX7jvIXRR2QC.jpg,Non-default EXIF orientation: normalize image AND labels together before use.
error,invalid_image_or_label,train/images/SmartSelect_20240430_103456_Messenger_jpg.rf.Jvmln2cSJRbyF5ib3gJ1.jpg,Non-default EXIF orientation: normalize image AND labels together before use.
error,orphan_label,train/labels/100_jpg.rf.zSQGHSLFn0ljedpjS8GG.txt,Label has no matching supported image.
error,orphan_label,train/labels/101_jpg.rf.U0MF9soZp2ecMIxa6cxe.txt,Label has no matching supported image.
error,orphan_label,train/labels/10463_png.rf.EJbCVCfXGUi6xrD4iA0k.txt,Label has no matching supported image.
error,orphan_label,train/labels/105-jpg_jpg.rf.DXZEyts5tbVyUesVIbqX.txt,Label has no matching supported image.
error,orphan_label,train/labels/105_jpg.rf.O13XVmSt5vHhrkqlC1ko.txt,Label has no matching supported image.
error,orphan_label,train/labels/10727_png.rf.l9an5LilqOtC5GxZWles.txt,Label has no matching supported image.
error,orphan_label,train/labels/10819_png.rf.VGt1GrmV2bRhIGk72iYQ.txt,Label has no matching supported image.
error,orphan_label,train/labels/10862_png.rf.UXcUTDUsCPdOYCpE7wzV.txt,Label has no matching supported image.
error,orphan_label,train/labels/109_jpg.rf.ZhTHsbF2n2U0gw1rZOhD.txt,Label has no matching supported image.
error,orphan_label,train/labels/10_jpg.rf.IizlsKwhvHcVo2tRo977.txt,Label has no matching supported image.
error,orphan_label,train/labels/110-jpg_jpg.rf.7HpC81StftFrRtwjniLt.txt,Label has no matching supported image.
error,orphan_label,train/labels/11173_png.rf.ReCR5T3sT0kBNGWm74FN.txt,Label has no matching supported image.
error,orphan_label,train/labels/111_jpg.rf.7FuGvpk8Ic96pvpzZ0OK.txt,Label has no matching supported image.
error,orphan_label,train/labels/1124_png.rf.gMPAYszx8Wi2ZawmiG0a.txt,Label has no matching supported image.
error,orphan_label,train/labels/1131_png.rf.8cQyZJKmRtyBAL0MJt98.txt,Label has no matching supported image.
error,orphan_label,train/labels/113_jpg.rf.heW9U01060sNaiVMuZwJ.txt,Label has no matching supported image.
error,orphan_label,train/labels/114-jpg_jpg.rf.rXCt2JOGcuWaSSsfFz0D.txt,Label has no matching supported image.
error,orphan_label,train/labels/117-jpg_jpg.rf.A2b5GsIR0HnE2EA67eWA.txt,Label has no matching supported image.
error,orphan_label,train/labels/11753_png.rf.yqxUzfCMmQf5Txbq0s06.txt,Label has no matching supported image.
error,orphan_label,train/labels/11780_png.rf.wMGQ7RBJ2MmfDT7hWC0h.txt,Label has no matching supported image.
error,orphan_label,train/labels/11882_png.rf.rbOy1ih9TSUx9zu4h5Wy.txt,Label has no matching supported image.
error,orphan_label,train/labels/121_jpg.rf.Pdv58nZTtCHM0hE9ZFwp.txt,Label has no matching supported image.
error,orphan_label,train/labels/122-jpg_jpg.rf.jbl36zufUkZTyUOhF8Ua.txt,Label has no matching supported image.
error,orphan_label,train/labels/12346_png.rf.lkvNYJjmfMDskAKfTXgn.txt,Label has no matching supported image.
error,orphan_label,train/labels/12428_png.rf.JrIquiTGhayVARqTcLfJ.txt,Label has no matching supported image.
error,orphan_label,train/labels/125-jpg_jpg.rf.j8VCnK1V5c3CfCtE5vpk.txt,Label has no matching supported image.
error,orphan_label,train/labels/127-jpg_jpg.rf.HyLqsWqUe6MqyNUjKsZr.txt,Label has no matching supported image.
error,orphan_label,train/labels/12728_png.rf.RTGNFr92v8uV7zgtMkxU.txt,Label has no matching supported image.
error,orphan_label,train/labels/12969_png.rf.lyKoetyYE6WYZvRU5h7b.txt,Label has no matching supported image.
error,orphan_label,train/labels/130-jpg_jpg.rf.KCXZeZfwpR4Bi3AMJ55M.txt,Label has no matching supported image.
error,orphan_label,train/labels/13028_png.rf.oG2KFWTOMN5U2KXCW6xn.txt,Label has no matching supported image.
error,orphan_label,train/labels/13164_png.rf.UHCdWXLgoTedjLngyfSP.txt,Label has no matching supported image.
error,orphan_label,train/labels/13210_png.rf.72ZUirRO23HkWSTJfoni.txt,Label has no matching supported image.
error,orphan_label,train/labels/13292_png.rf.8lnLj2jkFFlqUpzlxeX1.txt,Label has no matching supported image.
error,orphan_label,train/labels/1340_png.rf.9GFZG1jjshTDs32dvQqd.txt,Label has no matching supported image.
error,orphan_label,train/labels/135-jpg_jpg.rf.LH7XuaZwSupetVZBtj9X.txt,Label has no matching supported image.
error,orphan_label,train/labels/1359_png.rf.DGjpsnTsRW7gVjLQs6bs.txt,Label has no matching supported image.
error,orphan_label,train/labels/13682_png.rf.OE4xMtgRAMikJFDW2F3p.txt,Label has no matching supported image.
error,orphan_label,train/labels/13805_png.rf.5dlG9tFO7w1QJ0xBcj2D.txt,Label has no matching supported image.
error,orphan_label,train/labels/13887_png.rf.GsUCziPSWRXeE7RBtkgm.txt,Label has no matching supported image.
error,orphan_label,train/labels/13995_png.rf.yzcLUYyaKPGxiqSrIIpt.txt,Label has no matching supported image.
error,orphan_label,train/labels/139_jpg.rf.wGsW0trZDWLbGUNtF7z3.txt,Label has no matching supported image.
error,orphan_label,train/labels/141-jpg_jpg.rf.ki079evYBZFoX2Sw1iBr.txt,Label has no matching supported image.
error,orphan_label,train/labels/14237_png.rf.Zn18I0OeIs2TY5aTgBYv.txt,Label has no matching supported image.
error,orphan_label,train/labels/14282_png.rf.8E36oRNs7hpfyQDzVwaD.txt,Label has no matching supported image.
error,orphan_label,train/labels/14446_png.rf.0k0tg3iAycnAouqD0WBW.txt,Label has no matching supported image.
error,orphan_label,train/labels/145-jpg_jpg.rf.TrlzwfxSFPkIbRMhiZXf.txt,Label has no matching supported image.
error,orphan_label,train/labels/1467_png.rf.e4RG1O76w77CnSOEiPm7.txt,Label has no matching supported image.
error,orphan_label,train/labels/148-jpg_jpg.rf.SPeITim8IFZzFLl18D6E.txt,Label has no matching supported image.
error,orphan_label,train/labels/14828_png.rf.xrf0VUZJ32V5XLqAsm9l.txt,Label has no matching supported image.
error,orphan_label,train/labels/14831_png.rf.8h0BOwvrB8MXzcacQ4JA.txt,Label has no matching supported image.
error,orphan_label,train/labels/149-jpg_jpg.rf.e77Zjri8SKjNKiyqmTIE.txt,Label has no matching supported image.
error,orphan_label,train/labels/14967_png.rf.1wsC9ENDbvcLQ4Eq0mgt.txt,Label has no matching supported image.
error,orphan_label,train/labels/150248236_255427149365153_6370234918109321290_n_jpg.rf.eKWr4kXDCpr61miAzP1H.txt,Label has no matching supported image.
error,orphan_label,train/labels/150592769_486528569404587_4110824491527555866_n_jpg.rf.KmNzZOKQwkC7CWgc357H.txt,Label has no matching supported image.
error,orphan_label,train/labels/15128_png.rf.l4rppo5ostHRNnCrMhks.txt,Label has no matching supported image.
error,orphan_label,train/labels/152-jpg_jpg.rf.psW3DIzFqH57907KEKXk.txt,Label has no matching supported image.
error,orphan_label,train/labels/15371_png.rf.A5CqpvCdasFxaFdnBosJ.txt,Label has no matching supported image.
error,orphan_label,train/labels/15400_png.rf.Ah2KgT8zq3tkZmy1V3on.txt,Label has no matching supported image.
error,orphan_label,train/labels/15564_png.rf.r1H7XLLI9fu3IbxnfW7w.txt,Label has no matching supported image.
error,orphan_label,train/labels/156-jpg_jpg.rf.QFxZkzkxQjookPlAmCXA.txt,Label has no matching supported image.
error,orphan_label,train/labels/1575_png.rf.mnB1PIRFyzXKBPzZ4VGV.txt,Label has no matching supported image.
error,orphan_label,train/labels/15858_png.rf.XNorK6KiJYABssGRdV9x.txt,Label has no matching supported image.
error,orphan_label,train/labels/15864_png.rf.FyCjdHqufALcUaeWkJr2.txt,Label has no matching supported image.
error,orphan_label,train/labels/15911_png.rf.cdjzAf5ok5GPpBMnleWU.txt,Label has no matching supported image.
error,orphan_label,train/labels/15966_png.rf.QzIocmaAKV0uC6b0wAMp.txt,Label has no matching supported image.
error,orphan_label,train/labels/16164_png.rf.ojlwLcjbXI36D6Xj33q9.txt,Label has no matching supported image.
error,orphan_label,train/labels/162-jpg_jpg.rf.AoUz4eNERCijoZR3pFp4.txt,Label has no matching supported image.
error,orphan_label,train/labels/163-jpg_jpg.rf.mkuPXH8TLCPMsVf6xJnM.txt,Label has no matching supported image.
error,orphan_label,train/labels/164-jpg_jpg.rf.kzrvLuK1CQbdLpm4xdf3.txt,Label has no matching supported image.
error,orphan_label,train/labels/16491_png.rf.9eE1hzYownPxM57MRSDH.txt,Label has no matching supported image.
error,orphan_label,train/labels/16655_png.rf.oOQnSZEMVXSho07P5o7t.txt,Label has no matching supported image.
error,orphan_label,train/labels/16749_png.rf.3pbDeMVEplq2JIbFIhSw.txt,Label has no matching supported image.
error,orphan_label,train/labels/16873_png.rf.8wh87T610adj2zQO8Qrf.txt,Label has no matching supported image.
error,orphan_label,train/labels/16884_png.rf.TbS6RPQf7605oLHcfaKm.txt,Label has no matching supported image.
error,orphan_label,train/labels/17180_png.rf.4zujRJ1Yj6i8rm5Gas4d.txt,Label has no matching supported image.
error,orphan_label,train/labels/17559_png.rf.4sF0wnL9t5VJIp4HvAzM.txt,Label has no matching supported image.
error,orphan_label,train/labels/17883_png.rf.RGTmTeLzepGUbJnHiGBf.txt,Label has no matching supported image.
error,orphan_label,train/labels/1861_png.rf.PFltmG2lkSDcb56KuanQ.txt,Label has no matching supported image.
error,orphan_label,train/labels/1_jpg.rf.XRm3l3Ky5Xxxkb6ICbsJ.txt,Label has no matching supported image.
error,orphan_label,train/labels/201_png_jpg.rf.RSrOV0gEKgRSzO7mbRCM.txt,Label has no matching supported image.
error,orphan_label,train/labels/20240211_114331_jpg.rf.jZjARopYhw3g6s9Se85T.txt,Label has no matching supported image.
error,orphan_label,train/labels/20240211_114401_jpg.rf.9U1AIl5ZMePjVzdvlkSy.txt,Label has no matching supported image.
error,orphan_label,train/labels/20240211_131603_jpg.rf.RFkX9SuvrnzVBd3skPyx.txt,Label has no matching supported image.
error,orphan_label,train/labels/20240211_131628_jpg.rf.Kz3vEiduvz6JdXFAC8eQ.txt,Label has no matching supported image.
error,orphan_label,train/labels/20240211_131638_jpg.rf.IjfRMTC44FnUzuVnDHGI.txt,Label has no matching supported image.
error,orphan_label,train/labels/20240211_141950_jpg.rf.CYemWQWL1lvmg149HJUz.txt,Label has no matching supported image.
error,orphan_label,train/labels/20240211_141953_jpg.rf.ovWqYOum6OjYaU2JlQym.txt,Label has no matching supported image.
error,orphan_label,train/labels/20240211_142045_jpg.rf.qJKr6Gwo8lxlHMbmnZM5.txt,Label has no matching supported image.
error,orphan_label,train/labels/20240211_142057_jpg.rf.sBDHUGZjK1RDDQCXdnOO.txt,Label has no matching supported image.
error,orphan_label,train/labels/20240211_143849_jpg.rf.K9ti4CDSbgF5KThAK986.txt,Label has no matching supported image.
error,orphan_label,train/labels/20240211_143926_jpg.rf.6EdovLi0Zj1XZsiZSlS0.txt,Label has no matching supported image.
error,orphan_label,train/labels/20240211_144151_jpg.rf.24B2Jq763fuhamfVqc8G.txt,Label has no matching supported image.
error,orphan_label,train/labels/20240211_144222_jpg.rf.Imt4GmxqCTuzBIX2mgOi.txt,Label has no matching supported image.
error,orphan_label,train/labels/20240211_144306_jpg.rf.cTfQA1kD1St6frtcNZOK.txt,Label has no matching supported image.
error,orphan_label,train/labels/20240211_144412_jpg.rf.Xi8T4lK4oAJzYE3ZKqxY.txt,Label has no matching supported image.
error,orphan_label,train/labels/20240211_144415_jpg.rf.qJrkIkG0xIcrSss9zELa.txt,Label has no matching supported image.
error,orphan_label,train/labels/20240211_144425_jpg.rf.2V4iUXuIaoo8rauqkuKy.txt,Label has no matching supported image.
error,orphan_label,train/labels/20240211_144451_jpg.rf.O67u9MgCZRBfdQTFHsBO.txt,Label has no matching supported image.
error,orphan_label,train/labels/20240211_144525_jpg.rf.owEudH4lkQMvSKAsIIGR.txt,Label has no matching supported image.
error,orphan_label,train/labels/20240211_144544_jpg.rf.cCjYOXlZ2A6JNbOnfTkT.txt,Label has no matching supported image.
error,orphan_label,train/labels/20240211_144547_jpg.rf.C43b391APx6yDcvwIyuM.txt,Label has no matching supported image.
error,orphan_label,train/labels/20240211_144553_jpg.rf.i5uDdNsn5U1dJ2Vyfis5.txt,Label has no matching supported image.
error,orphan_label,train/labels/20240211_144604_jpg.rf.k7s3OVKwkUsEjAmXni2D.txt,Label has no matching supported image.
error,orphan_label,train/labels/20240211_144646_jpg.rf.wWJHIVF0EctRA8rH0ILP.txt,Label has no matching supported image.
error,orphan_label,train/labels/20240211_144741_jpg.rf.ip9yhB4P25veXesEr9QT.txt,Label has no matching supported image.
error,orphan_label,train/labels/20240211_144944_jpg.rf.mOHCOLM3y8iSSJpUUII3.txt,Label has no matching supported image.
error,orphan_label,train/labels/20240211_144956_jpg.rf.SvIXuaFOKtJLuPyebl8k.txt,Label has no matching supported image.
error,orphan_label,train/labels/20240211_145230_jpg.rf.AsUhUATWMZsDPzU89nqo.txt,Label has no matching supported image.
error,orphan_label,train/labels/20240211_145334_jpg.rf.VoSLcTDlwI56AaGp1ppW.txt,Label has no matching supported image.
error,orphan_label,train/labels/20240211_145348_jpg.rf.sOm7HXmMAl2sNMUQTLlQ.txt,Label has no matching supported image.
error,orphan_label,train/labels/20240211_145459(0)_jpg.rf.hNFfjyWvt5D3zJY1KgkK.txt,Label has no matching supported image.
error,orphan_label,train/labels/20240211_150121_jpg.rf.iG9QLMPrSjsTwrPWISbV.txt,Label has no matching supported image.
error,orphan_label,train/labels/20240211_150207_jpg.rf.eXN818yqhKAyGTd9mt3R.txt,Label has no matching supported image.
error,orphan_label,train/labels/20240211_150232_jpg.rf.nF1jDkHOxBJJt9cUbln4.txt,Label has no matching supported image.
error,orphan_label,train/labels/20240211_150646_jpg.rf.6c8VxY6imFsBmgFwuaw9.txt,Label has no matching supported image.
error,orphan_label,train/labels/20240211_150806_jpg.rf.OcMWGRclZBqypNkNqp6c.txt,Label has no matching supported image.
error,orphan_label,train/labels/20240211_150850_jpg.rf.BcM0MfkFZ43NHYFeR2jB.txt,Label has no matching supported image.
error,orphan_label,train/labels/20240211_151133_jpg.rf.SKtO0vMkBRIkwHGpxwnP.txt,Label has no matching supported image.
error,orphan_label,train/labels/20240211_151424_jpg.rf.Ds6t58TPEL9fH7JNxtz1.txt,Label has no matching supported image.
error,orphan_label,train/labels/20240211_151453_jpg.rf.lkBXAlPrrzDwWFhVHkiT.txt,Label has no matching supported image.
error,orphan_label,train/labels/20240211_151505_jpg.rf.KZ8fUQ5pVsB0gtwCAMsD.txt,Label has no matching supported image.
error,orphan_label,train/labels/20240211_151933_jpg.rf.Bb2oqCJSrw2pAIsQgn5b.txt,Label has no matching supported image.
error,orphan_label,train/labels/20240211_152417_jpg.rf.n4aUn7OdyKm6Wxsmv5M4.txt,Label has no matching supported image.
error,orphan_label,train/labels/20240211_152519_jpg.rf.i8lkoJAtwSvAAKwf8PqE.txt,Label has no matching supported image.
error,orphan_label,train/labels/20240211_152641_jpg.rf.xTJPf6xaGr24X2k0k26c.txt,Label has no matching supported image.
error,orphan_label,train/labels/20240211_152742_jpg.rf.KxO2yYpaG8WY60H1PWYc.txt,Label has no matching supported image.
error,orphan_label,train/labels/20240211_152846_jpg.rf.aGPc1s5IPIh1oJvLDYYM.txt,Label has no matching supported image.
error,orphan_label,train/labels/20240211_152858_jpg.rf.N5AU8KrLtf7ktgXVTV7M.txt,Label has no matching supported image.
error,orphan_label,train/labels/20240211_152922_jpg.rf.mWAs1vjgNK8XAUov7mFP.txt,Label has no matching supported image.
error,orphan_label,train/labels/20240211_152928_jpg.rf.oYCgENq532SWc4lhAt0Z.txt,Label has no matching supported image.
error,orphan_label,train/labels/20240211_153003_jpg.rf.QaxIDC2jwoNfTQZZJyob.txt,Label has no matching supported image.
error,orphan_label,train/labels/20240211_153116_jpg.rf.hI8dqtZzWth4W6p3Rgv7.txt,Label has no matching supported image.
error,orphan_label,train/labels/20240211_153308_jpg.rf.3tjayNEy6ZXKToJGUu87.txt,Label has no matching supported image.
error,orphan_label,train/labels/20240211_153617_jpg.rf.HLWZ5mGzpPHRjEG2kDd5.txt,Label has no matching supported image.
error,orphan_label,train/labels/20240211_153622_jpg.rf.lPRfN1prYFfUPbj6ra6r.txt,Label has no matching supported image.
error,orphan_label,train/labels/20240211_153714_jpg.rf.1F5pBL7vUPQdQzkamD58.txt,Label has no matching supported image.
error,orphan_label,train/labels/20240211_153717_jpg.rf.8dw2VxWfYG4KNy67kk2h.txt,Label has no matching supported image.
error,orphan_label,train/labels/20240211_153726_jpg.rf.nSqxb4SDofagdWxoanEY.txt,Label has no matching supported image.
error,orphan_label,train/labels/20240211_154002_jpg.rf.JJPw2VuEehPRFVZ6S2rM.txt,Label has no matching supported image.
error,orphan_label,train/labels/20240211_154004_jpg.rf.rCsoaWUxQquux1z4GQhS.txt,Label has no matching supported image.
error,orphan_label,train/labels/20240211_154030_jpg.rf.nCptbQW3qXKbyiqqYVwP.txt,Label has no matching supported image.
error,orphan_label,train/labels/20240211_154102_jpg.rf.MiBdgk7w7oMTorZVN5Kp.txt,Label has no matching supported image.
error,orphan_label,train/labels/20240211_154119_jpg.rf.1SfsxiUvfnfiH9Q7sJv9.txt,Label has no matching supported image.
error,orphan_label,train/labels/20240211_154123_jpg.rf.yFAOdIiVV9wEArLzctbi.txt,Label has no matching supported image.
error,orphan_label,train/labels/20240211_154144_jpg.rf.FDDRjY3vII0QMiF0ztb4.txt,Label has no matching supported image.
error,orphan_label,train/labels/20240211_154214_jpg.rf.mT1BaiFpka5ErdYuq5FA.txt,Label has no matching supported image.
error,orphan_label,train/labels/20240211_154334_jpg.rf.0FI6OUYpCRTfR22neBRG.txt,Label has no matching supported image.
error,orphan_label,train/labels/20240211_154355_jpg.rf.PU3g1Kdgo3XBq8GKFgfb.txt,Label has no matching supported image.
error,orphan_label,train/labels/20240211_154413_jpg.rf.ENKZMUlZZu9GzmOyrEIT.txt,Label has no matching supported image.
error,orphan_label,train/labels/20240211_154442_jpg.rf.2LK6o9KZERFX0yFyz8jG.txt,Label has no matching supported image.
error,orphan_label,train/labels/20240211_154507_jpg.rf.Hy92Y6JyU1DuyQP1GcpK.txt,Label has no matching supported image.
error,orphan_label,train/labels/20240211_154516_jpg.rf.kfLI1cYIMWBeNcV9ockL.txt,Label has no matching supported image.
error,orphan_label,train/labels/20240211_154533_jpg.rf.C64luGoCQVbkKG0JlXaR.txt,Label has no matching supported image.
error,orphan_label,train/labels/20240211_154541_jpg.rf.BSo2ZnSFQsOXds0PNWD1.txt,Label has no matching supported image.
error,orphan_label,train/labels/20240211_154632_jpg.rf.OSLDHG1Bwada01FSqpNX.txt,Label has no matching supported image.
error,orphan_label,train/labels/20240211_154656_jpg.rf.hgxTZU5k5rutqw4w51tz.txt,Label has no matching supported image.
error,orphan_label,train/labels/20240211_154659_jpg.rf.FjB7n5tkfZWsTL7MdoLw.txt,Label has no matching supported image.
error,orphan_label,train/labels/20240211_154723_jpg.rf.B2EaCdbzTwNDWlKceL3B.txt,Label has no matching supported image.
error,orphan_label,train/labels/20240211_161034_jpg.rf.O2j7aIXxxrWSjCicEGqu.txt,Label has no matching supported image.
error,orphan_label,train/labels/20240211_161359_jpg.rf.Dz8ls3eXD1h9AHb8TCe9.txt,Label has no matching supported image.
error,orphan_label,train/labels/20240211_161415_jpg.rf.FmywP58MEOxjl7S2Tdfu.txt,Label has no matching supported image.
error,orphan_label,train/labels/20240211_161612_jpg.rf.tLxEKQXaf8eY1foAiQyg.txt,Label has no matching supported image.
error,orphan_label,train/labels/20240211_161816_jpg.rf.acPCioff9IUAvmPjHZTb.txt,Label has no matching supported image.
error,orphan_label,train/labels/20240211_162009_jpg.rf.xT1D52lhKxlyYfsZZINA.txt,Label has no matching supported image.
error,orphan_label,train/labels/20240211_162057_jpg.rf.Pj63lZp42mN89gO5oazk.txt,Label has no matching supported image.
error,orphan_label,train/labels/20240211_162206_jpg.rf.ozPmUZ4BIAilugO40SaP.txt,Label has no matching supported image.
error,orphan_label,train/labels/20240211_162500_jpg.rf.mMXzUknXdfsa776uHrwB.txt,Label has no matching supported image.
error,orphan_label,train/labels/20240211_162526_jpg.rf.j4Rd3s1Bi2SYUCTHot9E.txt,Label has no matching supported image.
error,orphan_label,train/labels/20240211_162541_jpg.rf.wsjSl6scidTA6GVQqz9e.txt,Label has no matching supported image.
error,orphan_label,train/labels/20240211_162554_jpg.rf.U8vPukVEBzzYtT2fURlz.txt,Label has no matching supported image.
error,orphan_label,train/labels/20240211_162610_jpg.rf.UXkMjSPVYwaqPpyumjoL.txt,Label has no matching supported image.
error,orphan_label,train/labels/20240211_162615_jpg.rf.mJM0Rji8M392WxdnWH5H.txt,Label has no matching supported image.
error,orphan_label,train/labels/20240211_162618_jpg.rf.EiYzbZ3E8J4U4rKeoWeK.txt,Label has no matching supported image.
error,orphan_label,train/labels/20240211_162621_jpg.rf.Dj6zYN2NizyAPzfmLsXx.txt,Label has no matching supported image.
error,orphan_label,train/labels/20240211_162715_jpg.rf.liWzkrkCQbYTqY3SN4I6.txt,Label has no matching supported image.
error,orphan_label,train/labels/20240211_162721_jpg.rf.EgwlqHyL8RvmN6bWmWXn.txt,Label has no matching supported image.
error,orphan_label,train/labels/20240211_162723_jpg.rf.EGsu8f60cONQsKycM8RT.txt,Label has no matching supported image.
error,orphan_label,train/labels/20240211_162820_jpg.rf.WMQUgd1q9XgNv69Y4GkV.txt,Label has no matching supported image.
error,orphan_label,train/labels/20240211_162823_jpg.rf.uP6iII99wL8D7ceuATnI.txt,Label has no matching supported image.
error,orphan_label,train/labels/20240211_162910_jpg.rf.9SHxjzsv5XhwYzwkwEKr.txt,Label has no matching supported image.
error,orphan_label,train/labels/20240211_162943_jpg.rf.bokilyyrPd3EJoCf6W70.txt,Label has no matching supported image.
error,orphan_label,train/labels/20240211_163146_jpg.rf.hrRjRqCBo2UEhAJjT3mu.txt,Label has no matching supported image.
error,orphan_label,train/labels/20240211_163155_jpg.rf.MYTSUT6nLw24BFYm3ODG.txt,Label has no matching supported image.
error,orphan_label,train/labels/20240211_164406_jpg.rf.qfBQQ7IYHhlJGoZHbn2Z.txt,Label has no matching supported image.
error,orphan_label,train/labels/20240211_164501_jpg.rf.Ei1JxtUjTYIVo6365BBe.txt,Label has no matching supported image.
error,orphan_label,train/labels/20240211_164614_jpg.rf.pDsFmK4kRsxBmzwgwaHC.txt,Label has no matching supported image.
error,orphan_label,train/labels/20240211_165826_jpg.rf.5b7bGi6nyXSarPoBH02V.txt,Label has no matching supported image.
error,orphan_label,train/labels/20240211_165828_jpg.rf.P8QFOtVojTMSeE24p7aS.txt,Label has no matching supported image.
error,orphan_label,train/labels/20240211_170503_jpg.rf.rWMv14rC3J8Yb39AUxeQ.txt,Label has no matching supported image.
error,orphan_label,train/labels/20240214_135813_jpg.rf.OmsKzBvVNgZc1t770WHQ.txt,Label has no matching supported image.
error,orphan_label,train/labels/20240214_135823_jpg.rf.28ypELQIWUuHBzBUJhXR.txt,Label has no matching supported image.
error,orphan_label,train/labels/20240214_135839_jpg.rf.ivvNe98qr1FQDgEFrnq0.txt,Label has no matching supported image.
error,orphan_label,train/labels/20240214_135908_jpg.rf.0XwFftaO7iQtyGWswNhb.txt,Label has no matching supported image.
error,orphan_label,train/labels/20240214_135913_jpg.rf.kE9KcqhoiZRmEHql3tTX.txt,Label has no matching supported image.
error,orphan_label,train/labels/20240214_140052_jpg.rf.Z49d8dKvSh9Nk7Jw1T7L.txt,Label has no matching supported image.
error,orphan_label,train/labels/20240214_140108_jpg.rf.yiNBJFJPvkXgPx3DigDY.txt,Label has no matching supported image.
error,orphan_label,train/labels/20240214_140120_jpg.rf.xs2vyfNdBkmn4FRfSjE1.txt,Label has no matching supported image.
error,orphan_label,train/labels/20240214_140852_jpg.rf.ckNfKOtmez4kxswJDx93.txt,Label has no matching supported image.
error,orphan_label,train/labels/20240214_140855_jpg.rf.GkuC6sfJyaxHfTinEHII.txt,Label has no matching supported image.
error,orphan_label,train/labels/20240214_140901_jpg.rf.KqKOq3glRVCX5QnNOqmJ.txt,Label has no matching supported image.
error,orphan_label,train/labels/20240214_140938_jpg.rf.oLhzE2FVRfQtFKw9YL12.txt,Label has no matching supported image.
error,orphan_label,train/labels/20240214_140954_jpg.rf.pfoN5Jzu8i7lgeNLBRCF.txt,Label has no matching supported image.
error,orphan_label,train/labels/20240214_141035_jpg.rf.m9GgVbOBzL4tben28HKf.txt,Label has no matching supported image.
error,orphan_label,train/labels/20240214_141052_jpg.rf.POwCDO43ccg3FUe87AZU.txt,Label has no matching supported image.
error,orphan_label,train/labels/20240214_141053_jpg.rf.syz1BC0JAOGgmztmPzfr.txt,Label has no matching supported image.
error,orphan_label,train/labels/20240214_141059_jpg.rf.Cxc0cXXn1P38a6far7KK.txt,Label has no matching supported image.
error,orphan_label,train/labels/20240214_141101_jpg.rf.WZAM0vEh5B0CMl9NWvje.txt,Label has no matching supported image.
error,orphan_label,train/labels/20240214_141117_jpg.rf.7NFajvoTkaHJLpzPRbye.txt,Label has no matching supported image.
error,orphan_label,train/labels/20240214_141320_jpg.rf.Lee1nrIzpKCRwucsKSBA.txt,Label has no matching supported image.
error,orphan_label,train/labels/20240214_141401_jpg.rf.Wq6CIoL0sowDwHSWFLnN.txt,Label has no matching supported image.
error,orphan_label,train/labels/20240214_142333_jpg.rf.NvJTZMfZER217txt8pSt.txt,Label has no matching supported image.
error,orphan_label,train/labels/20240214_145544_jpg.rf.tEu7JeYWJd3ZMyOOEo2P.txt,Label has no matching supported image.
error,orphan_label,train/labels/20240214_145556_jpg.rf.9r4yBWZKpD1dY3qPLCOK.txt,Label has no matching supported image.
error,orphan_label,train/labels/20240214_145649_jpg.rf.sbn0q1WuVZ7LPp2uY7j8.txt,Label has no matching supported image.
error,orphan_label,train/labels/20240214_145741_jpg.rf.rYniO6EI7ChW7H0bsvOs.txt,Label has no matching supported image.
error,orphan_label,train/labels/20240214_145915_jpg.rf.ylp29fZwfmCThya9my37.txt,Label has no matching supported image.
error,orphan_label,train/labels/20240214_145943_jpg.rf.AS6rMLmhyWNTHtnFn5Tv.txt,Label has no matching supported image.
error,orphan_label,train/labels/20240214_150054_jpg.rf.Gx0wFhTBxxkmPULCbLYd.txt,Label has no matching supported image.
error,orphan_label,train/labels/20240214_150120_jpg.rf.mp71dpKncjJCwekQYyYZ.txt,Label has no matching supported image.
error,orphan_label,train/labels/20240214_181959_jpg.rf.xKx5Ii5sODLDRBmH3MrO.txt,Label has no matching supported image.
error,orphan_label,train/labels/20240214_182009_jpg.rf.5x8XEPzIBgMXMrotSeeb.txt,Label has no matching supported image.
error,orphan_label,train/labels/20240214_182122_jpg.rf.n45YfU82IWCRjMOOPAeJ.txt,Label has no matching supported image.
error,orphan_label,train/labels/20240214_182811_jpg.rf.TAWCjPqkSY3WkERiqPkI.txt,Label has no matching supported image.
error,orphan_label,train/labels/20240214_182913_jpg.rf.MZw6mHEleLADrPxR6vwX.txt,Label has no matching supported image.
error,orphan_label,train/labels/20240214_183305_jpg.rf.a0g1Jw5DZmJuvs927YpI.txt,Label has no matching supported image.
error,orphan_label,train/labels/20240214_183325_jpg.rf.AAop6hEFXxCb0u58kwyx.txt,Label has no matching supported image.
error,orphan_label,train/labels/20240214_183457_jpg.rf.eWtpAfH0CZGjHwCOj0PE.txt,Label has no matching supported image.
error,orphan_label,train/labels/20240214_183934_jpg.rf.nAH2ZMtAbPLlh1uRXCyG.txt,Label has no matching supported image.
error,orphan_label,train/labels/20240214_184054_jpg.rf.266LB7g8FluexPBhdBdv.txt,Label has no matching supported image.
error,orphan_label,train/labels/20240214_184229_jpg.rf.w8CXw3fsgndrmyqbIg8F.txt,Label has no matching supported image.
error,orphan_label,train/labels/20240214_184246_jpg.rf.xhA38dHcOsjhzkFsMztx.txt,Label has no matching supported image.
error,orphan_label,train/labels/20240214_190023_jpg.rf.00ladosMN9io0zBrjBn9.txt,Label has no matching supported image.
error,orphan_label,train/labels/20240214_190219_jpg.rf.ljDpOisZhJCj8jG3Cnx1.txt,Label has no matching supported image.
error,orphan_label,train/labels/20240214_190223_jpg.rf.irVK0xKcpsbz1xeGxvSE.txt,Label has no matching supported image.
error,orphan_label,train/labels/20240214_190240_jpg.rf.uiQFsf5GjMtldMAlUiRc.txt,Label has no matching supported image.
error,orphan_label,train/labels/20240214_190327_jpg.rf.JvVPu8oam7ZCxjF7aouj.txt,Label has no matching supported image.
error,orphan_label,train/labels/20240214_190432_jpg.rf.0AMaLupcwaVFHZYoHzc7.txt,Label has no matching supported image.
error,orphan_label,train/labels/20240214_190445_jpg.rf.L0jgc2aN6r1x5XMaFXKU.txt,Label has no matching supported image.
error,orphan_label,train/labels/20240214_190454_jpg.rf.V0wdrty9McxWdfDR73Am.txt,Label has no matching supported image.
error,orphan_label,train/labels/20240214_190557_jpg.rf.wstPRzfVxQN4gD2QHbhf.txt,Label has no matching supported image.
error,orphan_label,train/labels/20240214_190702_jpg.rf.y4xHu3LqSwBwZ7u5Pcfa.txt,Label has no matching supported image.
error,orphan_label,train/labels/20240214_190724_jpg.rf.GfYspjXBzzY4wu7jGqHN.txt,Label has no matching supported image.
error,orphan_label,train/labels/20240214_190950_jpg.rf.W8RUIzQWsAlPtJFkFOMK.txt,Label has no matching supported image.
error,orphan_label,train/labels/20240214_191042_jpg.rf.opGvjSXBNhzAuWqDJxco.txt,Label has no matching supported image.
error,orphan_label,train/labels/20240214_191047_jpg.rf.y80z8twbGWwebEBF9Cfw.txt,Label has no matching supported image.
error,orphan_label,train/labels/20240214_191414_jpg.rf.lMCVYsbkqyWfbB5Hozo2.txt,Label has no matching supported image.
error,orphan_label,train/labels/20240214_191553_jpg.rf.InZ0lxwTaC3IeKYGUGql.txt,Label has no matching supported image.
error,orphan_label,train/labels/20240214_191606_jpg.rf.GjFXPwFRrbxZAvgPdFhN.txt,Label has no matching supported image.
error,orphan_label,train/labels/20240214_191615_jpg.rf.9wziA0QotRr04WXEyc05.txt,Label has no matching supported image.
error,orphan_label,train/labels/20240214_191637_jpg.rf.AGXHjSnnPe5RfkAEDnij.txt,Label has no matching supported image.
error,orphan_label,train/labels/20240214_191729_jpg.rf.BFRwC8CbsrVQBK0iPIzw.txt,Label has no matching supported image.
error,orphan_label,train/labels/20240214_191734_jpg.rf.pGPl6rCeLrpQ4jVvS46a.txt,Label has no matching supported image.
error,orphan_label,train/labels/20240214_191800_jpg.rf.RGXvh43xiRsY59zjG8n3.txt,Label has no matching supported image.
error,orphan_label,train/labels/20240214_191810_jpg.rf.KkIJDYN9w73VIt6NYNzW.txt,Label has no matching supported image.
error,orphan_label,train/labels/20240214_191851_jpg.rf.mkU1TFoiwvV417TuHtpk.txt,Label has no matching supported image.
error,orphan_label,train/labels/20240214_191855_jpg.rf.Pqz4zN7S9JSS8otW4JJT.txt,Label has no matching supported image.
error,orphan_label,train/labels/20240214_191912_jpg.rf.mhLhpuHhS05wLMND6geP.txt,Label has no matching supported image.
error,orphan_label,train/labels/20240214_191931_jpg.rf.yao2A1HLfuDbrAOVAB7Y.txt,Label has no matching supported image.
error,orphan_label,train/labels/20240214_191943_jpg.rf.9y6RkTl9iwLIvaXME6vg.txt,Label has no matching supported image.
error,orphan_label,train/labels/20240214_192053_jpg.rf.H5YOZfHVoe6lPg5yPs4J.txt,Label has no matching supported image.
error,orphan_label,train/labels/20240214_204909_jpg.rf.gqjiZwtpSzqXnpPkZ6XJ.txt,Label has no matching supported image.
error,orphan_label,train/labels/20240214_204918_jpg.rf.cfVwuM2xounqpUXongpi.txt,Label has no matching supported image.
error,orphan_label,train/labels/20240214_205018_jpg.rf.Mvr0H6IdzwH9NiqIK41C.txt,Label has no matching supported image.
error,orphan_label,train/labels/20240214_205022_jpg.rf.CbNmboYu0pdtp1Dnwl1S.txt,Label has no matching supported image.
error,orphan_label,train/labels/20240214_205111_jpg.rf.Ey8BPiW0JVMDvRFMEfO5.txt,Label has no matching supported image.
error,orphan_label,train/labels/20240214_205233_jpg.rf.ofEgN64NPwDWkroA6XrK.txt,Label has no matching supported image.
error,orphan_label,train/labels/20240214_205415_jpg.rf.1AOUV6BlX9m2cNWkECqX.txt,Label has no matching supported image.
error,orphan_label,train/labels/20240214_205431_jpg.rf.bkCMRzOX6fCqEnJllm1n.txt,Label has no matching supported image.
error,orphan_label,train/labels/20240214_205452_jpg.rf.sRv0VApHznhy3Xr2nWmY.txt,Label has no matching supported image.
error,orphan_label,train/labels/20240214_205526_jpg.rf.lZmVU8CMhNHfzLd9GG4F.txt,Label has no matching supported image.
error,orphan_label,train/labels/20240214_205607_jpg.rf.1tCdVJT7Ukg1NOm2HxGB.txt,Label has no matching supported image.
error,orphan_label,train/labels/20240214_205641_jpg.rf.52YkYIviNwUDaRXJGU1p.txt,Label has no matching supported image.
error,orphan_label,train/labels/20240214_205747_jpg.rf.4aaxEqvXiFJEyFjsmv1j.txt,Label has no matching supported image.
error,orphan_label,train/labels/20240214_205856_jpg.rf.W4VSoBE79wxZrEGK09gY.txt,Label has no matching supported image.
error,orphan_label,train/labels/20240214_205910_jpg.rf.k35yOmncNjemVnEGtV6C.txt,Label has no matching supported image.
error,orphan_label,train/labels/20240214_205950_jpg.rf.LGSczlu6EHBsJUm2XAI3.txt,Label has no matching supported image.
error,orphan_label,train/labels/20240214_210026_jpg.rf.5LHrM3Q9hCnYj4iqTm2w.txt,Label has no matching supported image.
error,orphan_label,train/labels/20240214_210029_jpg.rf.8RiUBkFR27tSg9V3ZidU.txt,Label has no matching supported image.
error,orphan_label,train/labels/20240214_210126_jpg.rf.wtYgba8pZMbLwhQM2e7n.txt,Label has no matching supported image.
error,orphan_label,train/labels/20240214_210128_jpg.rf.12uqiXCQZDcKrDOPlNcE.txt,Label has no matching supported image.
error,orphan_label,train/labels/20240214_210247_jpg.rf.jZevyz65aEXbMERmw2hK.txt,Label has no matching supported image.
error,orphan_label,train/labels/20240214_210630_jpg.rf.6gJKbctEisTfpg9SIkFc.txt,Label has no matching supported image.
error,orphan_label,train/labels/20240214_210655_jpg.rf.3pnh9NwaOA2peR4BN5Pi.txt,Label has no matching supported image.
error,orphan_label,train/labels/20240214_210710_jpg.rf.nAIfuAQCEljymDXUGssR.txt,Label has no matching supported image.
error,orphan_label,train/labels/20240214_210722_jpg.rf.ypUSKrVA258OUCOBQ5KA.txt,Label has no matching supported image.
error,orphan_label,train/labels/20240214_210728_jpg.rf.ONxIyAAAwuwSpKjLASQ0.txt,Label has no matching supported image.
error,orphan_label,train/labels/20240214_211219_jpg.rf.FhsWyWxMyftu37q9NRtC.txt,Label has no matching supported image.
error,orphan_label,train/labels/20240214_211540_jpg.rf.bx65NsfKEaIwyDqJCIXf.txt,Label has no matching supported image.
error,orphan_label,train/labels/20240214_211621_jpg.rf.slXlcv1W3RMsz48CggF6.txt,Label has no matching supported image.
error,orphan_label,train/labels/20240214_211640_jpg.rf.Q0iHwRJf9KnHwSq7CORs.txt,Label has no matching supported image.
error,orphan_label,train/labels/20240214_211900_jpg.rf.QCghLQHArxofEyx4sANM.txt,Label has no matching supported image.
error,orphan_label,train/labels/20240214_211920_jpg.rf.knTIxkdDBXrNSu5Gshr8.txt,Label has no matching supported image.
error,orphan_label,train/labels/20240214_211930_jpg.rf.iZLdqsHwoLPmycQFLef7.txt,Label has no matching supported image.
error,orphan_label,train/labels/20240214_211939_jpg.rf.DMI2CvWx4x7mpMhNqEqD.txt,Label has no matching supported image.
error,orphan_label,train/labels/20240214_211942_jpg.rf.nlY7exzpPM4eSUQjXw5Z.txt,Label has no matching supported image.
error,orphan_label,train/labels/20240214_211944_jpg.rf.YonM9exDjskhiw9LhQrd.txt,Label has no matching supported image.
error,orphan_label,train/labels/20240214_212008_jpg.rf.P0VMGAtDGMeV3IA7JiOZ.txt,Label has no matching supported image.
error,orphan_label,train/labels/20240214_212016_jpg.rf.tUoXUNX8YA036VDDbCJx.txt,Label has no matching supported image.
error,orphan_label,train/labels/20240214_212042_jpg.rf.8KV9MptxtzLqdL6AY9C1.txt,Label has no matching supported image.
error,orphan_label,train/labels/20240214_212055_jpg.rf.l3NjvweljHmw3q2rH29F.txt,Label has no matching supported image.
error,orphan_label,train/labels/20240214_212310_jpg.rf.kh2dt3KmgqDJRdYqgvfH.txt,Label has no matching supported image.
error,orphan_label,train/labels/20240214_212353_jpg.rf.Rt6FftT2gOS20PLioFvO.txt,Label has no matching supported image.
error,orphan_label,train/labels/20240214_212448_jpg.rf.jqfW2fp7orFEIePHhdz3.txt,Label has no matching supported image.
error,orphan_label,train/labels/20240214_212513_jpg.rf.Z4x1haUAIGh7qoWLgEQh.txt,Label has no matching supported image.
error,orphan_label,train/labels/20240214_212520_jpg.rf.NFPAoAzRnMJjj6FOx3iy.txt,Label has no matching supported image.
error,orphan_label,train/labels/20240214_212659_jpg.rf.NPE1jYKXQLh9JlskExk1.txt,Label has no matching supported image.
error,orphan_label,train/labels/20240214_212816_jpg.rf.YSgyiK9KEBnxP5ga9lEx.txt,Label has no matching supported image.
error,orphan_label,train/labels/20240214_212823_jpg.rf.TAuqKqFai36nNeFLTTi7.txt,Label has no matching supported image.
error,orphan_label,train/labels/20240214_212825_jpg.rf.olsKKo0H8nZm1QsRmEtn.txt,Label has no matching supported image.
error,orphan_label,train/labels/20240214_212829_jpg.rf.GXlT0zl7MwcDwp4gwR5s.txt,Label has no matching supported image.
error,orphan_label,train/labels/20240214_212946_jpg.rf.jpVnI7Jo7NVHuITq1vf2.txt,Label has no matching supported image.
error,orphan_label,train/labels/20240214_213045_jpg.rf.QI7gtc0h5Oe0IEw4zaxD.txt,Label has no matching supported image.
error,orphan_label,train/labels/20240214_213100_jpg.rf.nn7Eb0FtGMWaAPcw8M6H.txt,Label has no matching supported image.
error,orphan_label,train/labels/20240214_213103_jpg.rf.iKQiNU3WxFApz285hQg0.txt,Label has no matching supported image.
error,orphan_label,train/labels/20240214_213107_jpg.rf.5VH7OWwjcPL1260Mt7IO.txt,Label has no matching supported image.
error,orphan_label,train/labels/20240214_213247_jpg.rf.HyX4jjOS1eF08DFnn8mn.txt,Label has no matching supported image.
error,orphan_label,train/labels/20240214_213414_jpg.rf.ZrtorYEBZRbiGO06itGn.txt,Label has no matching supported image.
error,orphan_label,train/labels/20240214_213552_jpg.rf.DIaZTdzY7epMvslVnRMv.txt,Label has no matching supported image.
error,orphan_label,train/labels/20240214_213832_jpg.rf.IY0fRWClEw4HiNSRDwSg.txt,Label has no matching supported image.
error,orphan_label,train/labels/20240214_213845_jpg.rf.sIBJLThAx48lxrtyep1B.txt,Label has no matching supported image.
error,orphan_label,train/labels/20240214_213919_jpg.rf.03olDsficJs4gd2VXoFX.txt,Label has no matching supported image.
error,orphan_label,train/labels/20240214_214027_jpg.rf.3ALORuqvbn6pcf5glGiD.txt,Label has no matching supported image.
error,orphan_label,train/labels/20240214_214218_jpg.rf.kMcVKnA5on5Bb940KtRy.txt,Label has no matching supported image.
error,orphan_label,train/labels/20240214_214332_jpg.rf.Pe8V1BEPq8QbcwsXi8AV.txt,Label has no matching supported image.
error,orphan_label,train/labels/20240214_214344_jpg.rf.WOXoxaUrHrDVrmAiN1ES.txt,Label has no matching supported image.
error,orphan_label,train/labels/20240214_214502_jpg.rf.KhXt3E8CDiHy3RppkSql.txt,Label has no matching supported image.
error,orphan_label,train/labels/20240214_214515_jpg.rf.pzDtaVUh1m81so8zuDUw.txt,Label has no matching supported image.
error,orphan_label,train/labels/20240214_214548_jpg.rf.aN3PCGA32fI8uKWAk3pM.txt,Label has no matching supported image.
error,orphan_label,train/labels/20240214_214645_jpg.rf.QJIdxa40YO3WfGS3agJ1.txt,Label has no matching supported image.
error,orphan_label,train/labels/20240214_214656_jpg.rf.0Tn309VO7B5vDOL5wpBV.txt,Label has no matching supported image.
error,orphan_label,train/labels/20240214_214714_jpg.rf.qpfwiOEBpOwI70zLu9jC.txt,Label has no matching supported image.
error,orphan_label,train/labels/20240214_214812_jpg.rf.xlNwZw95GJwnl3USTnB3.txt,Label has no matching supported image.
error,orphan_label,train/labels/20240214_214847_jpg.rf.7rXE1ZFzuvZvs3eoI3DW.txt,Label has no matching supported image.
error,orphan_label,train/labels/20240214_215002_jpg.rf.Ge8k6uHzQdHCLTHkZvLB.txt,Label has no matching supported image.
error,orphan_label,train/labels/20240214_215153_jpg.rf.IaxBlG8p3bUk9JhBfKEd.txt,Label has no matching supported image.
error,orphan_label,train/labels/20240214_215255_jpg.rf.Kbse8nrIBF3jCi8ejqq5.txt,Label has no matching supported image.
error,orphan_label,train/labels/20240214_215309_jpg.rf.RvuvByP1ipF6NaHjLOVw.txt,Label has no matching supported image.
error,orphan_label,train/labels/20240214_215404_jpg.rf.pLCERvOSsP3GKl88Q5og.txt,Label has no matching supported image.
error,orphan_label,train/labels/20240214_215526_jpg.rf.jTUnsHSXEyLU2opXDtWz.txt,Label has no matching supported image.
error,orphan_label,train/labels/20240214_215909_jpg.rf.h0CTzvaZpdGK0TPK9Ojs.txt,Label has no matching supported image.
error,orphan_label,train/labels/20240214_215924_jpg.rf.3T4Greu00e8BkWd7tTND.txt,Label has no matching supported image.
error,orphan_label,train/labels/20240214_215931_jpg.rf.1kOKHLX9ItpAoQzAuWRz.txt,Label has no matching supported image.
error,orphan_label,train/labels/20240214_215935_jpg.rf.2gJMRhYsrjg5c7Qlha72.txt,Label has no matching supported image.
error,orphan_label,train/labels/20240214_215942_jpg.rf.TTCrKfUhXCrn7p2ZDbJ7.txt,Label has no matching supported image.
error,orphan_label,train/labels/20240214_220119_jpg.rf.nlUOKYAIvTozPeP6IJ1F.txt,Label has no matching supported image.
error,orphan_label,train/labels/20240214_220232_jpg.rf.6IOYg9XyKzWRQBk2fBWM.txt,Label has no matching supported image.
error,orphan_label,train/labels/20240214_220311_jpg.rf.tSZgvBh3rXKxsfakWovD.txt,Label has no matching supported image.
error,orphan_label,train/labels/20240214_220956_jpg.rf.kmnCS9rrkhYytm6TeRhQ.txt,Label has no matching supported image.
error,orphan_label,train/labels/20240214_221014_jpg.rf.af0fFtL6CEh4ophmL33z.txt,Label has no matching supported image.
error,orphan_label,train/labels/20240214_225027_jpg.rf.fw8DdkPCl4bPlzhWprDe.txt,Label has no matching supported image.
error,orphan_label,train/labels/20240214_225050_jpg.rf.32Pc2vXyRkaS8OzckUKW.txt,Label has no matching supported image.
error,orphan_label,train/labels/20240214_225107_jpg.rf.SCH4LvFfjmZ7HumprCGg.txt,Label has no matching supported image.
error,orphan_label,train/labels/20240214_225431_jpg.rf.YNTGY69o8Go225RZBGeG.txt,Label has no matching supported image.
error,orphan_label,train/labels/20240214_225537_jpg.rf.lwUBSNffkTHmJzykVdro.txt,Label has no matching supported image.
error,orphan_label,train/labels/20240214_225544_jpg.rf.dSxcd1pyGNgRv06NH7xH.txt,Label has no matching supported image.
error,orphan_label,train/labels/20240214_233959_jpg.rf.R3hm70jxvnllFXomgVHq.txt,Label has no matching supported image.
error,orphan_label,train/labels/20240214_234001_jpg.rf.0tIMmhZnO2qKwVsPRsTn.txt,Label has no matching supported image.
error,orphan_label,train/labels/20240215_172152_jpg.rf.mQZ4p6lXqkaRsUjYtYKM.txt,Label has no matching supported image.
error,orphan_label,train/labels/20240215_173420_jpg.rf.pkIau6CINU4NchNnE14V.txt,Label has no matching supported image.
error,orphan_label,train/labels/20240215_173734_jpg.rf.u17eJyKxzxNWMioK0Y09.txt,Label has no matching supported image.
error,orphan_label,train/labels/20240215_173923_jpg.rf.H19HR0304wo1E7euUekJ.txt,Label has no matching supported image.
error,orphan_label,train/labels/20240215_174007_jpg.rf.Aggv0D0UtsXm4tiSjQkB.txt,Label has no matching supported image.
error,orphan_label,train/labels/20240215_175208_jpg.rf.TzQiWvGCVBEbEPAOxbur.txt,Label has no matching supported image.
error,orphan_label,train/labels/20240215_175211_jpg.rf.pLkCYXK19gH6dwDMy6yp.txt,Label has no matching supported image.
error,orphan_label,train/labels/20240216_100946_jpg.rf.vkgA67lYZsKdH2XzGw73.txt,Label has no matching supported image.
error,orphan_label,train/labels/20240216_101930_jpg.rf.ovczEXjZ0GXPCl3aqp1T.txt,Label has no matching supported image.
error,orphan_label,train/labels/20240216_102006_jpg.rf.UuBoCyV5i7PhCI25KAyE.txt,Label has no matching supported image.
error,orphan_label,train/labels/20240216_102357_jpg.rf.envuaHrkd76pcwpD1T5o.txt,Label has no matching supported image.
error,orphan_label,train/labels/20240216_140120_jpg.rf.DxAW7pYQAEFgf2Hxoz0G.txt,Label has no matching supported image.
error,orphan_label,train/labels/20240216_140327_jpg.rf.H9mzGQ31uc0XXzs4X2Oj.txt,Label has no matching supported image.
error,orphan_label,train/labels/20240216_140412_jpg.rf.Q0y1ACmAzSh3b62zbbfq.txt,Label has no matching supported image.
error,orphan_label,train/labels/20240216_140500_jpg.rf.Qx0W8Ftivd3X3Y2xsy7k.txt,Label has no matching supported image.
error,orphan_label,train/labels/20240216_140506_jpg.rf.L34VqZW7Zi7CxhXOMI2w.txt,Label has no matching supported image.
error,orphan_label,train/labels/20240216_142520_jpg.rf.7stQASOsqnLkxWWsrOQj.txt,Label has no matching supported image.
error,orphan_label,train/labels/20240216_143357_jpg.rf.azXexxeYs2WKwC2jGMCD.txt,Label has no matching supported image.
error,orphan_label,train/labels/20240216_143432_jpg.rf.fF1E24hDNIqr8WySIgn4.txt,Label has no matching supported image.
error,orphan_label,train/labels/20240216_143445_jpg.rf.NI7PUaruvXDZkbIfWOo9.txt,Label has no matching supported image.
error,orphan_label,train/labels/20240216_143525_jpg.rf.AgYlhAtR7RFGXSURQ09N.txt,Label has no matching supported image.
error,orphan_label,train/labels/20240216_143537_jpg.rf.bn5pGhpqX3hycmILjzDP.txt,Label has no matching supported image.
error,orphan_label,train/labels/20240216_143550_jpg.rf.L4AIyf6qgXhSArT7kBar.txt,Label has no matching supported image.
error,orphan_label,train/labels/20240216_143645_jpg.rf.IQemW7OcFYtmoVPd1k6f.txt,Label has no matching supported image.
error,orphan_label,train/labels/20240216_143807_jpg.rf.PLkEs7kpZAzEbv4iNdxg.txt,Label has no matching supported image.
error,orphan_label,train/labels/20240216_143821_jpg.rf.YbSKaY2VxLDHJ3D1GXwv.txt,Label has no matching supported image.
error,orphan_label,train/labels/20240216_143834_jpg.rf.j3EsKF6DO8g4caBjicVg.txt,Label has no matching supported image.
error,orphan_label,train/labels/20240216_143838_jpg.rf.kfs1TePlEPu3HkcdNuVU.txt,Label has no matching supported image.
error,orphan_label,train/labels/20240216_143914_jpg.rf.MtC4RUZ9FoHLTde3lvb2.txt,Label has no matching supported image.
error,orphan_label,train/labels/20240216_144004_jpg.rf.Lr815FDTidg02kFltgKl.txt,Label has no matching supported image.
error,orphan_label,train/labels/20240216_144017_jpg.rf.eoFQDXBxoRCEXpYzR3dW.txt,Label has no matching supported image.
error,orphan_label,train/labels/20240216_144021_jpg.rf.zW9gEZKvXseZzwYvVOek.txt,Label has no matching supported image.
error,orphan_label,train/labels/20240216_144034_jpg.rf.3yqQcFkVEyOgiHYX7a4n.txt,Label has no matching supported image.
error,orphan_label,train/labels/20240216_144053_jpg.rf.uyRg7SL2biYBpAKlgdjC.txt,Label has no matching supported image.
error,orphan_label,train/labels/20240216_151624_jpg.rf.6VJBLQcsrPl9AiWIDjSF.txt,Label has no matching supported image.
error,orphan_label,train/labels/20240216_151633_jpg.rf.N8QtcMPCo5Sq7I2M8cJG.txt,Label has no matching supported image.
error,orphan_label,train/labels/20240216_151751_jpg.rf.PPKOav0IwWBn1TJaTA5g.txt,Label has no matching supported image.
error,orphan_label,train/labels/20240216_151810_jpg.rf.jzGADHKnLIoLhTLVC3PL.txt,Label has no matching supported image.
error,orphan_label,train/labels/20240216_151812_jpg.rf.gHEySomBwl6AwH10NteN.txt,Label has no matching supported image.
error,orphan_label,train/labels/20240216_151843_jpg.rf.mCj2aEXst1wrjfhWAs3o.txt,Label has no matching supported image.
error,orphan_label,train/labels/20240216_151854_jpg.rf.kJk3J6P5B2Mn11UV1DNK.txt,Label has no matching supported image.
error,orphan_label,train/labels/20240216_151915_jpg.rf.62gOUSjOdTjHnuapbtJ3.txt,Label has no matching supported image.
error,orphan_label,train/labels/20240216_151936_jpg.rf.DW8QqU61nq6MebKwFHp4.txt,Label has no matching supported image.
error,orphan_label,train/labels/20240216_151945_jpg.rf.pS3LtgtqCXheIVqFOS0C.txt,Label has no matching supported image.
error,orphan_label,train/labels/20240216_151953_jpg.rf.NGksvDL58CWZLBOAudHO.txt,Label has no matching supported image.
error,orphan_label,train/labels/20240216_151954_jpg.rf.O0TvugkneBVxCOXiKDUK.txt,Label has no matching supported image.
error,orphan_label,train/labels/20240216_152032_jpg.rf.eI6Nx3VWyKolqlXrp5ve.txt,Label has no matching supported image.
error,orphan_label,train/labels/20240216_152034_jpg.rf.JyNCqp0eNKdaXfMQnbv6.txt,Label has no matching supported image.
error,orphan_label,train/labels/20240216_152100_jpg.rf.FTQOpzMAvx5RITG2hS3Z.txt,Label has no matching supported image.
error,orphan_label,train/labels/20240216_152102_jpg.rf.vG2ZvzbzIBItj7zvjjYK.txt,Label has no matching supported image.
error,orphan_label,train/labels/20240216_152111_jpg.rf.MQe36fkJ5x5JP4Xw9tnE.txt,Label has no matching supported image.
error,orphan_label,train/labels/20240216_152140_jpg.rf.0YoTuXzuUApivoA3SFxD.txt,Label has no matching supported image.
error,orphan_label,train/labels/20240216_152142_jpg.rf.wsbEXoZlhY2JYafeoHEn.txt,Label has no matching supported image.
error,orphan_label,train/labels/20240216_152407_jpg.rf.snPCn41ars4iFirCIO7I.txt,Label has no matching supported image.
error,orphan_label,train/labels/20240216_152434_jpg.rf.KqyG3M06dtRKJCj3wDcR.txt,Label has no matching supported image.
error,orphan_label,train/labels/20240216_152510_jpg.rf.tvdCcQ4bAIRHkTjE9cgq.txt,Label has no matching supported image.
error,orphan_label,train/labels/20240216_152520_jpg.rf.tDU7xyu7ucZxptiOZlEi.txt,Label has no matching supported image.
error,orphan_label,train/labels/20240216_152524_jpg.rf.gOxKZlrmfV14dsUykNUi.txt,Label has no matching supported image.
error,orphan_label,train/labels/20240216_152527_jpg.rf.qZZAk88ycb3w0H00AU3V.txt,Label has no matching supported image.
error,orphan_label,train/labels/20240216_152535_jpg.rf.psXY5dluXX5gVwhYYTlh.txt,Label has no matching supported image.
error,orphan_label,train/labels/20240216_152550_jpg.rf.4xCMmNWWA5JYM9RKSSlH.txt,Label has no matching supported image.
error,orphan_label,train/labels/20240216_160609_jpg.rf.ikgTsNU72QIcTYKXqdaW.txt,Label has no matching supported image.
error,orphan_label,train/labels/20240216_161223_jpg.rf.0FIZQ7lj4vcpiyxGgOwz.txt,Label has no matching supported image.
error,orphan_label,train/labels/20240216_161235_jpg.rf.tQGwy8Wh1oVtBkl0MSIc.txt,Label has no matching supported image.
error,orphan_label,train/labels/20240216_161307_jpg.rf.XuIPmeSxWM6izQvWU2Az.txt,Label has no matching supported image.
error,orphan_label,train/labels/20240216_164326_jpg.rf.buUp5i8sAwWsPjhIAyUD.txt,Label has no matching supported image.
error,orphan_label,train/labels/20240216_164458_jpg.rf.bAfyDHteg4bipeSiVOch.txt,Label has no matching supported image.
error,orphan_label,train/labels/20240216_164502_jpg.rf.kHimke6AwtXliS03Y95b.txt,Label has no matching supported image.
error,orphan_label,train/labels/20240216_164523_jpg.rf.R9YNtcbWwXzIm35mx9cH.txt,Label has no matching supported image.
error,orphan_label,train/labels/20240216_164526_jpg.rf.8X4yiXSjf3C0bjuSNbLK.txt,Label has no matching supported image.
error,orphan_label,train/labels/20240216_164530_jpg.rf.zcz19jhskh4od3DpoO2O.txt,Label has no matching supported image.
error,orphan_label,train/labels/20240216_164610_jpg.rf.M2I9HtyTX1JJdXSfmoCO.txt,Label has no matching supported image.
error,orphan_label,train/labels/20240216_164732_jpg.rf.lWNiXrG17NAdWvj1IcWc.txt,Label has no matching supported image.
error,orphan_label,train/labels/20240216_165202_jpg.rf.0z2NjYnpLLAcL9hMGljc.txt,Label has no matching supported image.
error,orphan_label,train/labels/20240216_165329_jpg.rf.0MuMDJUABjvHzeN6Sf0I.txt,Label has no matching supported image.
error,orphan_label,train/labels/20240216_165408_jpg.rf.Qx3wScguZpvBgrpR6Oqq.txt,Label has no matching supported image.
error,orphan_label,train/labels/20240216_165807_jpg.rf.LrMy0BW8aIeSS8ipIas9.txt,Label has no matching supported image.
error,orphan_label,train/labels/20240216_170609_jpg.rf.ve4tQmfRGmYgeRSR6kM4.txt,Label has no matching supported image.
error,orphan_label,train/labels/20240216_170746_jpg.rf.Ocr5KGZtC6wA5aJsDRKX.txt,Label has no matching supported image.
error,orphan_label,train/labels/20240216_170754_jpg.rf.aXMlxLysnFGR4EtXtBp3.txt,Label has no matching supported image.
error,orphan_label,train/labels/20240216_170923_jpg.rf.rth85s9SJJuYC09mqNBB.txt,Label has no matching supported image.
error,orphan_label,train/labels/20240216_171737_jpg.rf.QlmbS3zkfZ57ieZJZLfw.txt,Label has no matching supported image.
error,orphan_label,train/labels/20240216_171804_jpg.rf.QcvDTZ1gIZgu6pNM75WH.txt,Label has no matching supported image.
error,orphan_label,train/labels/20240216_171823_jpg.rf.mHJT1EAMHq5L79nV3Y6j.txt,Label has no matching supported image.
error,orphan_label,train/labels/20240216_183818_jpg.rf.Oos2WhgQGQeQR4Kleko6.txt,Label has no matching supported image.
error,orphan_label,train/labels/20240216_184111_jpg.rf.5Xz2jEZFQMGxBA5hwU1D.txt,Label has no matching supported image.
error,orphan_label,train/labels/20240216_201843_jpg.rf.9nobmd1QjVSNVuFXX2zf.txt,Label has no matching supported image.
error,orphan_label,train/labels/20240216_201859_jpg.rf.naFI4kOrBcuZgX27g1Lu.txt,Label has no matching supported image.
error,orphan_label,train/labels/20240216_201918_jpg.rf.KXGebe6JAkJuKdgEXyeK.txt,Label has no matching supported image.
error,orphan_label,train/labels/20240216_201950_jpg.rf.itsq8647XRLTdaAPEnmB.txt,Label has no matching supported image.
error,orphan_label,train/labels/20240216_202009_jpg.rf.2rU2QxFgkyBWF9NkeMOz.txt,Label has no matching supported image.
error,orphan_label,train/labels/20240216_202028_jpg.rf.pebdCP0ZZ8yCfdEipyBA.txt,Label has no matching supported image.
error,orphan_label,train/labels/20240216_202043_jpg.rf.SbtkKcCjGJX7ZFJDIxg4.txt,Label has no matching supported image.
error,orphan_label,train/labels/20240216_202054_jpg.rf.loFyGpJykAcHQbA3kFxr.txt,Label has no matching supported image.
error,orphan_label,train/labels/20240216_202106_jpg.rf.J8NC2Is0ofUsJXMenP38.txt,Label has no matching supported image.
error,orphan_label,train/labels/20240216_202119_jpg.rf.YdzrtNytiZEQvqmy7Kj9.txt,Label has no matching supported image.
error,orphan_label,train/labels/20240216_202206_jpg.rf.U1aG3vk9n03XDP9oCIrI.txt,Label has no matching supported image.
error,orphan_label,train/labels/20240216_202221_jpg.rf.ooF3x0hGVZAMGdiMysU0.txt,Label has no matching supported image.
error,orphan_label,train/labels/20240216_202459_jpg.rf.hRFqrMfamU2x01IpDNfR.txt,Label has no matching supported image.
error,orphan_label,train/labels/20240216_202511_jpg.rf.ilI4eJuA0mX1oVVjsrmI.txt,Label has no matching supported image.
error,orphan_label,train/labels/20240216_202822_jpg.rf.dKXP765YDmPXlZn8s4SZ.txt,Label has no matching supported image.
error,orphan_label,train/labels/20240216_202831_jpg.rf.DM14jigQ1QCyQFvHqDVy.txt,Label has no matching supported image.
error,orphan_label,train/labels/20240216_202839_jpg.rf.A0NVo5rwO38NuNK1Bzxw.txt,Label has no matching supported image.
error,orphan_label,train/labels/20240216_202843_jpg.rf.mxYOZPL6FzRH6g60Mh4r.txt,Label has no matching supported image.
error,orphan_label,train/labels/20240216_202904_jpg.rf.GLeXskNziEtcburqKhjP.txt,Label has no matching supported image.
error,orphan_label,train/labels/20240216_202911_jpg.rf.53VZod8Jb4BeUnF8Y0Mt.txt,Label has no matching supported image.
error,orphan_label,train/labels/20240216_203100_jpg.rf.9ORFhlKohtrGA19Boy8n.txt,Label has no matching supported image.
error,orphan_label,train/labels/20240216_203115_jpg.rf.9ASt301AMEi53i4NjKOI.txt,Label has no matching supported image.
error,orphan_label,train/labels/20240216_203159_jpg.rf.8bJx76li74eXyvuub0dj.txt,Label has no matching supported image.
error,orphan_label,train/labels/20240216_205353_jpg.rf.k3UmJcjtHI0vnBcLbnmz.txt,Label has no matching supported image.
error,orphan_label,train/labels/20240216_205426_jpg.rf.0wiShTB8PqwGWaouy2HV.txt,Label has no matching supported image.
error,orphan_label,train/labels/20240216_205435_jpg.rf.3UxkdhYeU9JCWnFVlpzf.txt,Label has no matching supported image.
error,orphan_label,train/labels/20240216_205450_jpg.rf.EJHMBDOZdDvIR6UhhLcr.txt,Label has no matching supported image.
error,orphan_label,train/labels/20240216_205455_jpg.rf.ceuhx5YsuQi06DFCFUmr.txt,Label has no matching supported image.
error,orphan_label,train/labels/20240216_205922_jpg.rf.3LlfS4YWBza8slvCoBKK.txt,Label has no matching supported image.
error,orphan_label,train/labels/20240216_210034_jpg.rf.5CRuFCld5w41ZzQgs3hT.txt,Label has no matching supported image.
error,orphan_label,train/labels/20240216_210245_jpg.rf.KfvA0y29LFqiWOayREJh.txt,Label has no matching supported image.
error,orphan_label,train/labels/20240216_210256_jpg.rf.HG3HOwZAnFHNsom1ZjVl.txt,Label has no matching supported image.
error,orphan_label,train/labels/20240216_213209_jpg.rf.d4rtkbZNY9p2UdF6yiFR.txt,Label has no matching supported image.
error,orphan_label,train/labels/20240216_213253_jpg.rf.15OKr8DiWE0WRzNTpCqj.txt,Label has no matching supported image.
error,orphan_label,train/labels/20240216_213548_jpg.rf.OX6BAMDoBaophNc2lqeS.txt,Label has no matching supported image.
error,orphan_label,train/labels/20240216_213645_jpg.rf.lxDUkTAY8Zk52nrXU1GC.txt,Label has no matching supported image.
error,orphan_label,train/labels/20240216_213710_jpg.rf.nKglOi1Wr6TSLWTN5Seh.txt,Label has no matching supported image.
error,orphan_label,train/labels/20240216_213813_jpg.rf.fKFkSgix8ff3JwybixGY.txt,Label has no matching supported image.
error,orphan_label,train/labels/20240216_213826_jpg.rf.YVFYR3gomnjLAGbtCvD9.txt,Label has no matching supported image.
error,orphan_label,train/labels/20240216_213847_jpg.rf.cLinNG3pNKdXFfdirXsJ.txt,Label has no matching supported image.
error,orphan_label,train/labels/20240216_213923_jpg.rf.3j4dKBXlsP6gdy3KFdtp.txt,Label has no matching supported image.
error,orphan_label,train/labels/20240216_220351_jpg.rf.O40CD2TXwXfoT2nBibTI.txt,Label has no matching supported image.
error,orphan_label,train/labels/20240216_220612_jpg.rf.g9FD6H0eppMHDQiKLaFo.txt,Label has no matching supported image.
error,orphan_label,train/labels/20240216_222141_jpg.rf.yTgdaWbokGVAvyfblqy9.txt,Label has no matching supported image.
error,orphan_label,train/labels/20240216_222704_jpg.rf.9bOOEL0a5FZd2Xdjxc9f.txt,Label has no matching supported image.
error,orphan_label,train/labels/20240216_222850_jpg.rf.17R3V5zbjqtzJY8Xhimi.txt,Label has no matching supported image.
error,orphan_label,train/labels/20240217_190924_jpg.rf.Oeg7v9m2I8kgJ8afRznp.txt,Label has no matching supported image.
error,orphan_label,train/labels/20240218_144717_jpg.rf.RKzWlXga4TZxIbyrM0SP.txt,Label has no matching supported image.
error,orphan_label,train/labels/20240218_144734_jpg.rf.Fpv2nEAvqGMYkGJGx7pg.txt,Label has no matching supported image.
error,orphan_label,train/labels/20240218_144903_jpg.rf.gs00M6QmOwu0Du4kFRhd.txt,Label has no matching supported image.
error,orphan_label,train/labels/20240218_144919_jpg.rf.FvWmODWEPZSOuB0kmw49.txt,Label has no matching supported image.
error,orphan_label,train/labels/20240218_144949_jpg.rf.FH8LvYEmpPBbxMVus6sa.txt,Label has no matching supported image.
error,orphan_label,train/labels/20240218_144957_jpg.rf.Q1NWrFST5Mx4vr0rhAg8.txt,Label has no matching supported image.
error,orphan_label,train/labels/20240218_145037_jpg.rf.wpAzoh0PMLNpOYHU6uXf.txt,Label has no matching supported image.
error,orphan_label,train/labels/20240218_145042_jpg.rf.rKk1Rmhkf9OPAC4kdu8S.txt,Label has no matching supported image.
error,orphan_label,train/labels/20240218_145127_jpg.rf.eAJdlPmVnDqzexxv3WbL.txt,Label has no matching supported image.
error,orphan_label,train/labels/20240218_145146_jpg.rf.2Xffc33BVFBbVPkU7WTW.txt,Label has no matching supported image.
error,orphan_label,train/labels/20240218_145205_jpg.rf.oYc0bfF4KxyT2retJ2SV.txt,Label has no matching supported image.
error,orphan_label,train/labels/20240218_145215_jpg.rf.0hEwNYDhsHObCKP3BPmo.txt,Label has no matching supported image.
error,orphan_label,train/labels/20240218_145223_jpg.rf.TEQxES6IWJDfjsdxDB2v.txt,Label has no matching supported image.
error,orphan_label,train/labels/20240218_145252_jpg.rf.l3GfN7hBcB6zqrdFVBgT.txt,Label has no matching supported image.
error,orphan_label,train/labels/20240218_145407_jpg.rf.Wb8LLmwszt8RTfHCfPdS.txt,Label has no matching supported image.
error,orphan_label,train/labels/20240218_145433_jpg.rf.xeDULjbn2N5vW61WDZrE.txt,Label has no matching supported image.
error,orphan_label,train/labels/20240218_145538_jpg.rf.fDWxdS9kMV7u5ExdPOIy.txt,Label has no matching supported image.
error,orphan_label,train/labels/20240218_145711_jpg.rf.idop4ZT9I5XvJBP2WbMn.txt,Label has no matching supported image.
error,orphan_label,train/labels/20240218_145823_jpg.rf.bxEW6YVfHbFsOQDEofwH.txt,Label has no matching supported image.
error,orphan_label,train/labels/20240218_145824_jpg.rf.9iwiq87qvX6ViPA3rmku.txt,Label has no matching supported image.
error,orphan_label,train/labels/20240218_145837_jpg.rf.fvCnjfmAqNRC9rst5Kf9.txt,Label has no matching supported image.
error,orphan_label,train/labels/20240218_145853_jpg.rf.pa5yzp1imX6CbIPy48Re.txt,Label has no matching supported image.
error,orphan_label,train/labels/20240218_145943_jpg.rf.E4v6cNx8riJGGvJJuDfh.txt,Label has no matching supported image.
error,orphan_label,train/labels/20240218_145949_jpg.rf.nDh6ohF28GoxxBEUnSjF.txt,Label has no matching supported image.
error,orphan_label,train/labels/20240218_1508132_jpg.rf.aNxIhM5kSLfQG2s8j89d.txt,Label has no matching supported image.
error,orphan_label,train/labels/20240218_150813_jpg.rf.ShyZkrz8iDFbCYJY2iir.txt,Label has no matching supported image.
error,orphan_label,train/labels/20240218_151053_jpg.rf.UciqhXqBaw7wvMgoX7OQ.txt,Label has no matching supported image.
error,orphan_label,train/labels/20240218_151141_jpg.rf.x59nvADfopRiQdhrvqox.txt,Label has no matching supported image.
error,orphan_label,train/labels/20240218_151510_jpg.rf.ulIAhFdx8G5OGkOJ3yHo.txt,Label has no matching supported image.
error,orphan_label,train/labels/20240218_151931_jpg.rf.lPNclwb8G6O9QGKQzUcu.txt,Label has no matching supported image.
error,orphan_label,train/labels/20240218_152348_jpg.rf.6Xxab97jWnthtexmRzOX.txt,Label has no matching supported image.
error,orphan_label,train/labels/20240218_152611_jpg.rf.F85PJ05OmRnMw6tthlDj.txt,Label has no matching supported image.
error,orphan_label,train/labels/20240218_152626_jpg.rf.tbCIweNfyD9xzl2ew64o.txt,Label has no matching supported image.
error,orphan_label,train/labels/20240218_152857_jpg.rf.8edHTtEBOHda9EPdTexq.txt,Label has no matching supported image.
error,orphan_label,train/labels/20240218_153234_jpg.rf.8jspfmt9KxVPbCbTQ6JS.txt,Label has no matching supported image.
error,orphan_label,train/labels/20240218_153245_jpg.rf.EJx05meIMiht0o88Ou9W.txt,Label has no matching supported image.
error,orphan_label,train/labels/20240218_153325_jpg.rf.FriVJVf8mdDDUVyUrdru.txt,Label has no matching supported image.
error,orphan_label,train/labels/20240218_153346_jpg.rf.nQnSUtECNUVHafUDTsKP.txt,Label has no matching supported image.
error,orphan_label,train/labels/20240218_153348_jpg.rf.hhhFtJLFDGKPv5NL9xGB.txt,Label has no matching supported image.
error,orphan_label,train/labels/20240218_153456_jpg.rf.EWGcIGr5pny6wWZSeJ1S.txt,Label has no matching supported image.
error,orphan_label,train/labels/20240218_153508_jpg.rf.7djZhleLT8HRdsZwWL74.txt,Label has no matching supported image.
error,orphan_label,train/labels/20240218_153512_jpg.rf.s8TivTveqeYArsWw0kGv.txt,Label has no matching supported image.
error,orphan_label,train/labels/20240218_153517_jpg.rf.1AdOVtnFLozG0UNgKfwO.txt,Label has no matching supported image.
error,orphan_label,train/labels/20240218_153520_jpg.rf.T4FYlmLOp6D5QggRuGca.txt,Label has no matching supported image.
error,orphan_label,train/labels/20240218_153652_jpg.rf.RWSzzmOHxZBj5NRRQVC0.txt,Label has no matching supported image.
error,orphan_label,train/labels/20240218_153655_jpg.rf.rJZ3idN4sPzwTSmjnKEQ.txt,Label has no matching supported image.
error,orphan_label,train/labels/20240218_154351_jpg.rf.rHC0KjZa2oISg661ZArj.txt,Label has no matching supported image.
error,orphan_label,train/labels/20240218_154545_jpg.rf.sr0MxHhXyv7jKkwCJDZh.txt,Label has no matching supported image.
error,orphan_label,train/labels/20240218_154707_jpg.rf.nmOic6RsNo4qqdsBzLav.txt,Label has no matching supported image.
error,orphan_label,train/labels/20240218_155138_jpg.rf.UZW18JiOznrMoCKQePSu.txt,Label has no matching supported image.
error,orphan_label,train/labels/20240218_155252_jpg.rf.FqReRtoEhy54inGGnMrc.txt,Label has no matching supported image.
error,orphan_label,train/labels/20240218_155302_jpg.rf.b3Vo28tmiMZDO1AGDkRV.txt,Label has no matching supported image.
error,orphan_label,train/labels/20240218_155310_jpg.rf.ZR2HvGWEVuEic3XBAekm.txt,Label has no matching supported image.
error,orphan_label,train/labels/20240218_155357_jpg.rf.JAdRnYwkKnd5bd13bj4J.txt,Label has no matching supported image.
error,orphan_label,train/labels/20240218_155411_jpg.rf.BqS5SjQyApWOBFLQvXcJ.txt,Label has no matching supported image.
error,orphan_label,train/labels/20240218_155431_jpg.rf.Ny4gqDWREJKwtvvBXpWH.txt,Label has no matching supported image.
error,orphan_label,train/labels/20240218_155445_jpg.rf.loc2aiVIw9it5yrzNTko.txt,Label has no matching supported image.
error,orphan_label,train/labels/20240218_155459_jpg.rf.rdQy2hpOPbkJo4AF0yEO.txt,Label has no matching supported image.
error,orphan_label,train/labels/20240218_155510_jpg.rf.EmzirKOXz4obxrGuh6zp.txt,Label has no matching supported image.
error,orphan_label,train/labels/20240218_155523_jpg.rf.oZyPJ8dJZdCzCQFHQSxP.txt,Label has no matching supported image.
error,orphan_label,train/labels/20240218_155601_jpg.rf.MeDegnZiDL6vlKZYSqII.txt,Label has no matching supported image.
error,orphan_label,train/labels/20240218_155708_jpg.rf.T10MSJZvDGdDoNn39LOL.txt,Label has no matching supported image.
error,orphan_label,train/labels/20240218_155709_jpg.rf.FQMTKEAc2SjJR2WFZM01.txt,Label has no matching supported image.
error,orphan_label,train/labels/20240218_155807_jpg.rf.27m1wVznh8zSs69A8c6y.txt,Label has no matching supported image.
error,orphan_label,train/labels/20240218_155816_jpg.rf.uvvW50SmalROtshKZX2I.txt,Label has no matching supported image.
error,orphan_label,train/labels/20240218_155822_jpg.rf.85xaMcS4BSQ7IAGP5aXX.txt,Label has no matching supported image.
error,orphan_label,train/labels/20240218_155826_jpg.rf.oVgeZ71E1EO4lexfcjFK.txt,Label has no matching supported image.
error,orphan_label,train/labels/20240218_155828_jpg.rf.UJeTsf14Bw8ElN53FouO.txt,Label has no matching supported image.
error,orphan_label,train/labels/20240218_155849_jpg.rf.bTLGEXot6CvcNMKMTdH5.txt,Label has no matching supported image.
error,orphan_label,train/labels/20240218_155925_jpg.rf.zHSBJfNT9Jp1NH4aptZ2.txt,Label has no matching supported image.
error,orphan_label,train/labels/20240218_155926_jpg.rf.0rz0qqRi5VW3x8jiJIkY.txt,Label has no matching supported image.
error,orphan_label,train/labels/20240218_155943_jpg.rf.0qjOoTrJS9OCuNFKR3Y3.txt,Label has no matching supported image.
error,orphan_label,train/labels/20240218_155953_jpg.rf.S82XI3EBDBme7tO9Emep.txt,Label has no matching supported image.
error,orphan_label,train/labels/20240218_160012_jpg.rf.OgNI670hxwrtCStsJaDI.txt,Label has no matching supported image.
error,orphan_label,train/labels/20240218_160027_jpg.rf.OkUhmQwKvXrDwo9dPXPk.txt,Label has no matching supported image.
error,orphan_label,train/labels/20240218_160033_jpg.rf.zGJctS0sy1luY8JQoc1W.txt,Label has no matching supported image.
error,orphan_label,train/labels/20240218_160049_jpg.rf.opzNEfR4DjZmlLOagtPF.txt,Label has no matching supported image.
error,orphan_label,train/labels/20240218_160109_jpg.rf.waqfWwPy9tSH5lkPqIlT.txt,Label has no matching supported image.
error,orphan_label,train/labels/20240218_160122_jpg.rf.B99UJ8eSe2rR9FH8HEcF.txt,Label has no matching supported image.
error,orphan_label,train/labels/20240218_160133_jpg.rf.G1Z5SfShAjaQU6exs1kW.txt,Label has no matching supported image.
error,orphan_label,train/labels/20240218_160201_jpg.rf.0GxHnve8KkU7II0HmjGB.txt,Label has no matching supported image.
error,orphan_label,train/labels/20240218_160204_jpg.rf.jNSjN641JfxzAxRsTruT.txt,Label has no matching supported image.
error,orphan_label,train/labels/20240218_160211_jpg.rf.9mnNtUJf9qo7lg6LHwET.txt,Label has no matching supported image.
error,orphan_label,train/labels/20240218_160241_jpg.rf.tIfUn3g9ctsw0TJj2SNs.txt,Label has no matching supported image.
error,orphan_label,train/labels/20240218_160251_jpg.rf.tBBSmrEEQb1AHQucjyGk.txt,Label has no matching supported image.
error,orphan_label,train/labels/20240218_160331_jpg.rf.7wuYUqc29dT7fXWRnLmf.txt,Label has no matching supported image.
error,orphan_label,train/labels/20240218_160349_jpg.rf.kwR4Mh384dqHv8wVUCHW.txt,Label has no matching supported image.
error,orphan_label,train/labels/20240218_160358_jpg.rf.ZJMGDytDBtIQHzzsRmeG.txt,Label has no matching supported image.
error,orphan_label,train/labels/20240218_160404_jpg.rf.bEpBwZWiuF3ZLffupeZC.txt,Label has no matching supported image.
error,orphan_label,train/labels/20240218_160442_jpg.rf.i116R5R90zatPnur06Be.txt,Label has no matching supported image.
error,orphan_label,train/labels/20240218_160443_jpg.rf.0zrdjrySlm5s0IlkTAe9.txt,Label has no matching supported image.
error,orphan_label,train/labels/20240218_160450_jpg.rf.VRMfHRbBc9ghvfO2T7nW.txt,Label has no matching supported image.
error,orphan_label,train/labels/20240218_160507_jpg.rf.ycEVpDU1AsYZA4nBmybH.txt,Label has no matching supported image.
error,orphan_label,train/labels/20240218_160606_jpg.rf.WUCsuXfsX1dRHjHCzTla.txt,Label has no matching supported image.
error,orphan_label,train/labels/20240218_160641_jpg.rf.PowQXuqmWQq0xKNmJXad.txt,Label has no matching supported image.
error,orphan_label,train/labels/20240218_160650_jpg.rf.scCxaebDyLqdmsbT4QLg.txt,Label has no matching supported image.
error,orphan_label,train/labels/20240218_160654_jpg.rf.BbTjo5WChcWbGFaIh6P2.txt,Label has no matching supported image.
error,orphan_label,train/labels/20240218_160657_jpg.rf.OpwaivO5mhBcivwBB6Nh.txt,Label has no matching supported image.
error,orphan_label,train/labels/20240218_160700_jpg.rf.KR7q7MgY7iMNIU27aWa7.txt,Label has no matching supported image.
error,orphan_label,train/labels/20240218_160831_jpg.rf.Ixs9jsMOmBpJ6FCBj188.txt,Label has no matching supported image.
error,orphan_label,train/labels/20240218_161048_jpg.rf.FC28GQwwN6eWLQBDyJIo.txt,Label has no matching supported image.
error,orphan_label,train/labels/20240218_161052_jpg.rf.jbOnRC2c3TF9gaeVrQP7.txt,Label has no matching supported image.
error,orphan_label,train/labels/20240218_161158_jpg.rf.ib5ndo9dEiUi29MtPIA9.txt,Label has no matching supported image.
error,orphan_label,train/labels/20240218_161205_jpg.rf.huPaF9WKttJW4OQMJk88.txt,Label has no matching supported image.
error,orphan_label,train/labels/20240218_161250_jpg.rf.puviiZ6ubGTRTebkuc0q.txt,Label has no matching supported image.
error,orphan_label,train/labels/20240218_161353_jpg.rf.1kS5ijgEJm5NOLHWmtbj.txt,Label has no matching supported image.
error,orphan_label,train/labels/20240218_161400_jpg.rf.L43p6pPVHaL6Emd8zi6S.txt,Label has no matching supported image.
error,orphan_label,train/labels/20240218_161426_jpg.rf.xUUwuDkLUltt93YRxLsq.txt,Label has no matching supported image.
error,orphan_label,train/labels/20240218_161435_jpg.rf.A7SpPT527afa6NOI8OML.txt,Label has no matching supported image.
error,orphan_label,train/labels/20240218_161447_jpg.rf.YUanxnglcmbfj3muQ0En.txt,Label has no matching supported image.
error,orphan_label,train/labels/20240218_161449_jpg.rf.MLb9ZgdJ5PTmymPjgycb.txt,Label has no matching supported image.
error,orphan_label,train/labels/20240218_161454_jpg.rf.UOsP9HBmC4GDVYU5VQgh.txt,Label has no matching supported image.
error,orphan_label,train/labels/20240218_161458_jpg.rf.s4PoJXbcTywVwMCAOvVp.txt,Label has no matching supported image.
error,orphan_label,train/labels/20240218_161526_jpg.rf.kUyWc692CoJ7mLAfSK76.txt,Label has no matching supported image.
error,orphan_label,train/labels/20240218_161706_jpg.rf.PKdYOGdI9PnzhfCxqOG9.txt,Label has no matching supported image.
error,orphan_label,train/labels/20240218_161730_jpg.rf.DlJ4GEKXw4Ivt64DXuZ5.txt,Label has no matching supported image.
error,orphan_label,train/labels/20240218_161734_jpg.rf.OiV3uVthDgj5kfpf22hQ.txt,Label has no matching supported image.
error,orphan_label,train/labels/20240218_161743_jpg.rf.ezviUXBkMu3UMWmQgs2T.txt,Label has no matching supported image.
error,orphan_label,train/labels/20240218_161806_jpg.rf.ORLmEIhNatHhYgyQ8H17.txt,Label has no matching supported image.
error,orphan_label,train/labels/20240218_161830_jpg.rf.OvpNFo3jxs8GonKT94ya.txt,Label has no matching supported image.
error,orphan_label,train/labels/20240218_161840_jpg.rf.xXIImfswDHnZ9YrsRlDZ.txt,Label has no matching supported image.
error,orphan_label,train/labels/20240218_161916_jpg.rf.6WfhHw6eHANh46OQOxxR.txt,Label has no matching supported image.
error,orphan_label,train/labels/20240218_161924_jpg.rf.VjA1SbWPw4ilKWu5R4h6.txt,Label has no matching supported image.
error,orphan_label,train/labels/20240218_162020_jpg.rf.23JSbr5cwZmysuNW21kd.txt,Label has no matching supported image.
error,orphan_label,train/labels/20240218_162039_jpg.rf.9cbF3Foq45nuspkkQHqD.txt,Label has no matching supported image.
error,orphan_label,train/labels/20240218_162056_jpg.rf.G2Jt4Ech1xYMsF541SL9.txt,Label has no matching supported image.
error,orphan_label,train/labels/20240218_162118_jpg.rf.WIoHOP5V8VAyHzDJzeL2.txt,Label has no matching supported image.
error,orphan_label,train/labels/20240218_162210_jpg.rf.TPL7bPjwYvRIDPCX4iDH.txt,Label has no matching supported image.
error,orphan_label,train/labels/20240218_162256_jpg.rf.ulsneY0GiyoQykqJV5yd.txt,Label has no matching supported image.
error,orphan_label,train/labels/20240218_162334_jpg.rf.OnIsTfw99QawbV4B0U9u.txt,Label has no matching supported image.
error,orphan_label,train/labels/20240218_162344_jpg.rf.Tcgl7UMTcGLefAniPm94.txt,Label has no matching supported image.
error,orphan_label,train/labels/20240218_162637_jpg.rf.b1eNepmQU5jKOxU7nm6O.txt,Label has no matching supported image.
error,orphan_label,train/labels/20240218_171006_jpg.rf.NKJ8iLwiEvEbHe41yKEx.txt,Label has no matching supported image.
error,orphan_label,train/labels/20240218_171204_jpg.rf.sx79s58E2lDSINL98zMi.txt,Label has no matching supported image.
error,orphan_label,train/labels/20240218_171235_jpg.rf.tPsbA0KeHAioZqEbAuK9.txt,Label has no matching supported image.
error,orphan_label,train/labels/20240218_171258_jpg.rf.iLr57zJskcR7vhFlK4Ii.txt,Label has no matching supported image.
error,orphan_label,train/labels/20240218_171303(0)_jpg.rf.nd3kGiPS8RW7K1ifAxUM.txt,Label has no matching supported image.
error,orphan_label,train/labels/20240218_171332_jpg.rf.VyIeHp3FP7nBkjZIaccr.txt,Label has no matching supported image.
error,orphan_label,train/labels/20240218_171430_jpg.rf.rqKsvYpraLGP8X4sq7iO.txt,Label has no matching supported image.
error,orphan_label,train/labels/20240218_171433_jpg.rf.FdnuyCCzggxiumbNYt6f.txt,Label has no matching supported image.
error,orphan_label,train/labels/20240218_171522_jpg.rf.hPwjimxuvQZCxVlKSqhj.txt,Label has no matching supported image.
error,orphan_label,train/labels/20240218_172104_jpg.rf.SqDcDYrlSsvrWtdUgtdy.txt,Label has no matching supported image.
error,orphan_label,train/labels/20240218_172122_jpg.rf.aCai6Z0g8P2kezTLnFTw.txt,Label has no matching supported image.
error,orphan_label,train/labels/20240218_172124_jpg.rf.P7NtNZAUPExQ6vJ33Ivg.txt,Label has no matching supported image.
error,orphan_label,train/labels/20240218_172139_jpg.rf.QCY8CX9VG7lWN6sRewIy.txt,Label has no matching supported image.
error,orphan_label,train/labels/20240218_172202_jpg.rf.auuyEBVsEJD1Hjjw2tyE.txt,Label has no matching supported image.
error,orphan_label,train/labels/20240218_172218_jpg.rf.1tv3ptWD44AAUBLssRps.txt,Label has no matching supported image.
error,orphan_label,train/labels/20240218_172451_jpg.rf.pRAxIANp5pKyTjBy2hTS.txt,Label has no matching supported image.
error,orphan_label,train/labels/20240218_172519_jpg.rf.nJN4hAvWE5hJPvrF3ZZF.txt,Label has no matching supported image.
error,orphan_label,train/labels/20240218_172600_jpg.rf.DoLsA5MpKPPxP3WTfcA2.txt,Label has no matching supported image.
error,orphan_label,train/labels/20240218_172605_jpg.rf.TBZhY4qZwttSN6oG981W.txt,Label has no matching supported image.
error,orphan_label,train/labels/20240218_172628_jpg.rf.Lf01NMD46pOXvEXietKY.txt,Label has no matching supported image.
error,orphan_label,train/labels/20240218_172647_jpg.rf.1qjtFGGQlp2UcnAWwruD.txt,Label has no matching supported image.
error,orphan_label,train/labels/20240218_172746_jpg.rf.lOmfyqzBL05MK5OOlnDv.txt,Label has no matching supported image.
error,orphan_label,train/labels/20240218_172954_jpg.rf.ITyPsgZVwWKfDkSLIW4w.txt,Label has no matching supported image.
error,orphan_label,train/labels/20240218_173144_jpg.rf.Ed8Yjpl0DdLg1sNncIbo.txt,Label has no matching supported image.
error,orphan_label,train/labels/20240218_173203_jpg.rf.dUcQqJ4V1zhr5nIOVkw3.txt,Label has no matching supported image.
error,orphan_label,train/labels/20240218_173210_jpg.rf.OdnMG5hTVJFRgG33EZcO.txt,Label has no matching supported image.
error,orphan_label,train/labels/20240218_173212_jpg.rf.sB9bgryDkdyhGVSgtzSb.txt,Label has no matching supported image.
error,orphan_label,train/labels/20240218_173244_jpg.rf.FcTRPSzBR5zdDUrJmn5L.txt,Label has no matching supported image.
error,orphan_label,train/labels/20240218_173252_jpg.rf.Zhfjv3L2h6ctyhrIZhIp.txt,Label has no matching supported image.
error,orphan_label,train/labels/20240218_173259_jpg.rf.R7Rj3xiIs9rvg4Wx4SkO.txt,Label has no matching supported image.
error,orphan_label,train/labels/20240218_173315_jpg.rf.OhPAUdF2YuevF5WTyspq.txt,Label has no matching supported image.
error,orphan_label,train/labels/20240218_173330_jpg.rf.09l3aSUCZGFWtKgePzx4.txt,Label has no matching supported image.
error,orphan_label,train/labels/20240218_173334_jpg.rf.NA16QADqQD6xQTmHBKYJ.txt,Label has no matching supported image.
error,orphan_label,train/labels/20240218_173358_jpg.rf.9u11P8LT5reBqgrmqxft.txt,Label has no matching supported image.
error,orphan_label,train/labels/20240218_173406_jpg.rf.nDhvdYK08FbstCVrVhqq.txt,Label has no matching supported image.
error,orphan_label,train/labels/20240218_173409_jpg.rf.QUdn8t58gzfBtkoZCoH9.txt,Label has no matching supported image.
error,orphan_label,train/labels/20240218_173438_jpg.rf.uWIlnZPZcdQFeL2nyQo1.txt,Label has no matching supported image.
error,orphan_label,train/labels/20240218_173440_jpg.rf.ZRym3oi1a68CrG0TnR6V.txt,Label has no matching supported image.
error,orphan_label,train/labels/20240218_173449_jpg.rf.rxaFSO969DlHeRPVhxVL.txt,Label has no matching supported image.
error,orphan_label,train/labels/20240218_173454_jpg.rf.yOOcuczwUxNSPXtoZMnk.txt,Label has no matching supported image.
error,orphan_label,train/labels/20240218_173458_jpg.rf.gxCPSmaKfiow9ROCM7WQ.txt,Label has no matching supported image.
error,orphan_label,train/labels/20240218_173536_jpg.rf.3xVMXkm60tVoOdqQ29fW.txt,Label has no matching supported image.
error,orphan_label,train/labels/20240218_173601_jpg.rf.C5cFpgOTlcHaN6eJaaa9.txt,Label has no matching supported image.
error,orphan_label,train/labels/20240218_173711_jpg.rf.syVFWxNqbvJ1AlBXoshx.txt,Label has no matching supported image.
error,orphan_label,train/labels/20240218_173726_jpg.rf.jJia5dRBuprd8zBc6r2j.txt,Label has no matching supported image.
error,orphan_label,train/labels/20240218_173812_jpg.rf.dVyDUCmmZ3AOp3P6AEs9.txt,Label has no matching supported image.
error,orphan_label,train/labels/20240218_173846_jpg.rf.686aalOPRYPa1JQecDsa.txt,Label has no matching supported image.
error,orphan_label,train/labels/20240218_173920_jpg.rf.jnQjqKJ3UpOp9oEzpnaj.txt,Label has no matching supported image.
error,orphan_label,train/labels/20240218_173941_jpg.rf.WHljDN34WTqu059XkYcu.txt,Label has no matching supported image.
error,orphan_label,train/labels/20240218_174002_jpg.rf.FCv4W5PgVKSMVs5MkoSA.txt,Label has no matching supported image.
error,orphan_label,train/labels/20240218_174019_jpg.rf.U89fmwYybDAdE6bzne5w.txt,Label has no matching supported image.
error,orphan_label,train/labels/20240218_174023_jpg.rf.pTCpGVxmaeEYIVuT7fbY.txt,Label has no matching supported image.
error,orphan_label,train/labels/20240218_174032_jpg.rf.u241s0GESEZRILqqgcXc.txt,Label has no matching supported image.
error,orphan_label,train/labels/20240218_174107_jpg.rf.BbNPSs7zWOGa0y4ZI7O0.txt,Label has no matching supported image.
error,orphan_label,train/labels/20240218_174115_jpg.rf.PVi2qV4DOtz5bStUAoQg.txt,Label has no matching supported image.
error,orphan_label,train/labels/20240218_174139_jpg.rf.dBiOoHW7wUCPmfZbigsH.txt,Label has no matching supported image.
error,orphan_label,train/labels/20240218_174144_jpg.rf.WGoFMWpXbhfoDGQqgKuH.txt,Label has no matching supported image.
error,orphan_label,train/labels/20240218_174153_jpg.rf.MTubGm2pOfNGxeH7nhRo.txt,Label has no matching supported image.
error,orphan_label,train/labels/20240218_174204_jpg.rf.MIu9PEB5oNHkihNViGG1.txt,Label has no matching supported image.
error,orphan_label,train/labels/20240218_174242_jpg.rf.Qfx1ZRKBHTnU00UNgqca.txt,Label has no matching supported image.
error,orphan_label,train/labels/20240218_174255_jpg.rf.k1NKLq6fTj4Q5Dgv2Wru.txt,Label has no matching supported image.
error,orphan_label,train/labels/20240218_174307_jpg.rf.cVIsWW6ExoTgXVUJ3eiG.txt,Label has no matching supported image.
error,orphan_label,train/labels/20240218_174309_jpg.rf.mqGinoGG4oq5D1scgmPD.txt,Label has no matching supported image.
error,orphan_label,train/labels/20240218_174315_jpg.rf.cgHxeE2hrmbYDQxni2et.txt,Label has no matching supported image.
error,orphan_label,train/labels/20240218_174320_jpg.rf.b6YCZsHunULElF4cVYf4.txt,Label has no matching supported image.
error,orphan_label,train/labels/20240218_174339_jpg.rf.oNB90WaFCfTBWNHOxJbr.txt,Label has no matching supported image.
error,orphan_label,train/labels/20240218_174345_jpg.rf.03aMgz5LE4Cq9GQhK0uB.txt,Label has no matching supported image.
error,orphan_label,train/labels/20240218_174351_jpg.rf.PNgzgBsRKAo8nvQtYttj.txt,Label has no matching supported image.
error,orphan_label,train/labels/20240218_174406_jpg.rf.qaW9KBYlERQcuAQWk2LV.txt,Label has no matching supported image.
error,orphan_label,train/labels/20240218_174419_jpg.rf.zlgALYHgHwwnXRlZEHiI.txt,Label has no matching supported image.
error,orphan_label,train/labels/20240218_174439_jpg.rf.qBiV6MO7BXXZXN0sdKuN.txt,Label has no matching supported image.
error,orphan_label,train/labels/20240218_174449_jpg.rf.EF2OgpEAWAImUYhv71Nl.txt,Label has no matching supported image.
error,orphan_label,train/labels/20240218_174458_jpg.rf.RGwgwHxzBDGgE3qbZHW1.txt,Label has no matching supported image.
error,orphan_label,train/labels/20240218_174522_jpg.rf.dzw57VQ2RtsnrVPTSj94.txt,Label has no matching supported image.
error,orphan_label,train/labels/20240218_174532_jpg.rf.nP8VYxsS7GQ5zuhQMwzl.txt,Label has no matching supported image.
error,orphan_label,train/labels/20240218_174540_jpg.rf.EtlM5x7flSjLDswoPzLs.txt,Label has no matching supported image.
error,orphan_label,train/labels/20240218_174547_jpg.rf.6KUJ3IzM3CIX87fHUiLk.txt,Label has no matching supported image.
error,orphan_label,train/labels/20240218_174607_jpg.rf.NPUC3IkdMEXIPK64sui8.txt,Label has no matching supported image.
error,orphan_label,train/labels/20240218_174616_jpg.rf.jpwLhhueiuv7QX8YhEaN.txt,Label has no matching supported image.
error,orphan_label,train/labels/20240218_174631_jpg.rf.nwDNSKwyDufz7uSwFUKL.txt,Label has no matching supported image.
error,orphan_label,train/labels/20240218_174649_jpg.rf.DrHu45MdgWQb0iGfxJyj.txt,Label has no matching supported image.
error,orphan_label,train/labels/20240218_174700_jpg.rf.QlLyOXF9SIToLar8iasb.txt,Label has no matching supported image.
error,orphan_label,train/labels/20240218_174729_jpg.rf.eQ8eeXvMGcngZe6MJ2bv.txt,Label has no matching supported image.
error,orphan_label,train/labels/20240218_174735_jpg.rf.aQgRgMSmovhOVhGJx5Kd.txt,Label has no matching supported image.
error,orphan_label,train/labels/20240218_174830_jpg.rf.xbQYtM32tjpNKnVKjRZX.txt,Label has no matching supported image.
error,orphan_label,train/labels/20240218_174928_jpg.rf.J48Ucd37iOLdbfxH0MgO.txt,Label has no matching supported image.
error,orphan_label,train/labels/20240218_174931_jpg.rf.dXeiwWPyEUeeXz8wlaZn.txt,Label has no matching supported image.
error,orphan_label,train/labels/20240218_174950_jpg.rf.Uj8jLogN78GZYZEGRjlb.txt,Label has no matching supported image.
error,orphan_label,train/labels/20240218_175012_jpg.rf.xUcsfKDMHeR0f9bgcVcJ.txt,Label has no matching supported image.
error,orphan_label,train/labels/20240218_175018_jpg.rf.MYhxd4g6bRrqEX77w1GT.txt,Label has no matching supported image.
error,orphan_label,train/labels/20240218_175038_jpg.rf.PDb9dNNiefYAPMDz6BkO.txt,Label has no matching supported image.
error,orphan_label,train/labels/20240218_175059_jpg.rf.YgICuNp2hzSxg2nhFBaS.txt,Label has no matching supported image.
error,orphan_label,train/labels/20240218_175119_jpg.rf.KKVSgCi8W5hEvMaN2YKb.txt,Label has no matching supported image.
error,orphan_label,train/labels/20240218_175212_jpg.rf.sBCCTYaSSBNPIVouVDvs.txt,Label has no matching supported image.
error,orphan_label,train/labels/20240218_175243_jpg.rf.ybBdxMKgXBkG78qUmmVI.txt,Label has no matching supported image.
error,orphan_label,train/labels/20240218_175246_jpg.rf.UOpPifI4ZAhnnbLxMR1K.txt,Label has no matching supported image.
error,orphan_label,train/labels/20240218_175552_jpg.rf.Akfdc4olUjs1HqxTBBnZ.txt,Label has no matching supported image.
error,orphan_label,train/labels/20240218_175712_jpg.rf.lZxGEKfFUaRNcVYJDFOL.txt,Label has no matching supported image.
error,orphan_label,train/labels/20240218_175749_jpg.rf.LjwMNBLcMYH4GGMzqb5N.txt,Label has no matching supported image.
error,orphan_label,train/labels/20240218_175838_jpg.rf.S9Y3OpBzT04g7p3MguJc.txt,Label has no matching supported image.
error,orphan_label,train/labels/20240218_175840_jpg.rf.U6bOoSzGSFiZLyUQmDAe.txt,Label has no matching supported image.
error,orphan_label,train/labels/20240218_175854_jpg.rf.A7XfZjgslAy08234GwLq.txt,Label has no matching supported image.
error,orphan_label,train/labels/20240218_175927_jpg.rf.iwqcwFWt8Xg83JupErr8.txt,Label has no matching supported image.
error,orphan_label,train/labels/20240218_175950_jpg.rf.f8ZtkRM49I4hnKVYihFt.txt,Label has no matching supported image.
error,orphan_label,train/labels/20240218_184140_jpg.rf.ltL4nkWbOw7aXoVqH9UD.txt,Label has no matching supported image.
error,orphan_label,train/labels/20240220_133103_jpg.rf.6DG7doot7ZXSB7Uen46C.txt,Label has no matching supported image.
error,orphan_label,train/labels/20240220_133113_jpg.rf.BxArjsqJSd9O6D5DLQJV.txt,Label has no matching supported image.
error,orphan_label,train/labels/20240220_153828_jpg.rf.COZ9VEg7PghRD3nQnMHw.txt,Label has no matching supported image.
error,orphan_label,train/labels/20240220_154445_jpg.rf.0QoTMWSVIqbQJw3kCNoi.txt,Label has no matching supported image.
error,orphan_label,train/labels/20240222_161342_jpg.rf.tLVk71vSCJujk1FOQihh.txt,Label has no matching supported image.
error,orphan_label,train/labels/20240222_163330_jpg.rf.RLLnkX981weboGo1vGMA.txt,Label has no matching supported image.
error,orphan_label,train/labels/20240222_163746_jpg.rf.cdwSqHs0eActj9JkvnEt.txt,Label has no matching supported image.
error,orphan_label,train/labels/20240222_163758_jpg.rf.kZQRkdwpkxzLvpNxeRGq.txt,Label has no matching supported image.
error,orphan_label,train/labels/20240222_164328_jpg.rf.9IqUrjOFbtH9HqjgFMvr.txt,Label has no matching supported image.
error,orphan_label,train/labels/20240222_164402_jpg.rf.9eGTxPzO59YbF5B7ZpL7.txt,Label has no matching supported image.
error,orphan_label,train/labels/20240222_164406_jpg.rf.UZmqhH3LewWy8gjS3FJx.txt,Label has no matching supported image.
error,orphan_label,train/labels/20240222_165337_jpg.rf.Xq1J77G07bXdky0A1BPf.txt,Label has no matching supported image.
error,orphan_label,train/labels/20240222_165934_jpg.rf.VXQeTceH3dFkHZAsYmF3.txt,Label has no matching supported image.
error,orphan_label,train/labels/20240222_170720_jpg.rf.ryIJFvynccCQsBjhdLRp.txt,Label has no matching supported image.
error,orphan_label,train/labels/20240222_171533_jpg.rf.PIci3sg7m5KuOzJ8MOEM.txt,Label has no matching supported image.
error,orphan_label,train/labels/20240222_171545_jpg.rf.kNqD2i8EyGJp041vScIv.txt,Label has no matching supported image.
error,orphan_label,train/labels/20240222_171648_jpg.rf.qBA52RVabsKZWDrjTe1Z.txt,Label has no matching supported image.
error,orphan_label,train/labels/20240222_172132_jpg.rf.EivoEJDPadU45SVb4ydy.txt,Label has no matching supported image.
error,orphan_label,train/labels/20240222_172158_jpg.rf.mtMvUvqEuZD4GB1rG0Bw.txt,Label has no matching supported image.
error,orphan_label,train/labels/20240222_172518_jpg.rf.1vbfYNh1aGfEhUmLRlPQ.txt,Label has no matching supported image.
error,orphan_label,train/labels/20240222_180001_jpg.rf.2WZWjRzPRQ7Y019kawh2.txt,Label has no matching supported image.
error,orphan_label,train/labels/20240222_190458_jpg.rf.ZtfXTlvdzHiWDKroFBft.txt,Label has no matching supported image.
error,orphan_label,train/labels/20240225_110354_jpg.rf.afE5JsyawGh9Z5AYFitD.txt,Label has no matching supported image.
error,orphan_label,train/labels/20240228_105904_jpg.rf.RTQwBffiej6FftXv9KXw.txt,Label has no matching supported image.
error,orphan_label,train/labels/20240228_122941_jpg.rf.pc47zJc2SW3rMjfTVVwW.txt,Label has no matching supported image.
error,orphan_label,train/labels/20240228_122954_jpg.rf.jXgT0O4d3xcAyj4PvnKp.txt,Label has no matching supported image.
error,orphan_label,train/labels/20240228_123147_jpg.rf.1VcT3X3yhPjjAng9iZPt.txt,Label has no matching supported image.
error,orphan_label,train/labels/20240228_124654_jpg.rf.h62wDZQ6STZQZyAQdY3t.txt,Label has no matching supported image.
error,orphan_label,train/labels/20240228_160534_jpg.rf.F4rXTPRNGa4mEiD33ejV.txt,Label has no matching supported image.
error,orphan_label,train/labels/20240228_162326_jpg.rf.oV8ZM5CbDH9qu5AAwsMC.txt,Label has no matching supported image.
error,orphan_label,train/labels/20240228_162333_jpg.rf.99Y7vqd5fAJaHUGDFesc.txt,Label has no matching supported image.
error,orphan_label,train/labels/20240228_162344_jpg.rf.9QzRq1wjvfUNXKKxpd4p.txt,Label has no matching supported image.
error,orphan_label,train/labels/20240228_162445_jpg.rf.zBuzuFoS0IbAZux0nnlB.txt,Label has no matching supported image.
error,orphan_label,train/labels/20240228_162451_jpg.rf.uTu4NBPMiDswLmwBF6V0.txt,Label has no matching supported image.
error,orphan_label,train/labels/20240228_162455_jpg.rf.hIBpGZVTVngTFqdHbb1n.txt,Label has no matching supported image.
error,orphan_label,train/labels/20240228_162511_jpg.rf.6VQJNiDdhPCplxu4qatb.txt,Label has no matching supported image.
error,orphan_label,train/labels/20240228_162521_jpg.rf.bQkU7hFKu5Xj6FSMA6Nd.txt,Label has no matching supported image.
error,orphan_label,train/labels/20240228_162531_jpg.rf.ku8y85BdfNpEPmq0DZwA.txt,Label has no matching supported image.
error,orphan_label,train/labels/20240228_162540_jpg.rf.kDhKad55pr4E9GeJjSue.txt,Label has no matching supported image.
error,orphan_label,train/labels/20240228_162618_jpg.rf.pODT2WOET8jOrnCNvVoE.txt,Label has no matching supported image.
error,orphan_label,train/labels/20240228_162622_jpg.rf.e0SEIeB3QijN9B8TbOuz.txt,Label has no matching supported image.
error,orphan_label,train/labels/20240228_162638_jpg.rf.Q7VhJC3KsOHTnCB12iOh.txt,Label has no matching supported image.
error,orphan_label,train/labels/20240228_162652_jpg.rf.DlNyJIhZspd8ndazv5G3.txt,Label has no matching supported image.
error,orphan_label,train/labels/20240228_162711_jpg.rf.mA59rrZPvGLXj9zKPvc0.txt,Label has no matching supported image.
error,orphan_label,train/labels/20240228_162721_jpg.rf.lbF4BPQV6ziqwrE9w4aL.txt,Label has no matching supported image.
error,orphan_label,train/labels/20240228_173859_jpg.rf.sZ745t57sFJIxeSWQsic.txt,Label has no matching supported image.
error,orphan_label,train/labels/20240228_173944_jpg.rf.FtJ5C18TLSZCdTMH22aK.txt,Label has no matching supported image.
error,orphan_label,train/labels/20240228_173950_jpg.rf.T3K5AGWIWBXplxQAPhuo.txt,Label has no matching supported image.
error,orphan_label,train/labels/20240228_174016_jpg.rf.sK6AULs099a7nhCQfYcu.txt,Label has no matching supported image.
error,orphan_label,train/labels/20240228_174022_jpg.rf.7HXwt6v6metoTUAPppDQ.txt,Label has no matching supported image.
error,orphan_label,train/labels/20240228_174040_jpg.rf.FgxitYhbFR5SzJMIsmHh.txt,Label has no matching supported image.
error,orphan_label,train/labels/20240229_171035_jpg.rf.z9Vf5Xtxe9NiwG74G6kS.txt,Label has no matching supported image.
error,orphan_label,train/labels/20240229_171037_jpg.rf.U8VnjIUP0QXUlcmBEjDR.txt,Label has no matching supported image.
error,orphan_label,train/labels/20240229_171047_jpg.rf.JQ9Fs9H9hdSO0IT5Dykr.txt,Label has no matching supported image.
error,orphan_label,train/labels/20240301_155824_jpg.rf.DzpZIivEOfHXinIYg50m.txt,Label has no matching supported image.
error,orphan_label,train/labels/20240301_172809_jpg.rf.LFU40TUxLOMUrccIHMwb.txt,Label has no matching supported image.
error,orphan_label,train/labels/20240301_173815_jpg.rf.RYUZHnkvA4Nyv2FVXbQ5.txt,Label has no matching supported image.
error,orphan_label,train/labels/20240301_175253_jpg.rf.xXQCulcQLQ9EEXs7GepN.txt,Label has no matching supported image.
error,orphan_label,train/labels/20240301_175528_jpg.rf.Q7YQbT4YonA4eW2B1Y9g.txt,Label has no matching supported image.
error,orphan_label,train/labels/20240301_175858_jpg.rf.0RnqnK2TYxcFlc2H6OSG.txt,Label has no matching supported image.
error,orphan_label,train/labels/20240301_175908_jpg.rf.ikRb6yqeSxrlHGkMsXed.txt,Label has no matching supported image.
error,orphan_label,train/labels/20240301_175952_jpg.rf.BoPvWUGENRkx5bintsLU.txt,Label has no matching supported image.
error,orphan_label,train/labels/20240301_183920_jpg.rf.tPC8qSF0KVO4KMBXjLKZ.txt,Label has no matching supported image.
error,orphan_label,train/labels/20240306_110237_jpg.rf.gUI80ohVcQYkIRNpaCZx.txt,Label has no matching supported image.
error,orphan_label,train/labels/20240307_145326_jpg.rf.gsRGU2Xp0j0UCeJUQdL2.txt,Label has no matching supported image.
error,orphan_label,train/labels/20240307_145423_jpg.rf.L1QSx8lzd49Nmo4UHBxT.txt,Label has no matching supported image.
error,orphan_label,train/labels/20240307_145602_jpg.rf.yIwLCtKeVpEStgE4ILQQ.txt,Label has no matching supported image.
error,orphan_label,train/labels/20240307_145617_jpg.rf.p0U1qyaelo93WE46CjoU.txt,Label has no matching supported image.
error,orphan_label,train/labels/20240307_145711_jpg.rf.25YB8cwLwryTk9yO7M3U.txt,Label has no matching supported image.
error,orphan_label,train/labels/20240307_145719_jpg.rf.Lbz0xDTSdXvWLfqn7zsy.txt,Label has no matching supported image.
error,orphan_label,train/labels/20240307_145724_jpg.rf.JDsfQGhQOvPLPfJvZgRu.txt,Label has no matching supported image.
error,orphan_label,train/labels/20240307_151551_jpg.rf.ixOp45SRV0YzhDJWMJNa.txt,Label has no matching supported image.
error,orphan_label,train/labels/20240307_151554_jpg.rf.bRDrmsv8br7z10CNCR7N.txt,Label has no matching supported image.
error,orphan_label,train/labels/20240307_151637_jpg.rf.bThjWmppVlelSoKfZGIZ.txt,Label has no matching supported image.
error,orphan_label,train/labels/20240307_151718_jpg.rf.wkql4XTGgP9Zr3WBUzck.txt,Label has no matching supported image.
error,orphan_label,train/labels/20240307_151747_jpg.rf.tmwbu2Ci49trDr8sYdM0.txt,Label has no matching supported image.
error,orphan_label,train/labels/20240307_151939_jpg.rf.PeRyzokDB9aNubZoHZnI.txt,Label has no matching supported image.
error,orphan_label,train/labels/20240307_151941_jpg.rf.CTqodLOeb3QrClP1AQ4f.txt,Label has no matching supported image.
error,orphan_label,train/labels/20240307_152038_jpg.rf.T6UtWLAXCR1zrm6v6Gy2.txt,Label has no matching supported image.
error,orphan_label,train/labels/20240307_152057_jpg.rf.EKQb4LxcqPyGoQmzeRay.txt,Label has no matching supported image.
error,orphan_label,train/labels/20240307_152101_jpg.rf.Fg7gwSevdyrflCUBfUYV.txt,Label has no matching supported image.
error,orphan_label,train/labels/20240307_152104_jpg.rf.HC6i0EkfxlQPcYRRChDS.txt,Label has no matching supported image.
error,orphan_label,train/labels/20240307_152223_jpg.rf.mx9pH1QtmgCd336VR59l.txt,Label has no matching supported image.
error,orphan_label,train/labels/20240307_152246_jpg.rf.tenB6GWMbtZk6PpuZfRr.txt,Label has no matching supported image.
error,orphan_label,train/labels/20240307_152344_jpg.rf.5H91GlO8PF1n5WmxyvAp.txt,Label has no matching supported image.
error,orphan_label,train/labels/20240307_152351_jpg.rf.29p1UOm48PXENXAw6fbx.txt,Label has no matching supported image.
error,orphan_label,train/labels/20240307_152412_jpg.rf.AeVpl6kDf8gP08ZByTFC.txt,Label has no matching supported image.
error,orphan_label,train/labels/20240307_152421_jpg.rf.DvopRa85ZORTHBPlNiO4.txt,Label has no matching supported image.
error,orphan_label,train/labels/20240307_152449_jpg.rf.o7hCh4YcpIajjXvPHvXt.txt,Label has no matching supported image.
error,orphan_label,train/labels/20240307_152458_jpg.rf.fiz5QVrdb6pQ6s0dHadE.txt,Label has no matching supported image.
error,orphan_label,train/labels/20240307_152722_jpg.rf.qy8JrxThUw6v8PT9i0SF.txt,Label has no matching supported image.
error,orphan_label,train/labels/20240307_152834_jpg.rf.Lptz2jdgvvHerNETk9bX.txt,Label has no matching supported image.
error,orphan_label,train/labels/20240307_162703_jpg.rf.FhsaA4FB6HbSn6leXnHp.txt,Label has no matching supported image.
error,orphan_label,train/labels/20240307_172749_jpg.rf.wtcTKgLqSF7GTbCYmA0U.txt,Label has no matching supported image.
error,orphan_label,train/labels/20240307_172751_jpg.rf.CxSIRTQVwbqvU01rzrmw.txt,Label has no matching supported image.
error,orphan_label,train/labels/20240307_172752_jpg.rf.S6wvaleQTSkOKBHJOQeC.txt,Label has no matching supported image.
error,orphan_label,train/labels/20240307_172811_jpg.rf.DY2cfEfmgoJaBb3LrQJl.txt,Label has no matching supported image.
error,orphan_label,train/labels/20240307_172838_jpg.rf.cnbBO6mhnrTybq95gh6s.txt,Label has no matching supported image.
error,orphan_label,train/labels/20240307_173747_jpg.rf.NxNFe1UbZqLAb8T81wq8.txt,Label has no matching supported image.
error,orphan_label,train/labels/20240307_174024_jpg.rf.Vpz41VsFaCe6OemwJL2P.txt,Label has no matching supported image.
error,orphan_label,train/labels/20240307_174027_jpg.rf.sUv83lzkpjiWIgsjtuJL.txt,Label has no matching supported image.
error,orphan_label,train/labels/20240307_174620_jpg.rf.lYA3G1ePeaLLWjIqy3XE.txt,Label has no matching supported image.
error,orphan_label,train/labels/20240307_174633_jpg.rf.zXFolLbFZexFzmDhKDzF.txt,Label has no matching supported image.
error,orphan_label,train/labels/20240307_174634_jpg.rf.igCagpk1ltt040js9935.txt,Label has no matching supported image.
error,orphan_label,train/labels/20240307_174747_jpg.rf.Sjiwyz4YC0gn7yMLsUk5.txt,Label has no matching supported image.
error,orphan_label,train/labels/20240307_174937_jpg.rf.8BHIdE5L00JHIQJRvzqx.txt,Label has no matching supported image.
error,orphan_label,train/labels/20240307_175652_jpg.rf.FRhKNiftcsPMDZ6eazGu.txt,Label has no matching supported image.
error,orphan_label,train/labels/20240307_175709_jpg.rf.2YBocQziZTKcpJSWO4ij.txt,Label has no matching supported image.
error,orphan_label,train/labels/20240307_175714_jpg.rf.82I7z6SwKTTcOb5DncE0.txt,Label has no matching supported image.
error,orphan_label,train/labels/20240307_175741_jpg.rf.HXx5jQDAUMiHWpY66X0f.txt,Label has no matching supported image.
error,orphan_label,train/labels/20240307_175807_jpg.rf.WNBQueqEnPFg8sBE4hCI.txt,Label has no matching supported image.
error,orphan_label,train/labels/20240307_180152_jpg.rf.PnVffshj1v4SIHPUfr4k.txt,Label has no matching supported image.
error,orphan_label,train/labels/20240307_180156_jpg.rf.1VMjRZ136mRsJoEtacNM.txt,Label has no matching supported image.
error,orphan_label,train/labels/20240307_180600_jpg.rf.CM3alrtzk1x0I1090bbj.txt,Label has no matching supported image.
error,orphan_label,train/labels/20240307_193323_jpg.rf.dHseSlZvI3igIZMQVGla.txt,Label has no matching supported image.
error,orphan_label,train/labels/20240307_193600_jpg.rf.wMR0fDkknKz7xwzItk5g.txt,Label has no matching supported image.
error,orphan_label,train/labels/20240307_203729_jpg.rf.fqLk9ZXDMq0OmzhlntAs.txt,Label has no matching supported image.
error,orphan_label,train/labels/20240307_203738_jpg.rf.xVnlyU7m3EyDq5MZ2zvs.txt,Label has no matching supported image.
error,orphan_label,train/labels/20240307_203749_jpg.rf.2s6qeS2qkWqWwhRu6bHm.txt,Label has no matching supported image.
error,orphan_label,train/labels/20240307_204437_jpg.rf.nOaOjKg3wIZuEj5nXhUL.txt,Label has no matching supported image.
error,orphan_label,train/labels/20240307_204444_jpg.rf.2CKbGHKLwxM9rfRIUmhC.txt,Label has no matching supported image.
error,orphan_label,train/labels/20240307_204519_jpg.rf.kAWXEAz9HKwf0L4YowVe.txt,Label has no matching supported image.
error,orphan_label,train/labels/20240308_145602_jpg.rf.sKYmYYJ0ogTkQXC19u3N.txt,Label has no matching supported image.
error,orphan_label,train/labels/20240308_150655_jpg.rf.bOShf7rqjZ5op0Agh1o8.txt,Label has no matching supported image.
error,orphan_label,train/labels/20240308_162841_jpg.rf.7YVONr95YhSVpv8RfvtQ.txt,Label has no matching supported image.
error,orphan_label,train/labels/20240308_162843_jpg.rf.PL5tMH8AiUwKkXQ3Rkjh.txt,Label has no matching supported image.
error,orphan_label,train/labels/20240308_162849_jpg.rf.uuRK9oK6sysb7mVDMRWg.txt,Label has no matching supported image.
error,orphan_label,train/labels/20240308_163027_jpg.rf.jLA869nFMzbIUwr2UeFb.txt,Label has no matching supported image.
error,orphan_label,train/labels/20240308_163034_jpg.rf.hgHCDVUFTmmhD2CQiNde.txt,Label has no matching supported image.
error,orphan_label,train/labels/20240310_154416_jpg.rf.ofjmBiSQ6EJUTDQd2GnN.txt,Label has no matching supported image.
error,orphan_label,train/labels/20240310_154525_jpg.rf.kwTE629XpLiz713HnbhW.txt,Label has no matching supported image.
error,orphan_label,train/labels/20240310_154632_jpg.rf.Q6b4N7HIPes65EhsQW7L.txt,Label has no matching supported image.
error,orphan_label,train/labels/20240310_154640_jpg.rf.IgdYsCTazIn05MmCaq9J.txt,Label has no matching supported image.
error,orphan_label,train/labels/20240310_154724_jpg.rf.SVvVL0NUffS7CkjOR6Ji.txt,Label has no matching supported image.
error,orphan_label,train/labels/20240310_154728_jpg.rf.TxqqelpnecCV5bcYtrT1.txt,Label has no matching supported image.
error,orphan_label,train/labels/20240310_154741_jpg.rf.wvnYXQAyLoD4nLBmrII4.txt,Label has no matching supported image.
error,orphan_label,train/labels/20240310_154800_jpg.rf.ziN9YvC76ka5IG1ytv3j.txt,Label has no matching supported image.
error,orphan_label,train/labels/20240310_154832_jpg.rf.9OpkzUJpqApJxEhg3VjL.txt,Label has no matching supported image.
error,orphan_label,train/labels/20240310_154834_jpg.rf.2dO6PW8e0BoXQjIfIuQc.txt,Label has no matching supported image.
error,orphan_label,train/labels/20240310_154907_jpg.rf.8gLeQlUMTrUtpI0Wi3OP.txt,Label has no matching supported image.
error,orphan_label,train/labels/20240310_154914_jpg.rf.1crpgWksGQTN9LZhWKus.txt,Label has no matching supported image.
error,orphan_label,train/labels/20240310_154928_jpg.rf.iNBRk6oHXCxXWtQJskNy.txt,Label has no matching supported image.
error,orphan_label,train/labels/20240310_154932_jpg.rf.loMYRiiaN2eqgmyfwBYH.txt,Label has no matching supported image.
error,orphan_label,train/labels/20240310_171825_jpg.rf.ffi27teDpjNJXZ1FDkiq.txt,Label has no matching supported image.
error,orphan_label,train/labels/20240310_171849_jpg.rf.ntauxfjehdk9oRrXaJVM.txt,Label has no matching supported image.
error,orphan_label,train/labels/20240310_211318_jpg.rf.SesJbGIluSVY0RqG7taB.txt,Label has no matching supported image.
error,orphan_label,train/labels/20240311_142316_jpg.rf.sWihonyPWrIXv79ArSwv.txt,Label has no matching supported image.
error,orphan_label,train/labels/20240311_144339_jpg.rf.UOu7IhDgHF7wsei6bhJs.txt,Label has no matching supported image.
error,orphan_label,train/labels/20240311_144347_jpg.rf.ZDdiulnTCDWptTbW1qFD.txt,Label has no matching supported image.
error,orphan_label,train/labels/20240311_144507_jpg.rf.peW0VoPCd0A63jFOFlzU.txt,Label has no matching supported image.
error,orphan_label,train/labels/20240311_144545_jpg.rf.4zX7B6FX2gADlQ7YrIJS.txt,Label has no matching supported image.
error,orphan_label,train/labels/20240311_144625_jpg.rf.zjPOOJ60MZ9uPfr6oFrY.txt,Label has no matching supported image.
error,orphan_label,train/labels/20240311_144627_jpg.rf.co3pU7yVmPIzqtvNvuxL.txt,Label has no matching supported image.
error,orphan_label,train/labels/20240311_144719_jpg.rf.f2I8EaP9TcFuaStnCnK7.txt,Label has no matching supported image.
error,orphan_label,train/labels/20240311_144812_jpg.rf.QoVOxdJpYNTugdirGi2H.txt,Label has no matching supported image.
error,orphan_label,train/labels/20240311_174133_jpg.rf.yBGdshxo1jzHWI5TSIHE.txt,Label has no matching supported image.
error,orphan_label,train/labels/20240311_174135_jpg.rf.Uz8Cx1kBniPTWn4LWRL8.txt,Label has no matching supported image.
error,orphan_label,train/labels/20240311_174137_jpg.rf.Fnx1I7nPlA3J5sq0xlLC.txt,Label has no matching supported image.
error,orphan_label,train/labels/20240324_131031_jpg.rf.0vR8UzGc7XOT55oPNdub.txt,Label has no matching supported image.
error,orphan_label,train/labels/20240402_170120_jpg.rf.gsIQbX54Q3g5ab2hx5QB.txt,Label has no matching supported image.
error,orphan_label,train/labels/20240408_165750_jpg.rf.qNpC2wGnnoUkGWfgsq3X.txt,Label has no matching supported image.
error,orphan_label,train/labels/24_jpg.rf.ihyuL9LezckxzIeoylYI.txt,Label has no matching supported image.
error,orphan_label,train/labels/2648_png.rf.FJQBS7tFKF5YZvPEQFBC.txt,Label has no matching supported image.
error,orphan_label,train/labels/28_jpg.rf.rEsqQBZKsPCXq2v9Wtii.txt,Label has no matching supported image.
error,orphan_label,train/labels/290878328_1080320352870378_1940263996083502457_n_jpg.rf.lmTJ3wbLoXnGTWwAD2rW.txt,Label has no matching supported image.
error,orphan_label,train/labels/2_jpg.rf.kdJmgBYxGD8yp0voNV19.txt,Label has no matching supported image.
error,orphan_label,train/labels/3188_png.rf.jAzllR0RoYb8hUH9gsbL.txt,Label has no matching supported image.
error,orphan_label,train/labels/31_jpg.rf.SkLkelTn4LwDmvFUld2g.txt,Label has no matching supported image.
error,orphan_label,train/labels/3265_png.rf.xVLSueSbF9eddOoeqjfG.txt,Label has no matching supported image.
error,orphan_label,train/labels/32_jpg.rf.P89mskuSwufJruJzq4rP.txt,Label has no matching supported image.
error,orphan_label,train/labels/34_jpg.rf.tWiZPPoyW7NuoJqiD4WF.txt,Label has no matching supported image.
error,orphan_label,train/labels/3643_png.rf.Bzjm9pJRcYGpKOacQofE.txt,Label has no matching supported image.
error,orphan_label,train/labels/37_jpg.rf.GP2NK70N7BhZoV4S1bCH.txt,Label has no matching supported image.
error,orphan_label,train/labels/39_jpg.rf.o9Pc2jHo1szURyeCXaFv.txt,Label has no matching supported image.
error,orphan_label,train/labels/3_jpg.rf.cCSgKkCvmygElyvZtIIm.txt,Label has no matching supported image.
error,orphan_label,train/labels/4-Figure12-1_png.rf.nYyTrmG45sirmzCeqfKB.txt,Label has no matching supported image.
error,orphan_label,train/labels/4426_png.rf.2952tWvpIi0l4zD1OVps.txt,Label has no matching supported image.
error,orphan_label,train/labels/4628_png.rf.945rYN1nhVkAdPCKfkjP.txt,Label has no matching supported image.
error,orphan_label,train/labels/4697_png.rf.jxXwfTkLCaApHvDvQS5i.txt,Label has no matching supported image.
error,orphan_label,train/labels/4750_png.rf.eKaxw0Tp7g9oPqcs1nSm.txt,Label has no matching supported image.
error,orphan_label,train/labels/4778_png.rf.aNEY8KYOHtaozTdIJeYh.txt,Label has no matching supported image.
error,orphan_label,train/labels/47_jpg.rf.rFbOpOPBgxxqtzCGYxC7.txt,Label has no matching supported image.
error,orphan_label,train/labels/4838_png.rf.bqw3FEJvRLTZFgSfhSwG.txt,Label has no matching supported image.
error,orphan_label,train/labels/48_jpg.rf.ge6qJpytnQkulcp63UZX.txt,Label has no matching supported image.
error,orphan_label,train/labels/49_jpg.rf.4vxC5JremmItZQRgzYBG.txt,Label has no matching supported image.
error,orphan_label,train/labels/4_jpg.rf.ajgU6y8N1IRRYh6QPelN.txt,Label has no matching supported image.
error,orphan_label,train/labels/5236_png.rf.FDEimJrzri6S2ucmzmh4.txt,Label has no matching supported image.
error,orphan_label,train/labels/5348_png.rf.QsmjonXG30O5MhFsK3Zv.txt,Label has no matching supported image.
error,orphan_label,train/labels/5498_png.rf.97TiQpqxDJOkst4fCiIY.txt,Label has no matching supported image.
error,orphan_label,train/labels/5588_png.rf.una4AND4Ss0CY2iGyPTT.txt,Label has no matching supported image.
error,orphan_label,train/labels/55_jpg.rf.WZ7k1f4nSWjvxVYRjQDS.txt,Label has no matching supported image.
error,orphan_label,train/labels/5777_png.rf.UGMxZtCzVyay7KZOB8TD.txt,Label has no matching supported image.
error,orphan_label,train/labels/57_jpg.rf.sPGE83wkURoOScHBeZae.txt,Label has no matching supported image.
error,orphan_label,train/labels/5830_png.rf.EMycZfY9N6SJzE1RjvLx.txt,Label has no matching supported image.
error,orphan_label,train/labels/5858_png.rf.LWWGIF8lclKxDLBL7tWq.txt,Label has no matching supported image.
error,orphan_label,train/labels/6235_png.rf.QyA65VklZvPNcwprsguj.txt,Label has no matching supported image.
error,orphan_label,train/labels/6343_png.rf.uYAeWlgLkuwR139S52WG.txt,Label has no matching supported image.
error,orphan_label,train/labels/63_jpg.rf.Bo4X8mlnzeR3RcxN5Ppb.txt,Label has no matching supported image.
error,orphan_label,train/labels/64_jpg.rf.UwAUDQKxaz5sURP9qHDx.txt,Label has no matching supported image.
error,orphan_label,train/labels/6548_png.rf.lctGKAitCmAW0JEIKUf6.txt,Label has no matching supported image.
error,orphan_label,train/labels/6587_png.rf.B8tGp1virYf43Bn3X8jq.txt,Label has no matching supported image.
error,orphan_label,train/labels/65_jpg.rf.SFlWLXrDQqyTA92aZ6kr.txt,Label has no matching supported image.
error,orphan_label,train/labels/66_jpg.rf.UiPcpsKvE825Nz9vpN0e.txt,Label has no matching supported image.
error,orphan_label,train/labels/6749_png.rf.P7rdN9oonKCS9SLdQkLW.txt,Label has no matching supported image.
error,orphan_label,train/labels/67_jpg.rf.HMLnlzU03GUQ38bnwGow.txt,Label has no matching supported image.
error,orphan_label,train/labels/6802_png.rf.H1lQOTcKgvrkUHUZHFGw.txt,Label has no matching supported image.
error,orphan_label,train/labels/6968_png.rf.lq9bbdvHkEmhaWSSwjse.txt,Label has no matching supported image.
error,orphan_label,train/labels/69_jpg.rf.paFdQmCuNnvin1rCKs0z.txt,Label has no matching supported image.
error,orphan_label,train/labels/7018_png.rf.4kNemwfkYobW4Z4Y41wn.txt,Label has no matching supported image.
error,orphan_label,train/labels/7072_png.rf.h3J4iU6892MENfX1m3G5.txt,Label has no matching supported image.
error,orphan_label,train/labels/7126_png.rf.vZeWZVG1qraSX7ZEm3bG.txt,Label has no matching supported image.
error,orphan_label,train/labels/7261_png.rf.Dcg3UysKCBrtkrJYj547.txt,Label has no matching supported image.
error,orphan_label,train/labels/72_jpg.rf.IfJLFRqgay1xSFu3D2eW.txt,Label has no matching supported image.
error,orphan_label,train/labels/7397_png.rf.sCzRa0qmHpRYKyTEYOfv.txt,Label has no matching supported image.
error,orphan_label,train/labels/7423_png.rf.TGsyNkhQq9p6M74FLZYx.txt,Label has no matching supported image.
error,orphan_label,train/labels/74_jpg.rf.Qgp3JWSm0NFd8uVj9N8t.txt,Label has no matching supported image.
error,orphan_label,train/labels/8078_png.rf.MY9HF8R8UKdbfb43ZNfc.txt,Label has no matching supported image.
error,orphan_label,train/labels/80_jpg.rf.iwN4JJweSdkrpdvegqTu.txt,Label has no matching supported image.
error,orphan_label,train/labels/81_jpg.rf.anxnuWhKqdbA56NJPi2M.txt,Label has no matching supported image.
error,orphan_label,train/labels/82_jpg.rf.lJezFDlbi2AK99pwnYdI.txt,Label has no matching supported image.
error,orphan_label,train/labels/8314_png.rf.7YqPudEnrCsCn1cy1Hf2.txt,Label has no matching supported image.
error,orphan_label,train/labels/8369_png.rf.sMicZ0JxhckBDDY9l5mo.txt,Label has no matching supported image.
error,orphan_label,train/labels/8396_png.rf.HQ0kAnitDsu8sukamchl.txt,Label has no matching supported image.
error,orphan_label,train/labels/8585_png.rf.npzDDWlBBoFQugtObSz9.txt,Label has no matching supported image.
error,orphan_label,train/labels/8611_png.rf.b7XvYGEgdoCTrFWUNSdS.txt,Label has no matching supported image.
error,orphan_label,train/labels/86_jpg.rf.Vdf0zhuECBUHuC3kuery.txt,Label has no matching supported image.
error,orphan_label,train/labels/88_jpg.rf.1j2ONZDsfZBoMAlHjPxF.txt,Label has no matching supported image.
error,orphan_label,train/labels/8_jpg.rf.rR316jaVIkowxuvRN1y2.txt,Label has no matching supported image.
error,orphan_label,train/labels/9008_png.rf.hxUwtRajX6gTQwcCaYJg.txt,Label has no matching supported image.
error,orphan_label,train/labels/9043_png.rf.XPyupFlED7BsJdVCy5NK.txt,Label has no matching supported image.
error,orphan_label,train/labels/9287_png.rf.CGcJwZETuM49Bud0Ycte.txt,Label has no matching supported image.
error,orphan_label,train/labels/9395_png.rf.9sNCV43YYoA95Vk8ClkK.txt,Label has no matching supported image.
error,orphan_label,train/labels/94_jpg.rf.cbxnAo01kYjt6CzbRSHf.txt,Label has no matching supported image.
error,orphan_label,train/labels/9502_png.rf.k9XSDiv5OaBpPdXxK9MT.txt,Label has no matching supported image.
error,orphan_label,train/labels/95_jpg.rf.RUrwj5bUM1CZKFoH92KN.txt,Label has no matching supported image.
error,orphan_label,train/labels/9773_png.rf.Ql394ff729LEqOujIJnS.txt,Label has no matching supported image.
error,orphan_label,train/labels/97_jpg.rf.q8MQZHJglbaiYRcneBgT.txt,Label has no matching supported image.
error,orphan_label,train/labels/9827_png.rf.lYFYR7Kv4NSJJDjIj20l.txt,Label has no matching supported image.
error,orphan_label,train/labels/9881_png.rf.2vR8H2iNIduqntySGOBy.txt,Label has no matching supported image.
error,orphan_label,train/labels/98894498ef4c4cf173f53915ff5f83ee_jpg.rf.9jRvu7eGSt0s2ogrnGMS.txt,Label has no matching supported image.
error,orphan_label,train/labels/9908_png.rf.0PP4qCrxZIbepZxkbTGa.txt,Label has no matching supported image.
error,orphan_label,train/labels/999_png.rf.O8Hdb3joGZfs3vos6fAk.txt,Label has no matching supported image.
error,orphan_label,train/labels/car-1001_jpg.rf.0UrfDlzgsUxWbxLe6Xbx.txt,Label has no matching supported image.
error,orphan_label,train/labels/car-1003_jpg.rf.mVlwAsD8cb44rBeJPd3p.txt,Label has no matching supported image.
error,orphan_label,train/labels/car-1011_jpg.rf.dtxStZ85lOUU7qAxIEPC.txt,Label has no matching supported image.
error,orphan_label,train/labels/car-1015_jpg.rf.9elbEAbFeFrUnCB7ZkTT.txt,Label has no matching supported image.
error,orphan_label,train/labels/car-1017_jpg.rf.QciXWv8QMa6UqKrD3Xcu.txt,Label has no matching supported image.
error,orphan_label,train/labels/car-1019_jpg.rf.mjUkk1g12gPsFLEbl2DC.txt,Label has no matching supported image.
error,orphan_label,train/labels/car-1030_jpg.rf.qB8GloyY33klB9aiCvFZ.txt,Label has no matching supported image.
error,orphan_label,train/labels/car-1041_jpg.rf.W5Ixl37iD1V6FJ7s6grK.txt,Label has no matching supported image.
error,orphan_label,train/labels/car-1045_jpg.rf.8s2hvzHDd4XIMkjEmTSB.txt,Label has no matching supported image.
error,orphan_label,train/labels/car-1050_jpg.rf.UdFEvC34Lzgz4A7gWIOg.txt,Label has no matching supported image.
error,orphan_label,train/labels/car-1052_jpg.rf.9TEOFjRyL9QCOBwb8kZV.txt,Label has no matching supported image.
error,orphan_label,train/labels/car-1062_jpg.rf.1KVpzDjU84SLRxl1ZYxg.txt,Label has no matching supported image.
error,orphan_label,train/labels/car-1067_jpg.rf.maiyZCYWIu5gUiyy0PaD.txt,Label has no matching supported image.
error,orphan_label,train/labels/car-1072_jpg.rf.8yZ6dbLvVcxDLPtqUOnS.txt,Label has no matching supported image.
error,orphan_label,train/labels/car-1084_jpg.rf.ISzgDm0C5nw0Rm6tpQIi.txt,Label has no matching supported image.
error,orphan_label,train/labels/car-1086_jpg.rf.YMP6VTxYa6cJBIbQmKM8.txt,Label has no matching supported image.
error,orphan_label,train/labels/car-1087_jpg.rf.6TOjvPifp4o6KtERBeY9.txt,Label has no matching supported image.
error,orphan_label,train/labels/car-1089_jpg.rf.TDI53T1pp1m1wjj2s3Kr.txt,Label has no matching supported image.
error,orphan_label,train/labels/car-1095_jpg.rf.s1Tk7ZOx3YVDNDv6dwxD.txt,Label has no matching supported image.
error,orphan_label,train/labels/car-1098_jpg.rf.ombLj626nOyZMTlJ02o0.txt,Label has no matching supported image.
error,orphan_label,train/labels/car-2003_jpg.rf.OREuXfbaMvvWcC0ShLHs.txt,Label has no matching supported image.
error,orphan_label,train/labels/car-2007_jpg.rf.WOnubSQG3jaYykrNRGPM.txt,Label has no matching supported image.
error,orphan_label,train/labels/car-2008_jpg.rf.P09GIzkESFVCxDlKGfZ8.txt,Label has no matching supported image.
error,orphan_label,train/labels/car-2024_jpg.rf.RO3aKLyY25F2BXT5ID99.txt,Label has no matching supported image.
error,orphan_label,train/labels/car-2031_jpg.rf.VCf4fNFM6AoMVkI7OPpG.txt,Label has no matching supported image.
error,orphan_label,train/labels/car-2038_jpg.rf.K7melmvIXegj2QqdWmTg.txt,Label has no matching supported image.
error,orphan_label,train/labels/car-2041_jpg.rf.9PHwrFLU3lpHAHkF0rIA.txt,Label has no matching supported image.
error,orphan_label,train/labels/car-2047_jpg.rf.AedAPjHIwjQyok3LgAfY.txt,Label has no matching supported image.
error,orphan_label,train/labels/car-2052_jpg.rf.NCohcauPBQo0xrF8WNkq.txt,Label has no matching supported image.
error,orphan_label,train/labels/car-2061_jpg.rf.fBvl8bgqfPaM5Vs8ToEg.txt,Label has no matching supported image.
error,orphan_label,train/labels/car-2064_jpg.rf.ndExS962hSN6KNfkWvsd.txt,Label has no matching supported image.
error,orphan_label,train/labels/car-2066_jpg.rf.stZxvDWRpjXeNdr7VYyj.txt,Label has no matching supported image.
error,orphan_label,train/labels/car-2077_jpg.rf.rJoeUASJSXqUJNyfU0zx.txt,Label has no matching supported image.
error,orphan_label,train/labels/Dipto_-188_jpg.rf.ECJse0ZNSL4kW3Blu9A3.txt,Label has no matching supported image.
error,orphan_label,train/labels/Dipto_381_jpg.rf.vL0djRjRTPRabpFPFYNh.txt,Label has no matching supported image.
error,orphan_label,train/labels/download (2)_jpg.rf.LchE8i6yqhV8qpDqG4Nm.txt,Label has no matching supported image.
error,orphan_label,train/labels/FB_IMG_1709363677484_jpg.rf.L61JqPxQk0DhPZ68vjng.txt,Label has no matching supported image.
error,orphan_label,train/labels/FB_IMG_1709363918805_jpg.rf.Pv7N7u0VF0ZcuZVzfywN.txt,Label has no matching supported image.
error,orphan_label,train/labels/FB_IMG_1709363966698_jpg.rf.WJv0ONiGRrUXbE8wPiX7.txt,Label has no matching supported image.
error,orphan_label,train/labels/FB_IMG_1709365254848_jpg.rf.YT5i4f46nZL4OLIdWEsU.txt,Label has no matching supported image.
error,orphan_label,train/labels/FB_IMG_1709378929010_jpg.rf.v4Dav3Rm7b2jH7LKqMR6.txt,Label has no matching supported image.
error,orphan_label,train/labels/FB_IMG_1709450678166_jpg.rf.mHXKdTGeaqejauARefIM.txt,Label has no matching supported image.
error,orphan_label,train/labels/FB_IMG_1711925308036_jpg.rf.QsENfcacwZgaTNm2Mk8d.txt,Label has no matching supported image.
error,orphan_label,train/labels/FB_IMG_1712036755017_jpg.rf.95nA6VScKXZTMu24iyeB.txt,Label has no matching supported image.
error,orphan_label,train/labels/FB_IMG_1712045986045_jpg.rf.AlGie56SOiJCadfyyrUF.txt,Label has no matching supported image.
error,orphan_label,train/labels/FB_IMG_1712083850082_jpg.rf.AbEUiMbxrofIHZ6sgCVY.txt,Label has no matching supported image.
error,orphan_label,train/labels/FB_IMG_1712107331392_jpg.rf.ZwdrAkyrkJ1RGnz0rZog.txt,Label has no matching supported image.
error,orphan_label,train/labels/FB_IMG_1712217618777_jpg.rf.gp6VuAlX2ctib5ov8GRS.txt,Label has no matching supported image.
error,orphan_label,train/labels/FB_IMG_1712268812932_jpg.rf.W4PO413WpKncO5m0l921.txt,Label has no matching supported image.
error,orphan_label,train/labels/FB_IMG_1712460913475_jpg.rf.H4ov3hHE4x0vFGXF7IcU.txt,Label has no matching supported image.
error,orphan_label,train/labels/FB_IMG_1712461215256_jpg.rf.dshnmXNBECXRXciH3Pvp.txt,Label has no matching supported image.
error,orphan_label,train/labels/FB_IMG_1712461317202_jpg.rf.Rbvx9WlddsOghqJTALJP.txt,Label has no matching supported image.
error,orphan_label,train/labels/FB_IMG_1712461341457_jpg.rf.oBRR2WGj7SDyRXeFNKGD.txt,Label has no matching supported image.
error,orphan_label,train/labels/FB_IMG_1712558277620_jpg.rf.LBI3WJ955u08SsXrZ1vN.txt,Label has no matching supported image.
error,orphan_label,train/labels/FB_IMG_1712614008162_jpg.rf.N6IViksZp0YzG04g6I4d.txt,Label has no matching supported image.
error,orphan_label,train/labels/FB_IMG_1712666515660_jpg.rf.mS5Qr2lfL33FIc6F70wp.txt,Label has no matching supported image.
error,orphan_label,train/labels/FB_IMG_1712690798444_jpg.rf.zt4dhImAXnfn4H4i09Ef.txt,Label has no matching supported image.
error,orphan_label,train/labels/FB_IMG_1713005645702_jpg.rf.sfn4HJjsLZU91vme5fjQ.txt,Label has no matching supported image.
error,orphan_label,train/labels/FB_IMG_1713035188221_jpg.rf.15jZGQu0L9Eiv3j7P6Ls.txt,Label has no matching supported image.
error,orphan_label,train/labels/FB_IMG_1713036072081_jpg.rf.oYuHXBU2ZSfM6OLqqlxc.txt,Label has no matching supported image.
error,orphan_label,train/labels/FB_IMG_1713342594060_jpg.rf.5tGxCnXeOFExEjT3fYsw.txt,Label has no matching supported image.
error,orphan_label,train/labels/FB_IMG_1713350171714_jpg.rf.ooI2mmZDyuspcMT78gWU.txt,Label has no matching supported image.
error,orphan_label,train/labels/FB_IMG_1713446882980_jpg.rf.OSE1EjpeJ9afoZJW1FBi.txt,Label has no matching supported image.
error,orphan_label,train/labels/FB_IMG_1713460553190_jpg.rf.EWgPz5K8CaPI9vtf6lKW.txt,Label has no matching supported image.
error,orphan_label,train/labels/FB_IMG_1713641479132_jpg.rf.NVCjp0LVfhTrwUT0nnVE.txt,Label has no matching supported image.
error,orphan_label,train/labels/FB_IMG_1713689881200_jpg.rf.ZmEAGO4jBHOOGpdtBV12.txt,Label has no matching supported image.
error,orphan_label,train/labels/FB_IMG_1713769015174_jpg.rf.ScyoJRSQXF5GjHoCpQnZ.txt,Label has no matching supported image.
error,orphan_label,train/labels/FB_IMG_1714022445562_jpg.rf.CQ8KDHZEo9j27jIhJJDR.txt,Label has no matching supported image.
error,orphan_label,train/labels/frames1087_png.rf.kKfAKywp3Lpw9RCGWEup.txt,Label has no matching supported image.
error,orphan_label,train/labels/frames3694_png.rf.N4KjIrtOixOIMmrtlNyw.txt,Label has no matching supported image.
error,orphan_label,train/labels/frames3748_png.rf.RYjQPgH1CZMTOcYfnxO7.txt,Label has no matching supported image.
error,orphan_label,train/labels/frames4188_png.rf.xbWNpBZC5Q6pXJDqJIYN.txt,Label has no matching supported image.
error,orphan_label,train/labels/frames5074_png.rf.kWIRH08tLz0ZAopa4FHH.txt,Label has no matching supported image.
error,orphan_label,train/labels/frames5304_png.rf.21oiwZI1jDuwx4NBd25O.txt,Label has no matching supported image.
error,orphan_label,train/labels/frames5841_png.rf.mNtHj8pLHxEPVJwk8bBs.txt,Label has no matching supported image.
error,orphan_label,train/labels/frames5905_png.rf.FONzLmukDz6aKMwHDNnZ.txt,Label has no matching supported image.
error,orphan_label,train/labels/frames5937_png.rf.D5HFM0jzBorTSmInP077.txt,Label has no matching supported image.
error,orphan_label,train/labels/frames6162_png.rf.4kvXyIgBLKoNgOgwyX1u.txt,Label has no matching supported image.
error,orphan_label,train/labels/frames6705_png.rf.7ItNwOBD0DRkrpESmdMP.txt,Label has no matching supported image.
error,orphan_label,train/labels/frames6707_png.rf.1UhtWR0MMna6E0yOj5yc.txt,Label has no matching supported image.
error,orphan_label,train/labels/frames6994_png.rf.bST1Oyw3u9Ku70BfVKbE.txt,Label has no matching supported image.
error,orphan_label,train/labels/frames7226_png.rf.ybTn6iag3MTkUZDOoiKl.txt,Label has no matching supported image.
error,orphan_label,train/labels/frames7379_png.rf.T10MoZtUbKKne1DqlNoy.txt,Label has no matching supported image.
error,orphan_label,train/labels/IMG-10_jpg.rf.QQXBIu5ucGJqmqfCbeNb.txt,Label has no matching supported image.
error,orphan_label,train/labels/IMG-12_jpg.rf.RuMeWVvK0HXEEnTGt0P8.txt,Label has no matching supported image.
error,orphan_label,train/labels/IMG-1_jpg.rf.S2tSUtyK8EEFWSW7kW7x.txt,Label has no matching supported image.
error,orphan_label,train/labels/IMG-20240214-WA0007_jpg.rf.xSKKTgYZ9tiCW8E8AtVs.txt,Label has no matching supported image.
error,orphan_label,train/labels/IMG-20240214-WA0025_jpg.rf.CHfvJWENwhSr04OePTAD.txt,Label has no matching supported image.
error,orphan_label,train/labels/IMG-20240214-WA0028_jpg.rf.40MsTbxaIN03YtPh6U2I.txt,Label has no matching supported image.
error,orphan_label,train/labels/IMG-20240214-WA0033_jpg.rf.cBrR10O5RIxC1t62A3B8.txt,Label has no matching supported image.
error,orphan_label,train/labels/IMG-20240214-WA0038_jpg.rf.jbrrW9Y6QSc45xpzgzvd.txt,Label has no matching supported image.
error,orphan_label,train/labels/IMG-20240214-WA0039_jpg.rf.SZEmvUsJ2NBb81TUf6wL.txt,Label has no matching supported image.
error,orphan_label,train/labels/IMG-20240214-WA0040_jpg.rf.tROWONkaBO9DaZei1bBt.txt,Label has no matching supported image.
error,orphan_label,train/labels/IMG-20240214-WA0043_jpg.rf.OwqmJC1ZCouHizKZzjRx.txt,Label has no matching supported image.
error,orphan_label,train/labels/IMG-20240214-WA0045_jpg.rf.VgMCsv8KWDyNUyJNHWji.txt,Label has no matching supported image.
error,orphan_label,train/labels/IMG-20240214-WA0051_jpg.rf.41H942fG6E7Jq8IbuCRv.txt,Label has no matching supported image.
error,orphan_label,train/labels/IMG-20240214-WA0052_jpg.rf.q6LrEBo9X2UpYKwrMfe4.txt,Label has no matching supported image.
error,orphan_label,train/labels/IMG-20240214-WA0054_jpg.rf.FggtRpZKkBqfpob9OHC9.txt,Label has no matching supported image.
error,orphan_label,train/labels/IMG-20240214-WA0057_jpg.rf.yLmanp2QxIjjZvejIQQA.txt,Label has no matching supported image.
error,orphan_label,train/labels/IMG-20240214-WA0060_jpg.rf.zQpIxsflE06FTl8fhVPG.txt,Label has no matching supported image.
error,orphan_label,train/labels/IMG-20240214-WA0062_jpg.rf.zqLJt5Ny2vDNvlB0tAIl.txt,Label has no matching supported image.
error,orphan_label,train/labels/IMG-20240214-WA0065_jpg.rf.s1G9d9sjB5T3d3MxiqVg.txt,Label has no matching supported image.
error,orphan_label,train/labels/IMG-20240214-WA0066_jpg.rf.zaZjtQHHqjBeqYWv2Vtk.txt,Label has no matching supported image.
error,orphan_label,train/labels/IMG-20240214-WA0067_jpg.rf.f5W66rnDNNGrehFmCzd0.txt,Label has no matching supported image.
error,orphan_label,train/labels/IMG-20240214-WA0072_jpg.rf.QvPer0TOmw9ckosqFhaI.txt,Label has no matching supported image.
error,orphan_label,train/labels/IMG-20240214-WA0073_jpg.rf.oH71wXzVwexGRVGSNVU0.txt,Label has no matching supported image.
error,orphan_label,train/labels/IMG-20240214-WA0075_jpg.rf.hyl2zoX9bDi2s6cSBoFW.txt,Label has no matching supported image.
error,orphan_label,train/labels/IMG-20240215-WA0001_jpg.rf.k1Rc5YuCeAd68tpFnOFR.txt,Label has no matching supported image.
error,orphan_label,train/labels/IMG-20240215-WA0004_jpg.rf.zal3Nmzl48rVHf7i65bO.txt,Label has no matching supported image.
error,orphan_label,train/labels/IMG-20240215-WA0007_jpg.rf.m5xlCut3pP3gP7dBUyLy.txt,Label has no matching supported image.
error,orphan_label,train/labels/IMG-20240215-WA0013_jpg.rf.JAFoHDahQwLIN1l4sJaP.txt,Label has no matching supported image.
error,orphan_label,train/labels/IMG-20240215-WA0014_jpg.rf.lIuhE1gqSUNWcueHMNm0.txt,Label has no matching supported image.
error,orphan_label,train/labels/IMG-20240215-WA0020_jpg.rf.QyVowfBiibcscRecPR9K.txt,Label has no matching supported image.
error,orphan_label,train/labels/IMG-20240215-WA0025_jpg.rf.RxBS9tWjzz5LKRHFM0Ic.txt,Label has no matching supported image.
error,orphan_label,train/labels/IMG-20240215-WA0027_jpg.rf.151jCtkhCPoigYsReAY7.txt,Label has no matching supported image.
error,orphan_label,train/labels/IMG-20240215-WA0033_jpg.rf.gZYHtejp7dxf9GF5nAIL.txt,Label has no matching supported image.
error,orphan_label,train/labels/IMG-20240215-WA0034_jpg.rf.tLzuFT4LbCxf21SUCExi.txt,Label has no matching supported image.
error,orphan_label,train/labels/IMG-20240215-WA0037_jpg.rf.iQhPll7SbL0PmplXBwSR.txt,Label has no matching supported image.
error,orphan_label,train/labels/IMG-20240215-WA0040_jpg.rf.DkgtBMe0bVnv5t6Cjx4F.txt,Label has no matching supported image.
error,orphan_label,train/labels/IMG-20240215-WA0043_jpg.rf.yyn26TOIRWdxzntYK6Z2.txt,Label has no matching supported image.
error,orphan_label,train/labels/IMG-20240215-WA0044_jpg.rf.hMF8Ms67ZFNVeaqJvkwm.txt,Label has no matching supported image.
error,orphan_label,train/labels/IMG-20240215-WA0047_jpg.rf.lvOjWKlrVLTkVgPkTNo0.txt,Label has no matching supported image.
error,orphan_label,train/labels/IMG-20240215-WA0048_jpg.rf.NMMAabElEjFsrs5yVaSX.txt,Label has no matching supported image.
error,orphan_label,train/labels/IMG-20240215-WA0049_jpg.rf.cuXqiY3UQUMGVGjzs9vn.txt,Label has no matching supported image.
error,orphan_label,train/labels/IMG-20240215-WA0051_jpg.rf.hIFRJjSBefOVsD284U1C.txt,Label has no matching supported image.
error,orphan_label,train/labels/IMG-20240215-WA0055_jpg.rf.MNA98UFmtEg3XBXJyh2Z.txt,Label has no matching supported image.
error,orphan_label,train/labels/IMG-20240215-WA0056_jpg.rf.rYXLB2IKuNR6rsCCMLxC.txt,Label has no matching supported image.
error,orphan_label,train/labels/IMG-20240215-WA0057_jpg.rf.jd3nWFhBBBYm9AcR944Z.txt,Label has no matching supported image.
error,orphan_label,train/labels/IMG-20240215-WA0058_jpg.rf.RIRErdMSvFPfzs1J50LD.txt,Label has no matching supported image.
error,orphan_label,train/labels/IMG-20240215-WA0063_jpg.rf.pQRpwbvbOft4zOzkGRrP.txt,Label has no matching supported image.
error,orphan_label,train/labels/IMG-20240215-WA0065_jpg.rf.zFijHOO9LYL4QzCh6EFA.txt,Label has no matching supported image.
error,orphan_label,train/labels/IMG-20240215-WA0069_jpg.rf.1lBUuATrBrrfnd3sw2vX.txt,Label has no matching supported image.
error,orphan_label,train/labels/IMG-20240215-WA0073_jpg.rf.P6LpnpezTflItE6SIBuW.txt,Label has no matching supported image.
error,orphan_label,train/labels/IMG-20240215-WA0076_jpg.rf.2auSdNIHL1FPsg05UlQF.txt,Label has no matching supported image.
error,orphan_label,train/labels/IMG-20240215-WA0077_jpg.rf.8oHxeHZcSWAbWtEHi95M.txt,Label has no matching supported image.
error,orphan_label,train/labels/IMG-20240215-WA0086_jpg.rf.BkCCRXPFiC3biUtSKHlE.txt,Label has no matching supported image.
error,orphan_label,train/labels/IMG-20240215-WA0089_jpg.rf.7cEo6HmhsueVEWOsgP3O.txt,Label has no matching supported image.
error,orphan_label,train/labels/IMG-20240215-WA0098_jpg.rf.zZ4PThTAHtqriakYzEHN.txt,Label has no matching supported image.
error,orphan_label,train/labels/IMG-20240215-WA0110_jpg.rf.Fwq88Hib2jw5JnesKOar.txt,Label has no matching supported image.
error,orphan_label,train/labels/IMG-20240215-WA0117_jpg.rf.8EabJcXMjunzdoT2qosM.txt,Label has no matching supported image.
error,orphan_label,train/labels/IMG-20240215-WA0119_jpg.rf.SCw0AtPvaGb5MjmaaO89.txt,Label has no matching supported image.
error,orphan_label,train/labels/IMG-20240215-WA0120_jpg.rf.WBDBL8nyjwcV5FVeiDof.txt,Label has no matching supported image.
error,orphan_label,train/labels/IMG-20240215-WA0127_jpg.rf.EsAsc6KmQvaUbZeZtDWJ.txt,Label has no matching supported image.
error,orphan_label,train/labels/IMG-20240215-WA0128_jpg.rf.QDvjtioxBv7MG0FFa6x1.txt,Label has no matching supported image.
error,orphan_label,train/labels/IMG-20240215-WA0129_jpg.rf.LzJRGR3fhBFZAuu8b42a.txt,Label has no matching supported image.
error,orphan_label,train/labels/IMG-20240215-WA0131_jpg.rf.WuA2TvHqtHRdsNa8rqUO.txt,Label has no matching supported image.
error,orphan_label,train/labels/IMG-20240216-WA0003_jpg.rf.Wylvv7fsYg8tWh8ksMyy.txt,Label has no matching supported image.
error,orphan_label,train/labels/IMG-20240216-WA0009_jpg.rf.iK0fYchc42rgeeW5Q8a9.txt,Label has no matching supported image.
error,orphan_label,train/labels/IMG-20240216-WA0010_jpg.rf.n9YXemVPkezb8vrcm2Tj.txt,Label has no matching supported image.
error,orphan_label,train/labels/IMG-20240216-WA0011_jpg.rf.UzZ1xhDZmBmWUIPUYWgC.txt,Label has no matching supported image.
error,orphan_label,train/labels/IMG-20240216-WA0013_jpg.rf.Dr2bqkA0zPfdMHDsk7ZY.txt,Label has no matching supported image.
error,orphan_label,train/labels/IMG-20240216-WA0019_jpg.rf.ol8zNltfE8OU0iVO9d7e.txt,Label has no matching supported image.
error,orphan_label,train/labels/IMG-20240216-WA0023_jpg.rf.MlHO0vSFJvHCexincJsD.txt,Label has no matching supported image.
error,orphan_label,train/labels/IMG-20240216-WA0025_jpg.rf.jPHNgZw1SxEQpqgMJiee.txt,Label has no matching supported image.
error,orphan_label,train/labels/IMG-20240216-WA0027_jpg.rf.6vWvIBJroQWALcDa8ylY.txt,Label has no matching supported image.
error,orphan_label,train/labels/IMG-20240216-WA0031_jpg.rf.gik1xscJjzzW0uoh4hWq.txt,Label has no matching supported image.
error,orphan_label,train/labels/IMG-20240216-WA0035_jpg.rf.LBj1rIB6zPcXMDxHHMHU.txt,Label has no matching supported image.
error,orphan_label,train/labels/IMG-20240216-WA0036_jpg.rf.2L84O2m6WDnilKLam1qQ.txt,Label has no matching supported image.
error,orphan_label,train/labels/IMG-20240216-WA0039_jpg.rf.xYr1vhnGijoLlaVZR3Cr.txt,Label has no matching supported image.
error,orphan_label,train/labels/IMG-20240216-WA0052_jpg.rf.p74F6B7ZpKjX66KWdQC4.txt,Label has no matching supported image.
error,orphan_label,train/labels/IMG-20240216-WA0057_jpg.rf.ipp7U8FmOcD16NcOm5TC.txt,Label has no matching supported image.
error,orphan_label,train/labels/IMG-20240216-WA0062_jpg.rf.yo7sNrtaHqlNK37Mc5Lt.txt,Label has no matching supported image.
error,orphan_label,train/labels/IMG-20240216-WA0065_jpg.rf.iEmJpnyeIFNEv2ToGeID.txt,Label has no matching supported image.
error,orphan_label,train/labels/IMG-20240216-WA0066_jpg.rf.hsqOjHt4QRAlcQQPnM0h.txt,Label has no matching supported image.
error,orphan_label,train/labels/IMG-20240216-WA0071_jpg.rf.oLc7NaRoG3FyXDIE4kZe.txt,Label has no matching supported image.
error,orphan_label,train/labels/IMG-20240216-WA0074_jpg.rf.XZJsR3egutnHAC3eaD46.txt,Label has no matching supported image.
error,orphan_label,train/labels/IMG-20240216-WA0075_jpg.rf.XoPwVqp9EBcNTc6q3XxY.txt,Label has no matching supported image.
error,orphan_label,train/labels/IMG-20240216-WA0077_jpg.rf.Twv6Ef3PjILjlINx1QlT.txt,Label has no matching supported image.
error,orphan_label,train/labels/IMG-20240216-WA0079_jpg.rf.AcyHG3pVdG5afchgekAt.txt,Label has no matching supported image.
error,orphan_label,train/labels/IMG-20240216-WA0090_jpg.rf.RkepQVKvAixyb8GQVTuH.txt,Label has no matching supported image.
error,orphan_label,train/labels/IMG-20240216-WA0093_jpg.rf.6PuipXrQNeVge1SlnmtE.txt,Label has no matching supported image.
error,orphan_label,train/labels/IMG-20240216-WA0094_jpg.rf.Orsn0Ef1d2HK4QcZEP9L.txt,Label has no matching supported image.
error,orphan_label,train/labels/IMG-20240216-WA0098_jpg.rf.maNsWABNvYPMPwbJYPKk.txt,Label has no matching supported image.
error,orphan_label,train/labels/IMG-20240216-WA0099_jpg.rf.VrsEadZC0vcZvO4XnvjK.txt,Label has no matching supported image.
error,orphan_label,train/labels/IMG-20240216-WA0102_jpg.rf.CiHjq1Lv6FH11BpCnq31.txt,Label has no matching supported image.
error,orphan_label,train/labels/IMG-20240216-WA0110_jpg.rf.QrRXbSQg8Jntaf1XOcaB.txt,Label has no matching supported image.
error,orphan_label,train/labels/IMG-20240216-WA0112_jpg.rf.9FEREaPVs55oQRk6dNiK.txt,Label has no matching supported image.
error,orphan_label,train/labels/IMG-20240216-WA0117_jpg.rf.IQBzgePNU0hsZgI3pVkp.txt,Label has no matching supported image.
error,orphan_label,train/labels/IMG-20240216-WA0122_jpg.rf.V0SQpHpLWjsDTporsG7c.txt,Label has no matching supported image.
error,orphan_label,train/labels/IMG-20240216-WA0125_jpg.rf.lUANsmodigeE2qjmE9bm.txt,Label has no matching supported image.
error,orphan_label,train/labels/IMG-20240216-WA0126_jpg.rf.opMkwUk2DNENO9OuSIKT.txt,Label has no matching supported image.
error,orphan_label,train/labels/IMG-20240216-WA0127_jpg.rf.9ZfJgOhuocxHzrHDhVyG.txt,Label has no matching supported image.
error,orphan_label,train/labels/IMG-20240216-WA0128_jpg.rf.PPoIeSyXckv2HlSGHyXF.txt,Label has no matching supported image.
error,orphan_label,train/labels/IMG-20240216-WA0130_jpg.rf.BsokqvI6OhdFi2jjBixi.txt,Label has no matching supported image.
error,orphan_label,train/labels/IMG-20240216-WA0131_jpg.rf.RhpId6j6vOjsbLewctrR.txt,Label has no matching supported image.
error,orphan_label,train/labels/IMG-20240218-WA0001_jpg.rf.lqMLZOFCWgNoiZY4u2GS.txt,Label has no matching supported image.
error,orphan_label,train/labels/IMG-20240218-WA0004_jpg.rf.iDi0BPfEDaqcjMe5jL9w.txt,Label has no matching supported image.
error,orphan_label,train/labels/IMG-20240218-WA0005_jpg.rf.26SW6zZzNQ12wiGNhcxI.txt,Label has no matching supported image.
error,orphan_label,train/labels/IMG-20240218-WA0006_jpg.rf.gLPbAL7YsnLnfVc7oJdw.txt,Label has no matching supported image.
error,orphan_label,train/labels/IMG-20240218-WA0012_jpg.rf.xSe7QCh6FQ6ODuOv7bUz.txt,Label has no matching supported image.
error,orphan_label,train/labels/IMG-20240218-WA0016_jpg.rf.kLt0PFRtVt6UpMg6ilPR.txt,Label has no matching supported image.
error,orphan_label,train/labels/IMG-20240218-WA0017_jpg.rf.VHwXSb8kjZXs9ce6A7oJ.txt,Label has no matching supported image.
error,orphan_label,train/labels/IMG-20240218-WA0029_jpg.rf.refV744cBq4SXZawKFJd.txt,Label has no matching supported image.
error,orphan_label,train/labels/IMG-20240218-WA0031_jpg.rf.PIpWAqmKF7lrZnl2xKNS.txt,Label has no matching supported image.
error,orphan_label,train/labels/IMG-20240218-WA0032_jpg.rf.c9qj6NDplzSPRvfovKQ6.txt,Label has no matching supported image.
error,orphan_label,train/labels/IMG-20240218-WA0033_jpg.rf.TC9Je1F8lnPigFCsdIFT.txt,Label has no matching supported image.
error,orphan_label,train/labels/IMG-20240218-WA0034_jpg.rf.qT04h7touINS3xN4XSBn.txt,Label has no matching supported image.
error,orphan_label,train/labels/IMG-20240218-WA0035_jpg.rf.xr1jZUnAM0CP4cAPi3Oq.txt,Label has no matching supported image.
error,orphan_label,train/labels/IMG-20240218-WA0042_jpg.rf.QzjonRUYQOs6sooadSbJ.txt,Label has no matching supported image.
error,orphan_label,train/labels/IMG-20240218-WA0043_jpg.rf.NruqNALtjWkjLRfGcYzk.txt,Label has no matching supported image.
error,orphan_label,train/labels/IMG-20240218-WA0045_jpg.rf.RoocIVrThpZFlFvwSUiG.txt,Label has no matching supported image.
error,orphan_label,train/labels/IMG-20240218-WA0051_jpg.rf.yjpBpOoY1CkrOSJD653c.txt,Label has no matching supported image.
error,orphan_label,train/labels/IMG-20240218-WA0052_jpg.rf.nUlimps80W77MCEaA7DV.txt,Label has no matching supported image.
error,orphan_label,train/labels/IMG-20240218-WA0055_jpg.rf.TcVnvCdnqBlCoa8rl8XG.txt,Label has no matching supported image.
error,orphan_label,train/labels/IMG-20240218-WA0056_jpg.rf.34R9kaXuDQZc7YpOL7RG.txt,Label has no matching supported image.
error,orphan_label,train/labels/IMG-20240218-WA0057_jpg.rf.kFXMAUHs4MEu5AJW6yto.txt,Label has no matching supported image.
error,orphan_label,train/labels/IMG-20240218-WA0072_jpg.rf.BYvR9lRreBHFeQtsehPK.txt,Label has no matching supported image.
error,orphan_label,train/labels/IMG-20240218-WA0091_jpg.rf.Nx2sANLMOQeNk8K9lr7o.txt,Label has no matching supported image.
error,orphan_label,train/labels/IMG-20240218-WA0097_jpg.rf.7FadreK2Ln4deTOmguWP.txt,Label has no matching supported image.
error,orphan_label,train/labels/IMG-20240218-WA0104_jpg.rf.FHbNmaTbBxnFwmjSsvh3.txt,Label has no matching supported image.
error,orphan_label,train/labels/IMG-20240218-WA0105_jpg.rf.gebyVfNV1fEVI4baoaBv.txt,Label has no matching supported image.
error,orphan_label,train/labels/IMG-20240218-WA0106_jpg.rf.la7uGbgMvKYCRxbGsPaX.txt,Label has no matching supported image.
error,orphan_label,train/labels/IMG-20240218-WA0109_jpg.rf.ojIpljKiCinPBtvIGg3Q.txt,Label has no matching supported image.
error,orphan_label,train/labels/IMG-20240218-WA0116_jpg.rf.FSSAzny8SD7nW04ev32K.txt,Label has no matching supported image.
error,orphan_label,train/labels/IMG-20240218-WA0118_jpg.rf.qwfalTwCzhVx8GtNJaai.txt,Label has no matching supported image.
error,orphan_label,train/labels/IMG-20240218-WA0120_jpg.rf.oEtY4LyCODqD3F1mjPqK.txt,Label has no matching supported image.
error,orphan_label,train/labels/IMG-20240218-WA0121_jpg.rf.jIZPgr19rjD426IuX7gI.txt,Label has no matching supported image.
error,orphan_label,train/labels/IMG-20240218-WA0124_jpg.rf.H4LmkKNtId4QdRJFqn9O.txt,Label has no matching supported image.
error,orphan_label,train/labels/IMG-20240218-WA0129_jpg.rf.5yMxUdzasLriwrGVS2nW.txt,Label has no matching supported image.
error,orphan_label,train/labels/IMG-20240218-WA0134_jpg.rf.QVwG89nhSHL9jkeJo2AI.txt,Label has no matching supported image.
error,orphan_label,train/labels/IMG-20240218-WA0135_jpg.rf.NfbDvdk2uJ4rx8y5aXcu.txt,Label has no matching supported image.
error,orphan_label,train/labels/IMG-20240218-WA0136_jpg.rf.LuAaSbN9P0WhmbuMJjRV.txt,Label has no matching supported image.
error,orphan_label,train/labels/IMG-20240218-WA0142_jpg.rf.jbsfr32vqxD6Fq2N1jGi.txt,Label has no matching supported image.
error,orphan_label,train/labels/IMG-20240218-WA0143_jpg.rf.UJD5KnZsSvq3NmOGvMm2.txt,Label has no matching supported image.
error,orphan_label,train/labels/IMG-20240218-WA0144_jpg.rf.yZC70NCHckKSZm4oAVDe.txt,Label has no matching supported image.
error,orphan_label,train/labels/IMG-20240218-WA0148_jpg.rf.v0NQUvfu7kA0imkumZsQ.txt,Label has no matching supported image.
error,orphan_label,train/labels/IMG-20240218-WA0150_jpg.rf.CxfsYKDjeSwS8CKgw4Jo.txt,Label has no matching supported image.
error,orphan_label,train/labels/IMG-20240218-WA0152_jpg.rf.8pm8xGo5QKc8cCID5XQp.txt,Label has no matching supported image.
error,orphan_label,train/labels/IMG-20240218-WA0157_jpg.rf.EbYOFo0R3AQuDqa6YWyL.txt,Label has no matching supported image.
error,orphan_label,train/labels/IMG-20240218-WA0158_jpg.rf.4n6rEiutj4ePwSJw6xks.txt,Label has no matching supported image.
error,orphan_label,train/labels/IMG-20240218-WA0160_jpg.rf.gtn6SjwMdu80FFCViLZq.txt,Label has no matching supported image.
error,orphan_label,train/labels/IMG-20240218-WA0162_jpg.rf.QC6yQI8CWcjQ5X6a258B.txt,Label has no matching supported image.
error,orphan_label,train/labels/IMG-20240218-WA0164_jpg.rf.X1A1W6DDLPYXCJUpP2Cb.txt,Label has no matching supported image.
error,orphan_label,train/labels/IMG-20240218-WA0166_jpg.rf.95j0AzYKqLPPOb5kpfFp.txt,Label has no matching supported image.
error,orphan_label,train/labels/IMG-20240218-WA0167_jpg.rf.zxLWVvEXs09zxdoXO2qg.txt,Label has no matching supported image.
error,orphan_label,train/labels/IMG-20240218-WA0168_jpg.rf.06lCU07AAwp1pPhC3u9R.txt,Label has no matching supported image.
error,orphan_label,train/labels/IMG-20240218-WA0170_jpg.rf.kuONw7D6ip5Dy9kn6lJs.txt,Label has no matching supported image.
error,orphan_label,train/labels/IMG-20240218-WA0173_jpg.rf.OhYkJCwVpHxcyIiHOV0p.txt,Label has no matching supported image.
error,orphan_label,train/labels/IMG-20240218-WA0177_jpg.rf.cNCjaH2q7LOSMQDpaLfy.txt,Label has no matching supported image.
error,orphan_label,train/labels/IMG-20240218-WA0182_jpg.rf.QbCtNN2guZjggsvoVT3b.txt,Label has no matching supported image.
error,orphan_label,train/labels/IMG-20240218-WA0183_jpg.rf.iK8VSikNUPShnpD99sBF.txt,Label has no matching supported image.
error,orphan_label,train/labels/IMG-20240218-WA0191_jpg.rf.RHw2ieLoBZ26QsUC2FDR.txt,Label has no matching supported image.
error,orphan_label,train/labels/IMG-20240218-WA0200_jpg.rf.R6KU9C0D1BgU78Thgb49.txt,Label has no matching supported image.
error,orphan_label,train/labels/IMG-20240218-WA0201_jpg.rf.CWzA5KRcC6qPN7YHq3gm.txt,Label has no matching supported image.
error,orphan_label,train/labels/IMG-20240218-WA0202_jpg.rf.6UROpcOeK8lYbWCwWGmZ.txt,Label has no matching supported image.
error,orphan_label,train/labels/IMG-20240218-WA0207_jpg.rf.A7bQDpoHvm3L1w8AesEf.txt,Label has no matching supported image.
error,orphan_label,train/labels/IMG-20240218-WA0214_jpg.rf.Cj55RSSNy04LdKk3gxu6.txt,Label has no matching supported image.
error,orphan_label,train/labels/IMG-20240218-WA0215_jpg.rf.CrrG0gkxHF9cN6uPCxwr.txt,Label has no matching supported image.
error,orphan_label,train/labels/IMG-20240218-WA0225_jpg.rf.mgmyHwabqixmjIqokD4V.txt,Label has no matching supported image.
error,orphan_label,train/labels/IMG-20240218-WA0236_jpg.rf.0LnB0bQzzh6I1U6fa7KN.txt,Label has no matching supported image.
error,orphan_label,train/labels/IMG-20240218-WA0240_jpg.rf.QuYSJgDgJi0sc3YhU8dg.txt,Label has no matching supported image.
error,orphan_label,train/labels/IMG-20240218-WA0246_jpg.rf.pPtnHiO7g1vZVeM1Pav5.txt,Label has no matching supported image.
error,orphan_label,train/labels/IMG-20240218-WA0247_jpg.rf.UHMJEZLX2Zr56ESXzAIO.txt,Label has no matching supported image.
error,orphan_label,train/labels/IMG-20240218-WA0249_jpg.rf.7j8KORnmqRIJgxskc7r6.txt,Label has no matching supported image.
error,orphan_label,train/labels/IMG-20240218-WA0257_jpg.rf.j6iN8IcwtPGYr4AC8bSO.txt,Label has no matching supported image.
error,orphan_label,train/labels/IMG-20240218-WA0260_jpg.rf.7XzvMwi2gC6ZfQeiurxi.txt,Label has no matching supported image.
error,orphan_label,train/labels/IMG-20240218-WA0261_jpg.rf.EPdiAgAyZVRzuH2vJ5VU.txt,Label has no matching supported image.
error,orphan_label,train/labels/IMG-20240218-WA0263_jpg.rf.DpeI6AZ2Ew2xasZCBcx2.txt,Label has no matching supported image.
error,orphan_label,train/labels/IMG-20240218-WA0266_jpg.rf.lTLez8wFvLCvYvPfIyGV.txt,Label has no matching supported image.
error,orphan_label,train/labels/IMG-20240218-WA0268_jpg.rf.kZS69pXTektARnRMtKTg.txt,Label has no matching supported image.
error,orphan_label,train/labels/IMG-20240218-WA0272_jpg.rf.KkvbX5TABJ3QpAyuc3yO.txt,Label has no matching supported image.
error,orphan_label,train/labels/IMG-20240218-WA0273_jpg.rf.0PEryi34iJfs7RnYCWxQ.txt,Label has no matching supported image.
error,orphan_label,train/labels/IMG-20240218-WA0275_jpg.rf.W4zQFtkolfUhPA856jYv.txt,Label has no matching supported image.
error,orphan_label,train/labels/IMG-20240218-WA0278_jpg.rf.0AsGsWIui73GPHPuep6r.txt,Label has no matching supported image.
error,orphan_label,train/labels/IMG-20240218-WA0282_jpg.rf.mckf3uVpOmoI1JsDFQci.txt,Label has no matching supported image.
error,orphan_label,train/labels/IMG-20240218-WA0285_jpg.rf.6rTHha0RuWVf2pQ26o4l.txt,Label has no matching supported image.
error,orphan_label,train/labels/IMG-20240218-WA0289_jpg.rf.5xgwgDK09btRaoKlD7af.txt,Label has no matching supported image.
error,orphan_label,train/labels/IMG-20240218-WA0321_jpg.rf.LdP64LTtN5yGhVQuglP4.txt,Label has no matching supported image.
error,orphan_label,train/labels/IMG-20240218-WA0322_jpg.rf.cEi9IeEPo0MdEHpv3ioP.txt,Label has no matching supported image.
error,orphan_label,train/labels/IMG-20240218-WA0336_jpg.rf.ZHRjEjq7H6KI0du80png.txt,Label has no matching supported image.
error,orphan_label,train/labels/IMG-20240218-WA0346_jpg.rf.zijLFlAdC9E5bXxSDBUY.txt,Label has no matching supported image.
error,orphan_label,train/labels/IMG-20240218-WA0353_jpg.rf.zvIwSqz7RHKpbX9ldhzX.txt,Label has no matching supported image.
error,orphan_label,train/labels/IMG-20240218-WA0361_jpg.rf.1yhcnVeIzCPHpvh4Y0t8.txt,Label has no matching supported image.
error,orphan_label,train/labels/IMG-21_jpg.rf.rnGlIkQ4KVDMszY9drPy.txt,Label has no matching supported image.
error,orphan_label,train/labels/IMG-23_jpg.rf.E1SFqzEYZ9rkz0EabFti.txt,Label has no matching supported image.
error,orphan_label,train/labels/IMG-26_jpg.rf.grzOJbuP9A4kdXSNA1UR.txt,Label has no matching supported image.
error,orphan_label,train/labels/IMG-27_jpg.rf.pzl0v8clmMAsFqxugrgm.txt,Label has no matching supported image.
error,orphan_label,train/labels/IMG-40_jpg.rf.O5SH8T5SyY4KjbFzTHpm.txt,Label has no matching supported image.
error,orphan_label,train/labels/IMG-44_jpg.rf.611aZtSaGSXx63EM2Aw0.txt,Label has no matching supported image.
error,orphan_label,train/labels/IMG-46_jpg.rf.yvwnlP1JJQBKDfNAO6Sq.txt,Label has no matching supported image.
error,orphan_label,train/labels/IMG-52_jpg.rf.o2hmqj1Rb7FaDZBhEX9O.txt,Label has no matching supported image.
error,orphan_label,train/labels/IMG-53_jpg.rf.ozCo4EPWrtMCUk2AhvhV.txt,Label has no matching supported image.
error,orphan_label,train/labels/IMG-5_jpg.rf.KuJBn1ukd38qnExqCL5O.txt,Label has no matching supported image.
error,orphan_label,train/labels/IMG-6_jpg.rf.aupLVjdVVuQdMhY14rTg.txt,Label has no matching supported image.
error,orphan_label,train/labels/IMG-7_jpg.rf.Op2gNm5k7kpqztNw85g8.txt,Label has no matching supported image.
error,orphan_label,train/labels/IMG_20190412_105413_jpg.rf.t9eqk1FnCiOE3c4sE8hr.txt,Label has no matching supported image.
error,orphan_label,train/labels/IMG_20190412_105750_jpg.rf.Ci40JeYj4LdU4Ba8Wvgk.txt,Label has no matching supported image.
error,orphan_label,train/labels/IMG_20190412_114456_jpg.rf.L6e7grt34j1q9KDdrZKR.txt,Label has no matching supported image.
error,orphan_label,train/labels/IMG_20190412_114504_jpg.rf.kUgiS8JKoJuKZN2vbVxC.txt,Label has no matching supported image.
error,orphan_label,train/labels/IMG_20190413_123320_jpg.rf.TANzmgf0Oqh5vFsPmA8Z.txt,Label has no matching supported image.
error,orphan_label,train/labels/IMG_20190413_124955_jpg.rf.bAxVVZIYvGSZK91Q0WUH.txt,Label has no matching supported image.
error,orphan_label,train/labels/IMG_20190413_125659_jpg.rf.FmAYI0OkzuR3Pv8TmAhM.txt,Label has no matching supported image.
error,orphan_label,train/labels/IMG_20191220_152919_jpg.rf.8fIk2Of35XmYFCavulZ5.txt,Label has no matching supported image.
error,orphan_label,train/labels/IMG_20191220_153151_jpg.rf.PS70wDW5OwKVcJXVvi25.txt,Label has no matching supported image.
error,orphan_label,train/labels/IMG_20191220_153812_jpg.rf.0O69blBxksHi5kYtKKVT.txt,Label has no matching supported image.
error,orphan_label,train/labels/IMG_20191220_154310_jpg.rf.crUSzUqK7fhTEVxXyHJJ.txt,Label has no matching supported image.
error,orphan_label,train/labels/IMG_20191220_154537_jpg.rf.rb10DbRFBbWJF42bhGus.txt,Label has no matching supported image.
error,orphan_label,train/labels/IMG_20191220_154805_jpg.rf.AqXHimKdn0x4XD2hmp9U.txt,Label has no matching supported image.
error,orphan_label,train/labels/IMG_20191220_154920_jpg.rf.7qr20yO8ciDzHiObde9n.txt,Label has no matching supported image.
error,orphan_label,train/labels/IMG_20191220_155556_jpg.rf.AiIfnfBvQe0H5op0A5tF.txt,Label has no matching supported image.
error,orphan_label,train/labels/IMG_20191220_155744_jpg.rf.O3whnHjLsasMh0GkJqvL.txt,Label has no matching supported image.
error,orphan_label,train/labels/IMG_20191220_160103_jpg.rf.20jrUuiP0XlPKTG2oKZT.txt,Label has no matching supported image.
error,orphan_label,train/labels/IMG_20191220_160920_jpg.rf.UoIZIx80IYcxbsXSrmo8.txt,Label has no matching supported image.
error,orphan_label,train/labels/IMG_20220707_113816_jpg.rf.ThCwuqbrt2t7fVfoxw7J.txt,Label has no matching supported image.
error,orphan_label,train/labels/IMG_20220707_114849_jpg.rf.LcEoqy5JLDImz0Qw352B.txt,Label has no matching supported image.
error,orphan_label,train/labels/IMG_20220707_115048_jpg.rf.9AAsbX5XsrtFETxbBGIJ.txt,Label has no matching supported image.
error,orphan_label,train/labels/IMG_20220707_115108_jpg.rf.bOAjkXJt02T8CYgi3IKt.txt,Label has no matching supported image.
error,orphan_label,train/labels/IMG_20220707_115255_jpg.rf.0el7f7qv2woRakwPXes9.txt,Label has no matching supported image.
error,orphan_label,train/labels/IMG_20220707_115323_jpg.rf.HLd2cSd188wq46DNFldt.txt,Label has no matching supported image.
error,orphan_label,train/labels/IMG_20220707_115328_jpg.rf.LxMh62Sj7LTevX6BUorO.txt,Label has no matching supported image.
error,orphan_label,train/labels/IMG_20220707_115339_jpg.rf.eo0ivBIHEOB3H0cEQcip.txt,Label has no matching supported image.
error,orphan_label,train/labels/IMG_20220707_115347_jpg.rf.jefBwJiqtItzL7PUw6YC.txt,Label has no matching supported image.
error,orphan_label,train/labels/IMG_20220707_115558_jpg.rf.CsyCH0u4MFpUFgcRRjzl.txt,Label has no matching supported image.
error,orphan_label,train/labels/IMG_20220707_115641_jpg.rf.CZnbga90Q20zLVxtDuSF.txt,Label has no matching supported image.
error,orphan_label,train/labels/IMG_20220707_115738_jpg.rf.1YX65I2N6Lg5EtMRMuoP.txt,Label has no matching supported image.
error,orphan_label,train/labels/IMG_20220707_115847_jpg.rf.aYsOMpyCB5Dtd9Ja1jAQ.txt,Label has no matching supported image.
error,orphan_label,train/labels/IMG_20220707_115905_jpg.rf.UmbcJH2WaxVFDOHpKbAw.txt,Label has no matching supported image.
error,orphan_label,train/labels/IMG_20220707_115946_jpg.rf.ZRbW4wtIJMpvJaqzTumg.txt,Label has no matching supported image.
error,orphan_label,train/labels/IMG_20220707_115953_jpg.rf.0sUvzeX3w5quA5CuWbT5.txt,Label has no matching supported image.
error,orphan_label,train/labels/IMG_20220707_122638_jpg.rf.9jFEwzAJ2bvsxxWdi9K3.txt,Label has no matching supported image.
error,orphan_label,train/labels/IMG_20240211_144102_jpg.rf.kSd661RQA4DKMUuT40I1.txt,Label has no matching supported image.
error,orphan_label,train/labels/IMG_20240211_144315_jpg.rf.oZOZqFikWCZhv15kD0O2.txt,Label has no matching supported image.
error,orphan_label,train/labels/IMG_20240211_144437_jpg.rf.mlnbyJCc7vpmD0uUb06W.txt,Label has no matching supported image.
error,orphan_label,train/labels/IMG_20240211_145428_jpg.rf.zj8ngixJfj5W5bG96HcT.txt,Label has no matching supported image.
error,orphan_label,train/labels/IMG_20240211_145502_jpg.rf.9bTvivmDKoUjGKOsFDEd.txt,Label has no matching supported image.
error,orphan_label,train/labels/IMG_20240211_145523_jpg.rf.pAgTjGcYT0YjLysQFN1q.txt,Label has no matching supported image.
error,orphan_label,train/labels/IMG_20240211_150150_jpg.rf.Ycpcs8JedmEyV9IUQ4te.txt,Label has no matching supported image.
error,orphan_label,train/labels/IMG_20240211_150224_jpg.rf.C0VLZYQN25cAHRnYb0sv.txt,Label has no matching supported image.
error,orphan_label,train/labels/IMG_20240211_150243_jpg.rf.USkbWciEHZzJK3ONSa7n.txt,Label has no matching supported image.
error,orphan_label,train/labels/IMG_20240211_150314_jpg.rf.phSeyONsYH2zBpyMkfmk.txt,Label has no matching supported image.
error,orphan_label,train/labels/IMG_20240211_150316_jpg.rf.yNS4u5wXPiB3Poo6wSfs.txt,Label has no matching supported image.
error,orphan_label,train/labels/IMG_20240211_150349_jpg.rf.BbPvhJYQyVxDwh7WCm8T.txt,Label has no matching supported image.
error,orphan_label,train/labels/IMG_20240211_150413_jpg.rf.K5t8bKiBckiqXn7a7nz0.txt,Label has no matching supported image.
error,orphan_label,train/labels/IMG_20240211_150419_jpg.rf.CLX9maF7eAuV6CAsDxI7.txt,Label has no matching supported image.
error,orphan_label,train/labels/IMG_20240211_150522_jpg.rf.leNuLWRU19mQAIL3580Z.txt,Label has no matching supported image.
error,orphan_label,train/labels/IMG_20240211_150554_jpg.rf.nt6YXFwViiDjW0jH3Mav.txt,Label has no matching supported image.
error,orphan_label,train/labels/IMG_20240211_151040_jpg.rf.Lg2vqapypr174UuDibvI.txt,Label has no matching supported image.
error,orphan_label,train/labels/IMG_20240211_151104_jpg.rf.6bhM2f54p2eiW6oYJdeW.txt,Label has no matching supported image.
error,orphan_label,train/labels/IMG_20240211_151114_jpg.rf.a1tC0LYAbk5wOlCgcjt7.txt,Label has no matching supported image.
error,orphan_label,train/labels/IMG_20240211_151120_jpg.rf.kLyuSASctdO75WsW7lC5.txt,Label has no matching supported image.
error,orphan_label,train/labels/IMG_20240211_151148_jpg.rf.wyGp76mLGQUpdKWf6BHg.txt,Label has no matching supported image.
error,orphan_label,train/labels/IMG_20240211_151150_jpg.rf.COfxfba76kvZOQHaH8RY.txt,Label has no matching supported image.
error,orphan_label,train/labels/IMG_20240211_151154_jpg.rf.mpfsB706cwYd9IXkFgSM.txt,Label has no matching supported image.
error,orphan_label,train/labels/IMG_20240211_151253_jpg.rf.1t3LPByZXwCYgyTw6tGz.txt,Label has no matching supported image.
error,orphan_label,train/labels/IMG_20240211_151309_jpg.rf.0qOUOL4PFQM6hiltfdOg.txt,Label has no matching supported image.
error,orphan_label,train/labels/IMG_20240211_151420_jpg.rf.0e6E6vYFfucarS9pOx8O.txt,Label has no matching supported image.
error,orphan_label,train/labels/IMG_20240211_151455_jpg.rf.OP3hktw0t07hTBSOGEA0.txt,Label has no matching supported image.
error,orphan_label,train/labels/IMG_20240211_151457_jpg.rf.kbwJnoWbCwJGHePlAdD2.txt,Label has no matching supported image.
error,orphan_label,train/labels/IMG_20240211_151501_jpg.rf.C2U0nEzv5FJKonO5vVqj.txt,Label has no matching supported image.
error,orphan_label,train/labels/IMG_20240211_151806_jpg.rf.hGzbuAURI8pZPgOx5VIx.txt,Label has no matching supported image.
error,orphan_label,train/labels/IMG_20240211_152355_jpg.rf.GIwlIgYWqYlYlNtPjTFc.txt,Label has no matching supported image.
error,orphan_label,train/labels/IMG_20240211_152405_jpg.rf.3VewPRmYZ8TkxgJvlBTn.txt,Label has no matching supported image.
error,orphan_label,train/labels/IMG_20240211_152433_jpg.rf.pTvbnZyZjdAB5a8hGs0k.txt,Label has no matching supported image.
error,orphan_label,train/labels/IMG_20240211_152452_jpg.rf.UHvQcuNyC55G1l0Cz6zc.txt,Label has no matching supported image.
error,orphan_label,train/labels/IMG_20240211_152455_jpg.rf.QSG1Yieg6dDlWhHPJCEN.txt,Label has no matching supported image.
error,orphan_label,train/labels/IMG_20240211_152534_jpg.rf.SxYvOApEeHJVAQitOXlq.txt,Label has no matching supported image.
error,orphan_label,train/labels/IMG_20240211_152615_jpg.rf.T7OtWN17SCDA97XmsPTW.txt,Label has no matching supported image.
error,orphan_label,train/labels/IMG_20240211_152620_jpg.rf.dmIhPbHhCh41iMvUeabI.txt,Label has no matching supported image.
error,orphan_label,train/labels/IMG_20240211_152622_jpg.rf.VphNM4q6ZGfsi72gLmzm.txt,Label has no matching supported image.
error,orphan_label,train/labels/IMG_20240211_152750_jpg.rf.QLBXCczu3w8IqvbYjDwY.txt,Label has no matching supported image.
error,orphan_label,train/labels/IMG_20240211_154512_jpg.rf.XtuVlKPlEoPaXNlYj0J6.txt,Label has no matching supported image.
error,orphan_label,train/labels/IMG_20240211_161143_jpg.rf.plZMjnvWnE57v8WZtzRg.txt,Label has no matching supported image.
error,orphan_label,train/labels/IMG_20240211_161229_jpg.rf.AmB7QDoO28eTfUNRfc95.txt,Label has no matching supported image.
error,orphan_label,train/labels/IMG_20240211_161611_jpg.rf.rXQeTHSX2JrQps32wpjv.txt,Label has no matching supported image.
error,orphan_label,train/labels/IMG_20240211_161949_jpg.rf.5SJ3FKKmPH2NsEOD3Skw.txt,Label has no matching supported image.
error,orphan_label,train/labels/IMG_20240211_162020_jpg.rf.QJZ4aFqznWFc2pJNiIco.txt,Label has no matching supported image.
error,orphan_label,train/labels/IMG_20240211_162205_jpg.rf.GQZPIGxTw4f5FKO2TUh9.txt,Label has no matching supported image.
error,orphan_label,train/labels/IMG_20240211_162218_jpg.rf.5NTP7BjNTAouzOabg1M5.txt,Label has no matching supported image.
error,orphan_label,train/labels/IMG_20240211_162221_jpg.rf.C8H1mcJMjxC3x5hzgrwf.txt,Label has no matching supported image.
error,orphan_label,train/labels/IMG_20240211_162303_jpg.rf.mELcDYq2gCv3HKGPX65Q.txt,Label has no matching supported image.
error,orphan_label,train/labels/IMG_20240211_162417_jpg.rf.pqpDt5v4v9Mx565UJLhv.txt,Label has no matching supported image.
error,orphan_label,train/labels/IMG_20240211_162532_jpg.rf.260FawL4kJ1JCQk7oyp7.txt,Label has no matching supported image.
error,orphan_label,train/labels/IMG_20240211_162534_jpg.rf.zuU81YaQOrkN1y1fZ3f4.txt,Label has no matching supported image.
error,orphan_label,train/labels/IMG_20240211_162604_jpg.rf.hFBSgDayXy3ezSRLmYEH.txt,Label has no matching supported image.
error,orphan_label,train/labels/IMG_20240211_162708_jpg.rf.wloOJ3bX1PKCUd2Qduiv.txt,Label has no matching supported image.
error,orphan_label,train/labels/IMG_20240211_162715_jpg.rf.lnucVZcAGnNHweO8X23i.txt,Label has no matching supported image.
error,orphan_label,train/labels/Number_jpg.rf.Fc1xClZNn5qFan5PrLEl.txt,Label has no matching supported image.
error,orphan_label,train/labels/received_1046491973100214_jpeg.rf.Spn5GIdasqSijKudDPBH.txt,Label has no matching supported image.
error,orphan_label,train/labels/received_1151562566225408_jpeg.rf.WRPXccVwKOKrMXMzaWz9.txt,Label has no matching supported image.
error,orphan_label,train/labels/received_1156250575540046_jpeg.rf.95jBH5j2rjCK5b7sYKdq.txt,Label has no matching supported image.
error,orphan_label,train/labels/received_1184768725842638_jpeg.rf.YPpa6uLevSnCdvMGTxXG.txt,Label has no matching supported image.
error,orphan_label,train/labels/received_1798519270651236_jpeg.rf.hI9IT0liuEzzkfLgCiRZ.txt,Label has no matching supported image.
error,orphan_label,train/labels/received_282144841363051_jpeg.rf.2RwkaYeKl6j9jV1I5Y9b.txt,Label has no matching supported image.
error,orphan_label,train/labels/received_333854569648019_jpeg.rf.5bI6hNSMvWerRkgguG3t.txt,Label has no matching supported image.
error,orphan_label,train/labels/received_337980442562234_jpeg.rf.dSgAuHIEaiYPLxZhksmX.txt,Label has no matching supported image.
error,orphan_label,train/labels/received_384941491125842_jpeg.rf.sRfAoZSwfjSrkbgGzsoB.txt,Label has no matching supported image.
error,orphan_label,train/labels/received_394168539869986_jpeg.rf.pVgB82XnJRdOp6zkLRoI.txt,Label has no matching supported image.
error,orphan_label,train/labels/received_404499345296522_jpeg.rf.mcQ2EZ7w1FFPElyDU5nz.txt,Label has no matching supported image.
error,orphan_label,train/labels/received_405168495230647_jpeg.rf.3d0ZrZo6OZzXbMet36qH.txt,Label has no matching supported image.
error,orphan_label,train/labels/received_740327594829920_jpeg.rf.pOjgvtdSXQIyGqmufgEO.txt,Label has no matching supported image.
error,orphan_label,train/labels/received_7834014679945381_jpeg.rf.iLMrjUvYAa91o1ZiHGJW.txt,Label has no matching supported image.
error,orphan_label,train/labels/received_804101031556333_jpeg.rf.jkNB5mdHRBLBYoyvlIzg.txt,Label has no matching supported image.
error,orphan_label,train/labels/received_915730103891306_jpeg.rf.GyayHBVBNDIscMPXCHid.txt,Label has no matching supported image.
error,orphan_label,train/labels/received_980032343832651_jpeg.rf.Rj3yyEg6QF2HTaH1E7jw.txt,Label has no matching supported image.
error,orphan_label,train/labels/Retro-Reflective-license-plate_png.rf.OWQADwVcK99qUewpYlnH.txt,Label has no matching supported image.
error,orphan_label,train/labels/Screenshot 2024-02-20 003615_png.rf.BKJLUjGGyxy5Qo2IYPML.txt,Label has no matching supported image.
error,orphan_label,train/labels/Screenshot 2024-02-20 004334_png.rf.m0mi0DIVe16pWeOGTBYh.txt,Label has no matching supported image.
error,orphan_label,train/labels/Screenshot 2024-02-20 004627_png.rf.OMJEMbSGkt0nHuiyut3q.txt,Label has no matching supported image.
error,orphan_label,train/labels/Screenshot 2024-02-20 004636_png.rf.ya9rZrzdpZcSU8Fkx1g7.txt,Label has no matching supported image.
error,orphan_label,train/labels/Screenshot 2024-02-20 005137_png.rf.ETq7P4qef5w5EhwZA9iu.txt,Label has no matching supported image.
error,orphan_label,train/labels/Screenshot 2024-02-20 005428_png.rf.OYC29CSPzKf0cinx8JTX.txt,Label has no matching supported image.
error,orphan_label,train/labels/Screenshot 2024-02-20 010047_png.rf.RBzxL0zkkbgo1VBtCOfE.txt,Label has no matching supported image.
error,orphan_label,train/labels/Screenshot 2024-02-20 010157_png.rf.VWh9fQoCY0lVqvSiuowS.txt,Label has no matching supported image.
error,orphan_label,train/labels/Screenshot 2024-02-20 010239_png.rf.mUl9nA2JyF4QHzyHUEeQ.txt,Label has no matching supported image.
error,orphan_label,train/labels/Screenshot 2024-02-20 010251_png.rf.lNHMId0ZUFTI0OD7fIsf.txt,Label has no matching supported image.
error,orphan_label,train/labels/Screenshot 2024-02-20 010409_png.rf.XE1kuJB1EzgkS5ByuOUU.txt,Label has no matching supported image.
error,orphan_label,train/labels/Screenshot 2024-02-20 010423_png.rf.DnnMgB7rzXAEdGU9bu7D.txt,Label has no matching supported image.
error,orphan_label,train/labels/Screenshot 2024-02-20 010730_png.rf.QpTz6js7YCxMohm0YdpN.txt,Label has no matching supported image.
error,orphan_label,train/labels/Screenshot 2024-02-20 010853_png.rf.dw9Vr6ghTaOWf2B7BnWg.txt,Label has no matching supported image.
error,orphan_label,train/labels/Screenshot 2024-02-20 010939_png.rf.p1gAhfZfQIB3USev2dzP.txt,Label has no matching supported image.
error,orphan_label,train/labels/Screenshot 2024-02-20 012914_png.rf.dVuQOWs1EF0tzhmeypwy.txt,Label has no matching supported image.
error,orphan_label,train/labels/Screenshot 2024-02-20 013035_png.rf.1AWC9FfRGe6NIvRrQ9ty.txt,Label has no matching supported image.
error,orphan_label,train/labels/Screenshot 2024-02-20 013243_png.rf.9t1ho0qVaekQCwj3dlxu.txt,Label has no matching supported image.
error,orphan_label,train/labels/SmartSelect_20240223_100126_Messenger_jpg.rf.k6DaL5GweArG78Aglv8F.txt,Label has no matching supported image.
error,orphan_label,train/labels/SmartSelect_20240223_100231_Messenger_jpg.rf.vCRimlXZdFDwsX0YSYFA.txt,Label has no matching supported image.
error,orphan_label,train/labels/SmartSelect_20240302_173128_Facebook_jpg.rf.odimbl7TlRnCAIf4NdEm.txt,Label has no matching supported image.
error,orphan_label,train/labels/SmartSelect_20240302_173216_Facebook_jpg.rf.i1HP8a3ogo8iTsXHtmVT.txt,Label has no matching supported image.
error,orphan_label,train/labels/SmartSelect_20240302_173348_Facebook_jpg.rf.PRdABZH3dMm26TlxLhIz.txt,Label has no matching supported image.
error,orphan_label,train/labels/SmartSelect_20240302_173420_Facebook_jpg.rf.TeZ5Rek2A2xYgdhMB23g.txt,Label has no matching supported image.
error,orphan_label,train/labels/SmartSelect_20240302_173429_Facebook_jpg.rf.8HSxywIO3jTWCtHcHIaA.txt,Label has no matching supported image.
error,orphan_label,train/labels/SmartSelect_20240302_173438_Facebook_jpg.rf.1i81dnPJOqkz1FxFGjN8.txt,Label has no matching supported image.
error,orphan_label,train/labels/SmartSelect_20240302_173512_Facebook_jpg.rf.WvVI83hmQy6WGNH2nk4H.txt,Label has no matching supported image.
error,orphan_label,train/labels/SmartSelect_20240302_173525_Facebook_jpg.rf.nV51CCe1etuPLvQwjreS.txt,Label has no matching supported image.
error,orphan_label,train/labels/SmartSelect_20240302_173609_Facebook_jpg.rf.75CJE6GAYB4HxsYLSdlr.txt,Label has no matching supported image.
error,orphan_label,train/labels/SmartSelect_20240302_173823_Facebook_jpg.rf.ZjwgpTBgllDHRbXNFYyP.txt,Label has no matching supported image.
error,orphan_label,train/labels/SmartSelect_20240302_173857_Facebook_jpg.rf.fvRtAfxyQd0CPIF7lEHj.txt,Label has no matching supported image.
error,orphan_label,train/labels/SmartSelect_20240302_174007_Facebook_jpg.rf.orS3DVit8vmWa3v2SAAc.txt,Label has no matching supported image.
error,orphan_label,train/labels/SmartSelect_20240419_235835_Messenger_jpg.rf.xBgUpOoXvVxvcEfEFwvu.txt,Label has no matching supported image.
error,invalid_image_or_label,valid/images/20240211_114442_jpg.rf.aF4jZblgQNvLrO9vdcfZ.jpg,Non-default EXIF orientation: normalize image AND labels together before use.
error,invalid_image_or_label,valid/images/20240211_114716_jpg.rf.wMOIEWciGmLvBSl5iJYg.jpg,Non-default EXIF orientation: normalize image AND labels together before use.
error,invalid_image_or_label,valid/images/20240211_131700_jpg.rf.WTzyaHKyanuyOJYKsFo5.jpg,Non-default EXIF orientation: normalize image AND labels together before use.
error,invalid_image_or_label,valid/images/20240211_131707_jpg.rf.Jq5DscF40xI3mPdUbpcF.jpg,Non-default EXIF orientation: normalize image AND labels together before use.
error,invalid_image_or_label,valid/images/20240211_142124_jpg.rf.YstI2apU2O4oxU9lcZLQ.jpg,Non-default EXIF orientation: normalize image AND labels together before use.
error,invalid_image_or_label,valid/images/20240211_142138_jpg.rf.KNXog5eavdbRp4Pp1EMB.jpg,Non-default EXIF orientation: normalize image AND labels together before use.
error,invalid_image_or_label,valid/images/20240211_142156_jpg.rf.6hWwADMAhCiTc8gJrbZ2.jpg,Non-default EXIF orientation: normalize image AND labels together before use.
error,invalid_image_or_label,valid/images/20240211_143927_jpg.rf.NEaokCcHj63kgORURNR2.jpg,Non-default EXIF orientation: normalize image AND labels together before use.
error,invalid_image_or_label,valid/images/20240211_143955_jpg.rf.A9lCOs7Q34sDiTNyrfDs.jpg,Non-default EXIF orientation: normalize image AND labels together before use.
error,invalid_image_or_label,valid/images/20240211_144106_jpg.rf.2xjFIKNNZCLU3RmjQh1f.jpg,Non-default EXIF orientation: normalize image AND labels together before use.
error,invalid_image_or_label,valid/images/20240211_144200_jpg.rf.cbcQ89L11BLAiXOilFXm.jpg,Non-default EXIF orientation: normalize image AND labels together before use.
error,invalid_image_or_label,valid/images/20240211_144228_jpg.rf.zrNxsRhF3KjFEOCIzQ9z.jpg,Non-default EXIF orientation: normalize image AND labels together before use.
error,invalid_image_or_label,valid/images/20240211_144244_jpg.rf.nLMzty6IFN0iEgHejODq.jpg,Non-default EXIF orientation: normalize image AND labels together before use.
error,invalid_image_or_label,valid/images/20240211_144322_jpg.rf.oCF8iXPMvEURZ3HvQeAC.jpg,Non-default EXIF orientation: normalize image AND labels together before use.
error,invalid_image_or_label,valid/images/20240211_144437_jpg.rf.nW7W5Nhal7Z9lxZl03k5.jpg,Non-default EXIF orientation: normalize image AND labels together before use.
error,invalid_image_or_label,valid/images/20240211_144747_jpg.rf.pEWDXDLbzXv8B1P8Y3ZX.jpg,Non-default EXIF orientation: normalize image AND labels together before use.
error,invalid_image_or_label,valid/images/20240211_144813_jpg.rf.xyXkK4K1Ctf61i9DbuKk.jpg,Non-default EXIF orientation: normalize image AND labels together before use.
error,invalid_image_or_label,valid/images/20240211_144937_jpg.rf.Q7who2bAPbsSagUrEPS6.jpg,Non-default EXIF orientation: normalize image AND labels together before use.
error,invalid_image_or_label,valid/images/20240211_144959_jpg.rf.OF51FQr6ZTNmoWHQ21zT.jpg,Non-default EXIF orientation: normalize image AND labels together before use.
error,invalid_image_or_label,valid/images/20240211_145042_jpg.rf.Ub1lHf93lnbvQ6L1MVeg.jpg,Non-default EXIF orientation: normalize image AND labels together before use.
error,invalid_image_or_label,valid/images/20240211_145504_jpg.rf.vCCig5DjfvMb89BV2nuN.jpg,Non-default EXIF orientation: normalize image AND labels together before use.
error,invalid_image_or_label,valid/images/20240211_145603_jpg.rf.3DNrXIU2FACZpxns22Ca.jpg,Non-default EXIF orientation: normalize image AND labels together before use.
error,invalid_image_or_label,valid/images/20240211_145913_jpg.rf.OGTxwqYljrs8efYFPlom.jpg,Non-default EXIF orientation: normalize image AND labels together before use.
error,invalid_image_or_label,valid/images/20240211_150057_jpg.rf.k9ESXcUWLgvdJpPjSBLP.jpg,Non-default EXIF orientation: normalize image AND labels together before use.
error,invalid_image_or_label,valid/images/20240211_150111_jpg.rf.WzcbfB2geZ6XUBQEwl6y.jpg,Non-default EXIF orientation: normalize image AND labels together before use.
error,invalid_image_or_label,valid/images/20240211_150853_jpg.rf.KhEWa67tDG0G3yRP3l27.jpg,Non-default EXIF orientation: normalize image AND labels together before use.
error,invalid_image_or_label,valid/images/20240211_152558_jpg.rf.791aNG7KWguRPkeLYuVc.jpg,Non-default EXIF orientation: normalize image AND labels together before use.
error,invalid_image_or_label,valid/images/20240211_152722_jpg.rf.RtRmF6HTgFzXOT8Zy5ps.jpg,Non-default EXIF orientation: normalize image AND labels together before use.
error,invalid_image_or_label,valid/images/20240211_152814_jpg.rf.bGp1SdIbn9JHP9RLtHE7.jpg,Non-default EXIF orientation: normalize image AND labels together before use.
error,invalid_image_or_label,valid/images/20240211_152912_jpg.rf.i1WKjZOHuNfF5oOFUqLY.jpg,Non-default EXIF orientation: normalize image AND labels together before use.
error,invalid_image_or_label,valid/images/20240211_153532_jpg.rf.XW2ytBvmyCI5m6wa8ej3.jpg,Non-default EXIF orientation: normalize image AND labels together before use.
error,invalid_image_or_label,valid/images/20240211_153719_jpg.rf.lY2IbrAc7Sz9xYT7dZTU.jpg,Non-default EXIF orientation: normalize image AND labels together before use.
error,invalid_image_or_label,valid/images/20240211_153810_jpg.rf.82qq4CotgBXH42e1CqeW.jpg,Non-default EXIF orientation: normalize image AND labels together before use.
error,invalid_image_or_label,valid/images/20240211_153816_jpg.rf.CfSwtloYT6dJiTJiWfhu.jpg,Non-default EXIF orientation: normalize image AND labels together before use.
error,invalid_image_or_label,valid/images/20240211_153831_jpg.rf.CgNhAxcry7Bf4f3y1LtU.jpg,Non-default EXIF orientation: normalize image AND labels together before use.
error,invalid_image_or_label,valid/images/20240211_154147_jpg.rf.TawCmGqhfKpJ0FkpDXCG.jpg,Non-default EXIF orientation: normalize image AND labels together before use.
error,invalid_image_or_label,valid/images/20240211_154231_jpg.rf.VJU1ekIyDilDpB42kGPL.jpg,Non-default EXIF orientation: normalize image AND labels together before use.
error,invalid_image_or_label,valid/images/20240211_154250_jpg.rf.Lp1fboyyHz5Tb7RhI2wg.jpg,Non-default EXIF orientation: normalize image AND labels together before use.
error,invalid_image_or_label,valid/images/20240211_154328_jpg.rf.RLXsLUXqnETgsU8OfVfa.jpg,Non-default EXIF orientation: normalize image AND labels together before use.
error,invalid_image_or_label,valid/images/20240211_154407_jpg.rf.nCl9e69cgdYiApbccaAH.jpg,Non-default EXIF orientation: normalize image AND labels together before use.
error,invalid_image_or_label,valid/images/20240211_154430_jpg.rf.XWANttfKCaLTQNF4iYDM.jpg,Non-default EXIF orientation: normalize image AND labels together before use.
error,invalid_image_or_label,valid/images/20240211_154515_jpg.rf.kf7ej7jjiaZlmn45u9a5.jpg,Non-default EXIF orientation: normalize image AND labels together before use.
error,invalid_image_or_label,valid/images/20240211_154639_jpg.rf.gXU9sjoD9Y09jVy68vdi.jpg,Non-default EXIF orientation: normalize image AND labels together before use.
error,invalid_image_or_label,valid/images/20240211_154646_jpg.rf.KmHmfKqZwt1A9rrl94xW.jpg,Non-default EXIF orientation: normalize image AND labels together before use.
error,invalid_image_or_label,valid/images/20240211_154722_jpg.rf.5i8elIyRWIGNoy8RvH8R.jpg,Non-default EXIF orientation: normalize image AND labels together before use.
error,invalid_image_or_label,valid/images/20240211_160516_jpg.rf.1qGMgWQ53srgsZfeFtEA.jpg,Non-default EXIF orientation: normalize image AND labels together before use.
error,invalid_image_or_label,valid/images/20240211_161345_jpg.rf.5T5uZFS6UBkgJjSGqzGB.jpg,Non-default EXIF orientation: normalize image AND labels together before use.
error,invalid_image_or_label,valid/images/20240211_161453_jpg.rf.IMOMTAceeg3Lt5lQnLjS.jpg,Non-default EXIF orientation: normalize image AND labels together before use.
error,invalid_image_or_label,valid/images/20240211_161638_jpg.rf.37NKdhTLf4skeL22YOVF.jpg,Non-default EXIF orientation: normalize image AND labels together before use.
error,invalid_image_or_label,valid/images/20240211_161826_jpg.rf.IMQuMH841q98LXgNFQOu.jpg,Non-default EXIF orientation: normalize image AND labels together before use.
error,invalid_image_or_label,valid/images/20240211_162100_jpg.rf.NrYzm6p5hAvPlz1Mezd4.jpg,Non-default EXIF orientation: normalize image AND labels together before use.
error,invalid_image_or_label,valid/images/20240211_162157_jpg.rf.8XfXd4wxnyNeN7AHtXw3.jpg,Non-default EXIF orientation: normalize image AND labels together before use.
error,invalid_image_or_label,valid/images/20240211_162223_jpg.rf.KGZoPkXrSLdIJcZuSBWc.jpg,Non-default EXIF orientation: normalize image AND labels together before use.
error,invalid_image_or_label,valid/images/20240211_162303_jpg.rf.pObocQDkHdGQkvj22squ.jpg,Non-default EXIF orientation: normalize image AND labels together before use.
error,invalid_image_or_label,valid/images/20240211_162411_jpg.rf.zwqJyk2i9E3BxUCyFM96.jpg,Non-default EXIF orientation: normalize image AND labels together before use.
error,invalid_image_or_label,valid/images/20240211_162438_jpg.rf.9gjjTeTuPClCg5psXrKq.jpg,Non-default EXIF orientation: normalize image AND labels together before use.
error,invalid_image_or_label,valid/images/20240211_162545_jpg.rf.trvIpkbKiH5OByebipen.jpg,Non-default EXIF orientation: normalize image AND labels together before use.
error,invalid_image_or_label,valid/images/20240211_162553_jpg.rf.e14JFEeX0CUNJI9o6Vkf.jpg,Non-default EXIF orientation: normalize image AND labels together before use.
error,invalid_image_or_label,valid/images/20240211_162623_jpg.rf.ykWNvqPFBZY3CKg5PWDF.jpg,Non-default EXIF orientation: normalize image AND labels together before use.
error,invalid_image_or_label,valid/images/20240211_162633_jpg.rf.kQm8RUlicYOvhb1Shwwh.jpg,Non-default EXIF orientation: normalize image AND labels together before use.
error,invalid_image_or_label,valid/images/20240211_162722_jpg.rf.O0f39h3AStfR7csYVOxI.jpg,Non-default EXIF orientation: normalize image AND labels together before use.
error,invalid_image_or_label,valid/images/20240211_162728(0)_jpg.rf.xCpHrIOD4zgg5iGOj5Cb.jpg,Non-default EXIF orientation: normalize image AND labels together before use.
error,invalid_image_or_label,valid/images/20240211_162816_jpg.rf.rI2u9Ldgo4RA2NXEI5qb.jpg,Non-default EXIF orientation: normalize image AND labels together before use.
error,invalid_image_or_label,valid/images/20240211_164546_jpg.rf.AgxbQazUBjOoxS6WvbKQ.jpg,Non-default EXIF orientation: normalize image AND labels together before use.
error,invalid_image_or_label,valid/images/20240211_164558_jpg.rf.1Q9i7LJG5s0qmBaJiezu.jpg,Non-default EXIF orientation: normalize image AND labels together before use.
error,invalid_image_or_label,valid/images/20240211_170213_jpg.rf.ZC4HDLlzYdUENyD0Sn5Q.jpg,Non-default EXIF orientation: normalize image AND labels together before use.
error,invalid_image_or_label,valid/images/20240214_135849_jpg.rf.gWElfjDv3kGzaHKEw7wc.jpg,Non-default EXIF orientation: normalize image AND labels together before use.
error,invalid_image_or_label,valid/images/20240214_135915_jpg.rf.PH6pvn8KyOGmsZcFteaJ.jpg,Non-default EXIF orientation: normalize image AND labels together before use.
error,invalid_image_or_label,valid/images/20240214_135918_jpg.rf.cCPVBhyrWVUclsTa72rK.jpg,Non-default EXIF orientation: normalize image AND labels together before use.
error,invalid_image_or_label,valid/images/20240214_135923_jpg.rf.RNZQ2SkX6rd06gtDUIcO.jpg,Non-default EXIF orientation: normalize image AND labels together before use.
error,invalid_image_or_label,valid/images/20240214_135943_jpg.rf.z7oK0bZVcrUHv3OUtfiX.jpg,Non-default EXIF orientation: normalize image AND labels together before use.
error,invalid_image_or_label,valid/images/20240214_140002_jpg.rf.Rc2aLhMb8vekN8RPGsKV.jpg,Non-default EXIF orientation: normalize image AND labels together before use.
error,invalid_image_or_label,valid/images/20240214_140104_jpg.rf.Bo3KanucgQtTxnj2HJt8.jpg,Non-default EXIF orientation: normalize image AND labels together before use.
error,invalid_image_or_label,valid/images/20240214_140844_jpg.rf.wqEZhh833XvDypXufV93.jpg,Non-default EXIF orientation: normalize image AND labels together before use.
error,invalid_image_or_label,valid/images/20240214_140848_jpg.rf.OM1l5u1x52BityKtWURz.jpg,Non-default EXIF orientation: normalize image AND labels together before use.
error,invalid_image_or_label,valid/images/20240214_140858_jpg.rf.IhzosBxOzfmMTAv9qHWB.jpg,Non-default EXIF orientation: normalize image AND labels together before use.
error,invalid_image_or_label,valid/images/20240214_145602_jpg.rf.HWbuggaKKIzDR1y7D9tH.jpg,Non-default EXIF orientation: normalize image AND labels together before use.
error,invalid_image_or_label,valid/images/20240214_145627_jpg.rf.9hELxhnLeowSv9Y1pkNL.jpg,Non-default EXIF orientation: normalize image AND labels together before use.
error,invalid_image_or_label,valid/images/20240214_145644_jpg.rf.Atilrea8aW0cWJGjQnbf.jpg,Non-default EXIF orientation: normalize image AND labels together before use.
error,invalid_image_or_label,valid/images/20240214_145803_jpg.rf.aLQ7CCQIhsADJ0iw0Ek8.jpg,Non-default EXIF orientation: normalize image AND labels together before use.
error,invalid_image_or_label,valid/images/20240214_145904_jpg.rf.ZtZR7zoj28l2g5QoTuNu.jpg,Non-default EXIF orientation: normalize image AND labels together before use.
error,invalid_image_or_label,valid/images/20240214_145951_jpg.rf.4nCbLppu7X0lyY9iRgso.jpg,Non-default EXIF orientation: normalize image AND labels together before use.
error,invalid_image_or_label,valid/images/20240214_150011_jpg.rf.skjK6EQMCTm4HxVqbqSS.jpg,Non-default EXIF orientation: normalize image AND labels together before use.
error,invalid_image_or_label,valid/images/20240214_150235_jpg.rf.yBVO2suKUa6FiLyl4LeI.jpg,Non-default EXIF orientation: normalize image AND labels together before use.
error,invalid_image_or_label,valid/images/20240214_181745_jpg.rf.01ssXrUvPKlw8viUwhef.jpg,Non-default EXIF orientation: normalize image AND labels together before use.
error,invalid_image_or_label,valid/images/20240214_181858_jpg.rf.lxzSzgf030JBzDaqlKpH.jpg,Non-default EXIF orientation: normalize image AND labels together before use.
error,invalid_image_or_label,valid/images/20240214_181920_jpg.rf.VpqWzTOJLThcfeLmtz4t.jpg,Non-default EXIF orientation: normalize image AND labels together before use.
error,invalid_image_or_label,valid/images/20240214_182019_jpg.rf.Sd3bcOHN7lA3dNNY4yvQ.jpg,Non-default EXIF orientation: normalize image AND labels together before use.
error,invalid_image_or_label,valid/images/20240214_182046_jpg.rf.8MAJhBkZj9QJKLhbKBT4.jpg,Non-default EXIF orientation: normalize image AND labels together before use.
error,invalid_image_or_label,valid/images/20240214_182151_jpg.rf.kj0tGRrbK60UaJMwo6g2.jpg,Non-default EXIF orientation: normalize image AND labels together before use.
error,invalid_image_or_label,valid/images/20240214_182406_jpg.rf.PIjTcetNcibbqPW1T24U.jpg,Non-default EXIF orientation: normalize image AND labels together before use.
error,invalid_image_or_label,valid/images/20240214_182940_jpg.rf.VlEloRYo0NkOUKiZBitB.jpg,Non-default EXIF orientation: normalize image AND labels together before use.
error,invalid_image_or_label,valid/images/20240214_183344_jpg.rf.NgDclfKMDR5Q8sWjT39g.jpg,Non-default EXIF orientation: normalize image AND labels together before use.
error,invalid_image_or_label,valid/images/20240214_184303_jpg.rf.aknMArmGGWRvRQSzkr3C.jpg,Non-default EXIF orientation: normalize image AND labels together before use.
error,invalid_image_or_label,valid/images/20240214_184315_jpg.rf.u6TDd5px5B1ivWGMJb5e.jpg,Non-default EXIF orientation: normalize image AND labels together before use.
error,invalid_image_or_label,valid/images/20240214_190028_jpg.rf.6LxP8zYnhRSkcT4VuhpH.jpg,Non-default EXIF orientation: normalize image AND labels together before use.
error,invalid_image_or_label,valid/images/20240214_190053_jpg.rf.XjMzhKCSFumzxucB58fx.jpg,Non-default EXIF orientation: normalize image AND labels together before use.
error,invalid_image_or_label,valid/images/20240214_190420_jpg.rf.Svao4xSMmGNCjhyjbewV.jpg,Non-default EXIF orientation: normalize image AND labels together before use.
error,invalid_image_or_label,valid/images/20240214_190518_jpg.rf.oeBzoA8Q7O3D1XZpDBtx.jpg,Non-default EXIF orientation: normalize image AND labels together before use.
error,invalid_image_or_label,valid/images/20240214_190525_jpg.rf.IBtIwMnLsqZDKoGvSI0X.jpg,Non-default EXIF orientation: normalize image AND labels together before use.
error,invalid_image_or_label,valid/images/20240214_190603_jpg.rf.N0QZEzwMiX0DiySAEFY6.jpg,Non-default EXIF orientation: normalize image AND labels together before use.
error,invalid_image_or_label,valid/images/20240214_190637_jpg.rf.L5ThIVmfLw6xC14p1Kwk.jpg,Non-default EXIF orientation: normalize image AND labels together before use.
error,invalid_image_or_label,valid/images/20240214_190800_jpg.rf.fYgXP862C5mlcVzgqyyH.jpg,Non-default EXIF orientation: normalize image AND labels together before use.
error,invalid_image_or_label,valid/images/20240214_190849_jpg.rf.yq2HMEdcossAJzv9VJFz.jpg,Non-default EXIF orientation: normalize image AND labels together before use.
error,invalid_image_or_label,valid/images/20240214_191001_jpg.rf.UynVcXRZxSiLTIe8BiYa.jpg,Non-default EXIF orientation: normalize image AND labels together before use.
error,invalid_image_or_label,valid/images/20240214_191154_jpg.rf.4VEqrRmNkItiNUD615r9.jpg,Non-default EXIF orientation: normalize image AND labels together before use.
error,invalid_image_or_label,valid/images/20240214_191405_jpg.rf.St7Zz5DWPSgmD1WgY8RN.jpg,Non-default EXIF orientation: normalize image AND labels together before use.
error,invalid_image_or_label,valid/images/20240214_191408_jpg.rf.L1amuziFAM5YZbshywE3.jpg,Non-default EXIF orientation: normalize image AND labels together before use.
error,invalid_image_or_label,valid/images/20240214_191704_jpg.rf.kPRK8C5WvdZ03t8LWxNB.jpg,Non-default EXIF orientation: normalize image AND labels together before use.
error,invalid_image_or_label,valid/images/20240214_191714_jpg.rf.z3oU0CRa4JYpzemyWGxD.jpg,Non-default EXIF orientation: normalize image AND labels together before use.
error,invalid_image_or_label,valid/images/20240214_191844_jpg.rf.PMJBHNn7tkrJkBQVwNFs.jpg,Non-default EXIF orientation: normalize image AND labels together before use.
error,invalid_image_or_label,valid/images/20240214_191900_jpg.rf.bagMMGEtIUPmGSWMjdiV.jpg,Non-default EXIF orientation: normalize image AND labels together before use.
error,invalid_image_or_label,valid/images/20240214_204903_jpg.rf.Fts0IZJHqWSlb332KDI8.jpg,Non-default EXIF orientation: normalize image AND labels together before use.
error,invalid_image_or_label,valid/images/20240214_204953_jpg.rf.w5LYWHpvRN3FxM6v2zrm.jpg,Non-default EXIF orientation: normalize image AND labels together before use.
error,invalid_image_or_label,valid/images/20240214_205003_jpg.rf.YsgUsAOG2FuQYPV40gG1.jpg,Non-default EXIF orientation: normalize image AND labels together before use.
error,invalid_image_or_label,valid/images/20240214_205153_jpg.rf.CCD4oefnCyaujUy7wFy8.jpg,Non-default EXIF orientation: normalize image AND labels together before use.
error,invalid_image_or_label,valid/images/20240214_205245_jpg.rf.NHu9z6scRLdggBiqV6d3.jpg,Non-default EXIF orientation: normalize image AND labels together before use.
error,invalid_image_or_label,valid/images/20240214_205522_jpg.rf.WXVC7RJFZD94On3dFkwK.jpg,Non-default EXIF orientation: normalize image AND labels together before use.
error,invalid_image_or_label,valid/images/20240214_205918_jpg.rf.JxkFxuaN9CPQC5Lkz1KV.jpg,Non-default EXIF orientation: normalize image AND labels together before use.
error,invalid_image_or_label,valid/images/20240214_211025_jpg.rf.MSxitW7UZbtjatOVhwev.jpg,Non-default EXIF orientation: normalize image AND labels together before use.
error,invalid_image_or_label,valid/images/20240214_211112_jpg.rf.YJdUIegLCpiOLrk240qO.jpg,Non-default EXIF orientation: normalize image AND labels together before use.
error,invalid_image_or_label,valid/images/20240214_211155_jpg.rf.uTDyYf0tviXnOWrngfP5.jpg,Non-default EXIF orientation: normalize image AND labels together before use.
error,invalid_image_or_label,valid/images/20240214_211738_jpg.rf.Aufe2J0JNhyjUMFN7Aum.jpg,Non-default EXIF orientation: normalize image AND labels together before use.
error,invalid_image_or_label,valid/images/20240214_212100_jpg.rf.JXI3YWz7ngg6t46edZR5.jpg,Non-default EXIF orientation: normalize image AND labels together before use.
error,invalid_image_or_label,valid/images/20240214_212113_jpg.rf.54W2naVmu6k7v4Di81rC.jpg,Non-default EXIF orientation: normalize image AND labels together before use.
error,invalid_image_or_label,valid/images/20240214_212252_jpg.rf.TNHbSbWuNpk4O60CUMXe.jpg,Non-default EXIF orientation: normalize image AND labels together before use.
error,invalid_image_or_label,valid/images/20240214_212359_jpg.rf.AORvbRpDyMM0K85sJ2zj.jpg,Non-default EXIF orientation: normalize image AND labels together before use.
error,invalid_image_or_label,valid/images/20240214_212413_jpg.rf.BjgLUwduaxG7FVP8csRm.jpg,Non-default EXIF orientation: normalize image AND labels together before use.
error,invalid_image_or_label,valid/images/20240214_212414_jpg.rf.uy9AikzBa5yMLJM0onuC.jpg,Non-default EXIF orientation: normalize image AND labels together before use.
error,invalid_image_or_label,valid/images/20240214_212600_jpg.rf.ktNhtemBdmvWae1Ps0Gy.jpg,Non-default EXIF orientation: normalize image AND labels together before use.
error,invalid_image_or_label,valid/images/20240214_212615_jpg.rf.o0RnTN8EIZW4rihkhSs2.jpg,Non-default EXIF orientation: normalize image AND labels together before use.
error,invalid_image_or_label,valid/images/20240214_212631_jpg.rf.VAvlcHT5psZDqoqsYDZn.jpg,Non-default EXIF orientation: normalize image AND labels together before use.
error,invalid_image_or_label,valid/images/20240214_212819_jpg.rf.Pr56CrJfzaVC4xrWACeq.jpg,Non-default EXIF orientation: normalize image AND labels together before use.
error,invalid_image_or_label,valid/images/20240214_212834_jpg.rf.I2rPJqpjeby1EI2RHcjR.jpg,Non-default EXIF orientation: normalize image AND labels together before use.
error,invalid_image_or_label,valid/images/20240214_212927_jpg.rf.SHMbRUh9fkmuDwwF1nrv.jpg,Non-default EXIF orientation: normalize image AND labels together before use.
error,invalid_image_or_label,valid/images/20240214_213032_jpg.rf.YRpjokcLjuqZ3WdzrFqE.jpg,Non-default EXIF orientation: normalize image AND labels together before use.
error,invalid_image_or_label,valid/images/20240214_213039_jpg.rf.qUxzDpv39YkFMXmRKaFg.jpg,Non-default EXIF orientation: normalize image AND labels together before use.
error,invalid_image_or_label,valid/images/20240214_213141_jpg.rf.eEplWOWbaa9or0SLz6aG.jpg,Non-default EXIF orientation: normalize image AND labels together before use.
error,invalid_image_or_label,valid/images/20240214_213147_jpg.rf.CnOMqxRQyVPVyrnPkL5I.jpg,Non-default EXIF orientation: normalize image AND labels together before use.
error,invalid_image_or_label,valid/images/20240214_213235_jpg.rf.5dOS4m9kBitZzqQooZQ8.jpg,Non-default EXIF orientation: normalize image AND labels together before use.
error,invalid_image_or_label,valid/images/20240214_213300_jpg.rf.v1IIBtOcaKC91Ctdve6P.jpg,Non-default EXIF orientation: normalize image AND labels together before use.
error,invalid_image_or_label,valid/images/20240214_213402_jpg.rf.X7FnMvzUeezpYZ6fTsW0.jpg,Non-default EXIF orientation: normalize image AND labels together before use.
error,invalid_image_or_label,valid/images/20240214_213424_jpg.rf.ePU7rXpxV2urPLWOajBX.jpg,Non-default EXIF orientation: normalize image AND labels together before use.
error,invalid_image_or_label,valid/images/20240214_213503_jpg.rf.9DSKgQ2UX9RF3lREhb8E.jpg,Non-default EXIF orientation: normalize image AND labels together before use.
error,invalid_image_or_label,valid/images/20240214_213805_jpg.rf.5nFyn4CNsXVnCikbJSe5.jpg,Non-default EXIF orientation: normalize image AND labels together before use.
error,invalid_image_or_label,valid/images/20240214_214154_jpg.rf.PJY2j8FE8TnnOKliEzPI.jpg,Non-default EXIF orientation: normalize image AND labels together before use.
error,invalid_image_or_label,valid/images/20240214_214427_jpg.rf.3GV69bvMCSmJ9cRca043.jpg,Non-default EXIF orientation: normalize image AND labels together before use.
error,invalid_image_or_label,valid/images/20240214_214452_jpg.rf.iVPDJr81hnjMvFh5u4j1.jpg,Non-default EXIF orientation: normalize image AND labels together before use.
error,invalid_image_or_label,valid/images/20240214_214509_jpg.rf.lhmYxpKnyDTiDDKP5YI2.jpg,Non-default EXIF orientation: normalize image AND labels together before use.
error,invalid_image_or_label,valid/images/20240214_214835_jpg.rf.lj54s7zsxsnBjAlL3fGf.jpg,Non-default EXIF orientation: normalize image AND labels together before use.
error,invalid_image_or_label,valid/images/20240214_215116_jpg.rf.ioSBbZnlr2I3uocbs7kW.jpg,Non-default EXIF orientation: normalize image AND labels together before use.
error,invalid_image_or_label,valid/images/20240214_215530_jpg.rf.VSXawWOxH8SeVP6DHeHy.jpg,Non-default EXIF orientation: normalize image AND labels together before use.
error,invalid_image_or_label,valid/images/20240214_215848_jpg.rf.LzpMPLkJkqXnZHtrizUW.jpg,Non-default EXIF orientation: normalize image AND labels together before use.
error,invalid_image_or_label,valid/images/20240214_215951_jpg.rf.cqdxY1HKdDMTeaha3AwT.jpg,Non-default EXIF orientation: normalize image AND labels together before use.
error,invalid_image_or_label,valid/images/20240214_215957_jpg.rf.VT2VA0M72kDuO1ZuS7f6.jpg,Non-default EXIF orientation: normalize image AND labels together before use.
error,invalid_image_or_label,valid/images/20240214_220026_jpg.rf.tQU3E2oTkYqED2uH77ve.jpg,Non-default EXIF orientation: normalize image AND labels together before use.
error,invalid_image_or_label,valid/images/20240214_220109_jpg.rf.bzctbp8xlMTFluA6UoY4.jpg,Non-default EXIF orientation: normalize image AND labels together before use.
error,invalid_image_or_label,valid/images/20240214_220935_jpg.rf.LBqM6UpLl0BTkWJlgteg.jpg,Non-default EXIF orientation: normalize image AND labels together before use.
error,invalid_image_or_label,valid/images/20240216_101558_jpg.rf.VzsF1NUsWG1ngO06Qdt3.jpg,Non-default EXIF orientation: normalize image AND labels together before use.
error,invalid_image_or_label,valid/images/20240216_143500_jpg.rf.CXDZMa7UOG5NgViqxkUx.jpg,Non-default EXIF orientation: normalize image AND labels together before use.
error,invalid_image_or_label,valid/images/20240216_144012_jpg.rf.UD6ZsekLkUPRFIwEpAL2.jpg,Non-default EXIF orientation: normalize image AND labels together before use.
error,invalid_image_or_label,valid/images/20240216_151743_jpg.rf.j6GMkHzOBQ9dDLSuh7a8.jpg,Non-default EXIF orientation: normalize image AND labels together before use.
error,invalid_image_or_label,valid/images/20240216_151821_jpg.rf.lYbxoNB0NjPvzrBJu5u9.jpg,Non-default EXIF orientation: normalize image AND labels together before use.
error,invalid_image_or_label,valid/images/20240216_151838_jpg.rf.gih0sKpRNmZsB15X0Utj.jpg,Non-default EXIF orientation: normalize image AND labels together before use.
error,invalid_image_or_label,valid/images/20240216_151904_jpg.rf.vJQBK7TwMM3fVdPBJham.jpg,Non-default EXIF orientation: normalize image AND labels together before use.
error,invalid_image_or_label,valid/images/20240216_151948_jpg.rf.epSn5Jg2GzVhpP4vaEFk.jpg,Non-default EXIF orientation: normalize image AND labels together before use.
error,invalid_image_or_label,valid/images/20240216_152010_jpg.rf.sEjrZTEFy1pTqCr9Vc0Z.jpg,Non-default EXIF orientation: normalize image AND labels together before use.
error,invalid_image_or_label,valid/images/20240216_152020_jpg.rf.mTppHM2tvLD1D0IUgBC8.jpg,Non-default EXIF orientation: normalize image AND labels together before use.
error,invalid_image_or_label,valid/images/20240216_152029_jpg.rf.G9STVCsGigCVkHjq6iRk.jpg,Non-default EXIF orientation: normalize image AND labels together before use.
error,invalid_image_or_label,valid/images/20240216_152043_jpg.rf.MoN4R4VxOuJCbeY4BNin.jpg,Non-default EXIF orientation: normalize image AND labels together before use.
error,invalid_image_or_label,valid/images/20240216_152222_jpg.rf.ysi8akSuiGIcFgs385pl.jpg,Non-default EXIF orientation: normalize image AND labels together before use.
error,invalid_image_or_label,valid/images/20240216_152302_jpg.rf.DberdZwbFEp5GIG5JqvQ.jpg,Non-default EXIF orientation: normalize image AND labels together before use.
error,invalid_image_or_label,valid/images/20240216_152356_jpg.rf.xBfL9uGQsmKGiRtf6Ohj.jpg,Non-default EXIF orientation: normalize image AND labels together before use.
error,invalid_image_or_label,valid/images/20240216_152400_jpg.rf.hZE7bGrkK5n2tmT6bLYX.jpg,Non-default EXIF orientation: normalize image AND labels together before use.
error,invalid_image_or_label,valid/images/20240216_152422_jpg.rf.hq2wBCI6XxRy1K1SwzTM.jpg,Non-default EXIF orientation: normalize image AND labels together before use.
error,invalid_image_or_label,valid/images/20240216_160543_jpg.rf.ocYh40tvFHLg0zSs6hKl.jpg,Non-default EXIF orientation: normalize image AND labels together before use.
error,invalid_image_or_label,valid/images/20240216_164443_jpg.rf.wDC8WuaA705WdYWSJHzC.jpg,Non-default EXIF orientation: normalize image AND labels together before use.
error,invalid_image_or_label,valid/images/20240216_164448_jpg.rf.C4s1OPQWVAwxnc4iJ7Vx.jpg,Non-default EXIF orientation: normalize image AND labels together before use.
error,invalid_image_or_label,valid/images/20240216_165720_jpg.rf.dQKIgDfmwCiwZJMYZsC0.jpg,Non-default EXIF orientation: normalize image AND labels together before use.
error,invalid_image_or_label,valid/images/20240216_170530_jpg.rf.JkB0auYkO9rwhDgeDihJ.jpg,Non-default EXIF orientation: normalize image AND labels together before use.
error,invalid_image_or_label,valid/images/20240216_170534_jpg.rf.tmRDBr7o77Uq77MGsw2Z.jpg,Non-default EXIF orientation: normalize image AND labels together before use.
error,invalid_image_or_label,valid/images/20240216_170630_jpg.rf.VTjUXTPxfG7d3MQ1KrFX.jpg,Non-default EXIF orientation: normalize image AND labels together before use.
error,invalid_image_or_label,valid/images/20240216_170633_jpg.rf.REeWiz3l1cTjlxVwMm7X.jpg,Non-default EXIF orientation: normalize image AND labels together before use.
error,invalid_image_or_label,valid/images/20240216_202100_jpg.rf.yXtL4OUGW5LDgjGqOavr.jpg,Non-default EXIF orientation: normalize image AND labels together before use.
error,invalid_image_or_label,valid/images/20240216_202356_jpg.rf.lK4RVxZvwYrSX8kuQQT1.jpg,Non-default EXIF orientation: normalize image AND labels together before use.
error,invalid_image_or_label,valid/images/20240216_202826_jpg.rf.MnPxD1CQBWvBYTeSRVlk.jpg,Non-default EXIF orientation: normalize image AND labels together before use.
error,invalid_image_or_label,valid/images/20240216_202858_jpg.rf.mIiw8HOKlgTCRcugj5FP.jpg,Non-default EXIF orientation: normalize image AND labels together before use.
error,invalid_image_or_label,valid/images/20240216_203131_jpg.rf.PpfHXHZkPtVxB3Qxc9QQ.jpg,Non-default EXIF orientation: normalize image AND labels together before use.
error,invalid_image_or_label,valid/images/20240216_203232_jpg.rf.izGGIreP7YQf1gBsdQEa.jpg,Non-default EXIF orientation: normalize image AND labels together before use.
error,invalid_image_or_label,valid/images/20240216_203259_jpg.rf.oF6hVNSFZfsjbCPKEsiI.jpg,Non-default EXIF orientation: normalize image AND labels together before use.
error,invalid_image_or_label,valid/images/20240216_205735_jpg.rf.jXJwhOyb1ZIDyueqwsel.jpg,Non-default EXIF orientation: normalize image AND labels together before use.
error,invalid_image_or_label,valid/images/20240216_210031_jpg.rf.o5VYSimNcBV76J14mb2G.jpg,Non-default EXIF orientation: normalize image AND labels together before use.
error,invalid_image_or_label,valid/images/20240216_210049_jpg.rf.RAZufW0XtIKrUawrdbEc.jpg,Non-default EXIF orientation: normalize image AND labels together before use.
error,invalid_image_or_label,valid/images/20240216_210112_jpg.rf.yg1mohhlBFiwJdxE3hmI.jpg,Non-default EXIF orientation: normalize image AND labels together before use.
error,invalid_image_or_label,valid/images/20240216_210115_jpg.rf.KK6VC4BsES10mUtmWPCb.jpg,Non-default EXIF orientation: normalize image AND labels together before use.
error,invalid_image_or_label,valid/images/20240216_210229_jpg.rf.QW3yFSPIUOlGtI2Pcrp4.jpg,Non-default EXIF orientation: normalize image AND labels together before use.
error,invalid_image_or_label,valid/images/20240216_212850_jpg.rf.ZgLdWnsAF2qwo53AvDKJ.jpg,Non-default EXIF orientation: normalize image AND labels together before use.
error,invalid_image_or_label,valid/images/20240216_213622_jpg.rf.b50LECPdU0ind0IajWGQ.jpg,Non-default EXIF orientation: normalize image AND labels together before use.
error,invalid_image_or_label,valid/images/20240216_213707_jpg.rf.V9ubvmXrKFV6GrPVJU6r.jpg,Non-default EXIF orientation: normalize image AND labels together before use.
error,invalid_image_or_label,valid/images/20240216_220729_jpg.rf.d6fRxqwp7A97Ff40yLwf.jpg,Non-default EXIF orientation: normalize image AND labels together before use.
error,invalid_image_or_label,valid/images/20240216_222739(0)_jpg.rf.eD9HjAjMQvkHZnxvq0Ii.jpg,Non-default EXIF orientation: normalize image AND labels together before use.
error,invalid_image_or_label,valid/images/20240216_222803_jpg.rf.BkoePAacMlze3zqFLbos.jpg,Non-default EXIF orientation: normalize image AND labels together before use.
error,invalid_image_or_label,valid/images/20240218_121536_jpg.rf.0iJgUzp1gTQe92U7SNMt.jpg,Non-default EXIF orientation: normalize image AND labels together before use.
error,invalid_image_or_label,valid/images/20240218_144749_jpg.rf.r18M6m63mNxCjJVrqJ0y.jpg,Non-default EXIF orientation: normalize image AND labels together before use.
error,invalid_image_or_label,valid/images/20240218_144807_jpg.rf.XerZZm5XpA7Jdptm6xFC.jpg,Non-default EXIF orientation: normalize image AND labels together before use.
error,invalid_image_or_label,valid/images/20240218_144812_jpg.rf.1wn5jM4worIwHYvW1vfI.jpg,Non-default EXIF orientation: normalize image AND labels together before use.
error,invalid_image_or_label,valid/images/20240218_144817_jpg.rf.zWUDbtcGKNN9A85dPAiN.jpg,Non-default EXIF orientation: normalize image AND labels together before use.
error,invalid_image_or_label,valid/images/20240218_145029_jpg.rf.sTK6Vw9T5XemsQ9k1vgX.jpg,Non-default EXIF orientation: normalize image AND labels together before use.
error,invalid_image_or_label,valid/images/20240218_145208_jpg.rf.XprluqnCRmGmoQDQTURf.jpg,Non-default EXIF orientation: normalize image AND labels together before use.
error,invalid_image_or_label,valid/images/20240218_145212_jpg.rf.5QWAAZ5wYBpEXvidZ8Mw.jpg,Non-default EXIF orientation: normalize image AND labels together before use.
error,invalid_image_or_label,valid/images/20240218_145240_jpg.rf.ATUw0RadifbhYvscxxza.jpg,Non-default EXIF orientation: normalize image AND labels together before use.
error,invalid_image_or_label,valid/images/20240218_145316_jpg.rf.NRwWePnTdjQ0bw9cwuLB.jpg,Non-default EXIF orientation: normalize image AND labels together before use.
error,invalid_image_or_label,valid/images/20240218_145348_jpg.rf.6AZGVZUR9OnwcusKQypx.jpg,Non-default EXIF orientation: normalize image AND labels together before use.
error,invalid_image_or_label,valid/images/20240218_145418_jpg.rf.pVoyMWQTwvtWvfzMClG1.jpg,Non-default EXIF orientation: normalize image AND labels together before use.
error,invalid_image_or_label,valid/images/20240218_145739_jpg.rf.PbtV58B5mUsns7kHBd6f.jpg,Non-default EXIF orientation: normalize image AND labels together before use.
error,invalid_image_or_label,valid/images/20240218_145804_jpg.rf.K9Fjx3VowoziLddDCVle.jpg,Non-default EXIF orientation: normalize image AND labels together before use.
error,invalid_image_or_label,valid/images/20240218_145844_jpg.rf.lBQpUmVqoNan9juxrYkR.jpg,Non-default EXIF orientation: normalize image AND labels together before use.
error,invalid_image_or_label,valid/images/20240218_145849_jpg.rf.hurNQukE4EAus4YiAueW.jpg,Non-default EXIF orientation: normalize image AND labels together before use.
error,invalid_image_or_label,valid/images/20240218_150700_jpg.rf.ioo7jzOVDAzLcAOCVRZ4.jpg,Non-default EXIF orientation: normalize image AND labels together before use.
error,invalid_image_or_label,valid/images/20240218_151336_jpg.rf.S4tLrfdda17Rt8ng3aJT.jpg,Non-default EXIF orientation: normalize image AND labels together before use.
error,invalid_image_or_label,valid/images/20240218_151918_jpg.rf.eKCQwMCmfdeJQyT9UlSn.jpg,Non-default EXIF orientation: normalize image AND labels together before use.
error,invalid_image_or_label,valid/images/20240218_152226_jpg.rf.OzxHo5UTrAd2IYwbK7ys.jpg,Non-default EXIF orientation: normalize image AND labels together before use.
error,invalid_image_or_label,valid/images/20240218_152228_jpg.rf.j8zJaC23LimqKNLoWTnH.jpg,Non-default EXIF orientation: normalize image AND labels together before use.
error,invalid_image_or_label,valid/images/20240218_153111_jpg.rf.iELQ1rfHrqfsFWZr7COH.jpg,Non-default EXIF orientation: normalize image AND labels together before use.
error,invalid_image_or_label,valid/images/20240218_153218_jpg.rf.4EZgl4soxaWuhbtAwZ01.jpg,Non-default EXIF orientation: normalize image AND labels together before use.
error,invalid_image_or_label,valid/images/20240218_153548_jpg.rf.hsKI3CPVfMSRnb7xlWdk.jpg,Non-default EXIF orientation: normalize image AND labels together before use.
error,invalid_image_or_label,valid/images/20240218_153624_jpg.rf.NFBYGd4csLMiNSpgSaY4.jpg,Non-default EXIF orientation: normalize image AND labels together before use.
error,invalid_image_or_label,valid/images/20240218_153702_jpg.rf.GQjWivRkUr9R0lF4299N.jpg,Non-default EXIF orientation: normalize image AND labels together before use.
error,invalid_image_or_label,valid/images/20240218_153740_jpg.rf.5hyW8i3tCdU8ZiKkqEcV.jpg,Non-default EXIF orientation: normalize image AND labels together before use.
error,invalid_image_or_label,valid/images/20240218_154623_jpg.rf.89p7kNDsIDPlFNYBsLXO.jpg,Non-default EXIF orientation: normalize image AND labels together before use.
error,invalid_image_or_label,valid/images/20240218_155036_jpg.rf.9CupeeSRHDHHjHRSe0A4.jpg,Non-default EXIF orientation: normalize image AND labels together before use.
error,invalid_image_or_label,valid/images/20240218_155421(0)_jpg.rf.UN3xIkOGFuQh693pvpk3.jpg,Non-default EXIF orientation: normalize image AND labels together before use.
error,invalid_image_or_label,valid/images/20240218_155840_jpg.rf.LZfvS4jZ0GTqzRC5N6ru.jpg,Non-default EXIF orientation: normalize image AND labels together before use.
error,invalid_image_or_label,valid/images/20240218_155900_jpg.rf.d4DdtmGx6f6GGAe2zFgk.jpg,Non-default EXIF orientation: normalize image AND labels together before use.
error,invalid_image_or_label,valid/images/20240218_160007_jpg.rf.7shS2n5s96C3FfiiNeAm.jpg,Non-default EXIF orientation: normalize image AND labels together before use.
error,invalid_image_or_label,valid/images/20240218_160010_jpg.rf.G6T2f7Ntm5LMT1tkd64I.jpg,Non-default EXIF orientation: normalize image AND labels together before use.
error,invalid_image_or_label,valid/images/20240218_160014_jpg.rf.UaS0JWWbFLQuHp92t1eQ.jpg,Non-default EXIF orientation: normalize image AND labels together before use.
error,invalid_image_or_label,valid/images/20240218_160138_jpg.rf.tul30EFMrHDbjJJZZrEG.jpg,Non-default EXIF orientation: normalize image AND labels together before use.
error,invalid_image_or_label,valid/images/20240218_160258_jpg.rf.7fG4KQIjB24Z0X0eN9Lp.jpg,Non-default EXIF orientation: normalize image AND labels together before use.
error,invalid_image_or_label,valid/images/20240218_160735_jpg.rf.Um3bMrq9ArPMwpBvNTeH.jpg,Non-default EXIF orientation: normalize image AND labels together before use.
error,invalid_image_or_label,valid/images/20240218_160827_jpg.rf.YWW2wVpaYmC4VivLeILL.jpg,Non-default EXIF orientation: normalize image AND labels together before use.
error,invalid_image_or_label,valid/images/20240218_161529_jpg.rf.fpTEMH3lm1YMzCwYcb2p.jpg,Non-default EXIF orientation: normalize image AND labels together before use.
error,invalid_image_or_label,valid/images/20240218_161537_jpg.rf.uz2qKhetKaAkAFGIjxJ7.jpg,Non-default EXIF orientation: normalize image AND labels together before use.
error,invalid_image_or_label,valid/images/20240218_161622_jpg.rf.pCFzo6kOfpMag6kdClCd.jpg,Non-default EXIF orientation: normalize image AND labels together before use.
error,invalid_image_or_label,valid/images/20240218_161715_jpg.rf.U1slxlA4v4UJ5jOZLULl.jpg,Non-default EXIF orientation: normalize image AND labels together before use.
error,invalid_image_or_label,valid/images/20240218_161731_jpg.rf.Ow739A3InuY5NsmlhcUg.jpg,Non-default EXIF orientation: normalize image AND labels together before use.
error,invalid_image_or_label,valid/images/20240218_161750_jpg.rf.RuJdq5R9GHxvLnOf77KI.jpg,Non-default EXIF orientation: normalize image AND labels together before use.
error,invalid_image_or_label,valid/images/20240218_161816_jpg.rf.J4Rpnx9pohsfg3pSmdnx.jpg,Non-default EXIF orientation: normalize image AND labels together before use.
error,invalid_image_or_label,valid/images/20240218_161937_jpg.rf.abFggodVsfas7QSeAL4T.jpg,Non-default EXIF orientation: normalize image AND labels together before use.
error,invalid_image_or_label,valid/images/20240218_162105_jpg.rf.imbH9ilssS6wq2CL2cKV.jpg,"Line 1: coordinates must lie in [0, 1]."
error,invalid_image_or_label,valid/images/20240222_164420_jpg.rf.bF9QxWuSm5UHSAvLaHTS.jpg,Non-default EXIF orientation: normalize image AND labels together before use.
error,invalid_image_or_label,valid/images/20240222_165952_jpg.rf.IU5on4AqZ9hZJiJ54ffY.jpg,Non-default EXIF orientation: normalize image AND labels together before use.
error,invalid_image_or_label,valid/images/20240222_171641_jpg.rf.7mtXQaBjyymGvLReKywA.jpg,Non-default EXIF orientation: normalize image AND labels together before use.
error,invalid_image_or_label,valid/images/20240222_172153_jpg.rf.Q08nMgfPMAFXZXdNO177.jpg,Non-default EXIF orientation: normalize image AND labels together before use.
error,invalid_image_or_label,valid/images/20240223_134246_jpg.rf.vyNcAVtnAklf3wBEOMr7.jpg,Non-default EXIF orientation: normalize image AND labels together before use.
error,invalid_image_or_label,valid/images/20240227_120229_jpg.rf.vKJOfRLWQdq8CLxU8h8o.jpg,Non-default EXIF orientation: normalize image AND labels together before use.
error,invalid_image_or_label,valid/images/20240227_120307_jpg.rf.mr5mSRRIiPgBVU80cpZ8.jpg,Non-default EXIF orientation: normalize image AND labels together before use.
error,invalid_image_or_label,valid/images/20240227_180504_jpg.rf.hgUbRo21B869I3xweSYu.jpg,Non-default EXIF orientation: normalize image AND labels together before use.
error,invalid_image_or_label,valid/images/20240228_122959_jpg.rf.4m8PgR6FbA5bz5BO3Qxy.jpg,Non-default EXIF orientation: normalize image AND labels together before use.
error,invalid_image_or_label,valid/images/20240228_124710_jpg.rf.phFT6lbJn4jeqhgpPNjQ.jpg,Non-default EXIF orientation: normalize image AND labels together before use.
error,invalid_image_or_label,valid/images/20240228_160537_jpg.rf.Wei9nUyKWvEliDCIuKqm.jpg,Non-default EXIF orientation: normalize image AND labels together before use.
error,invalid_image_or_label,valid/images/20240228_162338_jpg.rf.NyKXY5yc6VMxGY5YlGvH.jpg,Non-default EXIF orientation: normalize image AND labels together before use.
error,invalid_image_or_label,valid/images/20240228_162403_jpg.rf.Jwi3nJTT5WpGfzwPdEly.jpg,Non-default EXIF orientation: normalize image AND labels together before use.
error,invalid_image_or_label,valid/images/20240228_162504_jpg.rf.Jfu9cUa2BqbqdKqaetTY.jpg,Non-default EXIF orientation: normalize image AND labels together before use.
error,invalid_image_or_label,valid/images/20240228_162507_jpg.rf.KUm0015Y13XM0LQNb9Rm.jpg,Non-default EXIF orientation: normalize image AND labels together before use.
error,invalid_image_or_label,valid/images/20240228_162544_jpg.rf.lS2KFdxMl15Gnqt32UZx.jpg,Non-default EXIF orientation: normalize image AND labels together before use.
error,invalid_image_or_label,valid/images/20240228_162546_jpg.rf.V3uDimcjAhU8WAfRuezR.jpg,Non-default EXIF orientation: normalize image AND labels together before use.
error,invalid_image_or_label,valid/images/20240228_162558_jpg.rf.NP8bXrQUmLZE7X5VMA7j.jpg,Non-default EXIF orientation: normalize image AND labels together before use.
error,invalid_image_or_label,valid/images/20240228_162604_jpg.rf.yDp7OzJPFpyl1YafsxDl.jpg,Non-default EXIF orientation: normalize image AND labels together before use.
error,invalid_image_or_label,valid/images/20240228_162612_jpg.rf.9A1yBkMdkocVkp73A7Zg.jpg,Non-default EXIF orientation: normalize image AND labels together before use.
error,invalid_image_or_label,valid/images/20240228_162614_jpg.rf.zjlipwFhV6ryd6dVaYyU.jpg,Non-default EXIF orientation: normalize image AND labels together before use.
error,invalid_image_or_label,valid/images/20240228_162649_jpg.rf.CRdxtth8LICFYhjYtsv8.jpg,Non-default EXIF orientation: normalize image AND labels together before use.
error,invalid_image_or_label,valid/images/20240228_162659_jpg.rf.Ff0sBFr74Pnc8UuH8Y0P.jpg,Non-default EXIF orientation: normalize image AND labels together before use.
error,invalid_image_or_label,valid/images/20240228_162739_jpg.rf.tCSVppUkgqCTMfFiiZvr.jpg,Non-default EXIF orientation: normalize image AND labels together before use.
error,invalid_image_or_label,valid/images/20240228_173922_jpg.rf.wXS2a1XEaD12glR6lrIO.jpg,Non-default EXIF orientation: normalize image AND labels together before use.
error,invalid_image_or_label,valid/images/20240228_174045_jpg.rf.ez65QccHe6mqIsEDJGDo.jpg,Non-default EXIF orientation: normalize image AND labels together before use.
error,invalid_image_or_label,valid/images/20240228_174236_jpg.rf.hmBFKbIKVGwYW4gbjSYW.jpg,Non-default EXIF orientation: normalize image AND labels together before use.
error,invalid_image_or_label,valid/images/20240228_175026_jpg.rf.42YJSovLjv9iUwcqnZQO.jpg,Non-default EXIF orientation: normalize image AND labels together before use.
error,invalid_image_or_label,valid/images/20240301_173732_jpg.rf.6KSnriAK8dlOdUUM0Cr8.jpg,Non-default EXIF orientation: normalize image AND labels together before use.
error,invalid_image_or_label,valid/images/20240301_184012_jpg.rf.BejrmdUdpgfe802ZpFPR.jpg,Non-default EXIF orientation: normalize image AND labels together before use.
error,invalid_image_or_label,valid/images/20240306_110234_jpg.rf.ocPxDI3xoIQR1qAusttZ.jpg,Non-default EXIF orientation: normalize image AND labels together before use.
error,invalid_image_or_label,valid/images/20240307_145234_jpg.rf.zYMcXAduoD0APA4iaoh7.jpg,Non-default EXIF orientation: normalize image AND labels together before use.
error,invalid_image_or_label,valid/images/20240307_145327_jpg.rf.CB4D0lcjHH5Wh2ncJH44.jpg,Non-default EXIF orientation: normalize image AND labels together before use.
error,invalid_image_or_label,valid/images/20240307_145417_jpg.rf.zZWfeotfn1Vhwm73NgQW.jpg,Non-default EXIF orientation: normalize image AND labels together before use.
error,invalid_image_or_label,valid/images/20240307_145458_jpg.rf.SBf87H5MdVpewgl0S0pK.jpg,Non-default EXIF orientation: normalize image AND labels together before use.
error,invalid_image_or_label,valid/images/20240307_145607_jpg.rf.iy2Eq30j6dYDO97rDaoY.jpg,Non-default EXIF orientation: normalize image AND labels together before use.
error,invalid_image_or_label,valid/images/20240307_145654_jpg.rf.r4m1zmxXNoUGmvjvDaX3.jpg,Non-default EXIF orientation: normalize image AND labels together before use.
error,invalid_image_or_label,valid/images/20240307_152029_jpg.rf.bmc1dofLZbuBXjMrkvhS.jpg,Non-default EXIF orientation: normalize image AND labels together before use.
error,invalid_image_or_label,valid/images/20240307_152102_jpg.rf.Ko3cAF2GUK2SeeACGnUr.jpg,Non-default EXIF orientation: normalize image AND labels together before use.
error,invalid_image_or_label,valid/images/20240307_152307_jpg.rf.vYcsvkXH28CE70ZUgtGr.jpg,Non-default EXIF orientation: normalize image AND labels together before use.
error,invalid_image_or_label,valid/images/20240307_152417_jpg.rf.GtMpP7YqDG9K0aQUJXnX.jpg,Non-default EXIF orientation: normalize image AND labels together before use.
error,invalid_image_or_label,valid/images/20240307_152501_jpg.rf.poluSd3xNUCVnVEt5XDy.jpg,Non-default EXIF orientation: normalize image AND labels together before use.
error,invalid_image_or_label,valid/images/20240307_162705_jpg.rf.p44ajD42ipWCpNjjd0Gy.jpg,Non-default EXIF orientation: normalize image AND labels together before use.
error,invalid_image_or_label,valid/images/20240307_162715_jpg.rf.uO9NfRPoblKCvP7GVT85.jpg,Non-default EXIF orientation: normalize image AND labels together before use.
error,invalid_image_or_label,valid/images/20240307_172728_jpg.rf.2aZoOSnfFSRgN9ajj4F3.jpg,Non-default EXIF orientation: normalize image AND labels together before use.
error,invalid_image_or_label,valid/images/20240307_172732_jpg.rf.hGzuxcHubl7Fs0OX62b9.jpg,Non-default EXIF orientation: normalize image AND labels together before use.
error,invalid_image_or_label,valid/images/20240307_172842_jpg.rf.XE9lHvUQ0YPycGqu4Z2y.jpg,Non-default EXIF orientation: normalize image AND labels together before use.
error,invalid_image_or_label,valid/images/20240307_173740_jpg.rf.LZ5KSSnEbeK9vIgSTGtU.jpg,Non-default EXIF orientation: normalize image AND labels together before use.
error,invalid_image_or_label,valid/images/20240307_175702_jpg.rf.9YMmfWrzDwmtFSZ4Ar3I.jpg,Non-default EXIF orientation: normalize image AND labels together before use.
error,invalid_image_or_label,valid/images/20240307_175722_jpg.rf.PFd5NR0EyJ1Q1rDa1uGe.jpg,Non-default EXIF orientation: normalize image AND labels together before use.
error,invalid_image_or_label,valid/images/20240307_193204_jpg.rf.kCW5YYb8PDSNI1dzN6NF.jpg,Non-default EXIF orientation: normalize image AND labels together before use.
error,invalid_image_or_label,valid/images/20240307_193252_jpg.rf.feOSQjeE2Eol77ECxJiZ.jpg,Non-default EXIF orientation: normalize image AND labels together before use.
error,invalid_image_or_label,valid/images/20240307_193313_jpg.rf.nZwHxruq0OGzYbaIxqNp.jpg,Non-default EXIF orientation: normalize image AND labels together before use.
error,invalid_image_or_label,valid/images/20240307_203758_jpg.rf.5LF17li3QjmhVcGbQH5D.jpg,Non-default EXIF orientation: normalize image AND labels together before use.
error,invalid_image_or_label,valid/images/20240310_150945_jpg.rf.EwtgqSKIBHyEBNj5z1Ut.jpg,Non-default EXIF orientation: normalize image AND labels together before use.
error,invalid_image_or_label,valid/images/20240310_154509_jpg.rf.T6z3g6YB4zOIqtyQ7mub.jpg,Non-default EXIF orientation: normalize image AND labels together before use.
error,invalid_image_or_label,valid/images/20240310_154649_jpg.rf.lfsUxPdJVdsQLGilkJZ7.jpg,Non-default EXIF orientation: normalize image AND labels together before use.
error,invalid_image_or_label,valid/images/20240310_154654_jpg.rf.vwL674YIxeUkPFzd306o.jpg,Non-default EXIF orientation: normalize image AND labels together before use.
error,invalid_image_or_label,valid/images/20240310_154734_jpg.rf.L5cKj53RnctWjR9T3u3d.jpg,Non-default EXIF orientation: normalize image AND labels together before use.
error,invalid_image_or_label,valid/images/20240310_154739_jpg.rf.t3zBCFPQLGUhHYcSbNmg.jpg,Non-default EXIF orientation: normalize image AND labels together before use.
error,invalid_image_or_label,valid/images/20240310_154952_jpg.rf.dYE3P04hcd8yoVG0txDo.jpg,Non-default EXIF orientation: normalize image AND labels together before use.
error,invalid_image_or_label,valid/images/20240310_155112_jpg.rf.3W7mOjJV665cf1wboUGM.jpg,Non-default EXIF orientation: normalize image AND labels together before use.
error,invalid_image_or_label,valid/images/20240310_171652_jpg.rf.s3TRWKvXwJe3ne7MveoJ.jpg,Non-default EXIF orientation: normalize image AND labels together before use.
error,invalid_image_or_label,valid/images/20240310_202252_jpg.rf.Z7CSIJdL3SmN9kMfxpCh.jpg,Non-default EXIF orientation: normalize image AND labels together before use.
error,invalid_image_or_label,valid/images/20240310_204758_jpg.rf.hBlkYVfc6FJjcpQ3yNAB.jpg,Non-default EXIF orientation: normalize image AND labels together before use.
error,invalid_image_or_label,valid/images/20240311_144258_jpg.rf.6zox2vSe0GbFEciMFAqA.jpg,Non-default EXIF orientation: normalize image AND labels together before use.
error,invalid_image_or_label,valid/images/20240311_144510_jpg.rf.P7YKQwlMdhpHTAybfXq2.jpg,Non-default EXIF orientation: normalize image AND labels together before use.
error,invalid_image_or_label,valid/images/20240311_144523_jpg.rf.mY4mAALPIUJMYGiTRkib.jpg,Non-default EXIF orientation: normalize image AND labels together before use.
error,invalid_image_or_label,valid/images/20240311_144615_jpg.rf.ecba05uncTO0OssKvrhK.jpg,Non-default EXIF orientation: normalize image AND labels together before use.
error,invalid_image_or_label,valid/images/20240311_144639_jpg.rf.8tqXOEZCe1lTSbY4sKAr.jpg,Non-default EXIF orientation: normalize image AND labels together before use.
error,invalid_image_or_label,valid/images/20240311_144713_jpg.rf.5qFZOKjrwU8CG2lIAjXu.jpg,Non-default EXIF orientation: normalize image AND labels together before use.
error,invalid_image_or_label,valid/images/20240311_144847_jpg.rf.h3TgvEICWHxqAsraxeq7.jpg,Non-default EXIF orientation: normalize image AND labels together before use.
error,invalid_image_or_label,valid/images/20240311_181519_jpg.rf.o7QHyxoeU8Wc83TQLXDa.jpg,Non-default EXIF orientation: normalize image AND labels together before use.
error,invalid_image_or_label,valid/images/20240312_143025_jpg.rf.GhUM6F53lq56oSVaqe9r.jpg,Non-default EXIF orientation: normalize image AND labels together before use.
error,invalid_image_or_label,valid/images/20240318_211439_jpg.rf.t57J5iE5HWvZKxzB0UMF.jpg,Non-default EXIF orientation: normalize image AND labels together before use.
error,invalid_image_or_label,valid/images/20240325_170251_jpg.rf.GXt6Pa5Rwv2Tse8JLp8k.jpg,Non-default EXIF orientation: normalize image AND labels together before use.
error,invalid_image_or_label,valid/images/20240414_124301_jpg.rf.RPuakDzdlJjvoltcKlox.jpg,Non-default EXIF orientation: normalize image AND labels together before use.
error,invalid_image_or_label,valid/images/20240503_171650_jpg.rf.CF8e4JaF1QuOTORpraQJ.jpg,Non-default EXIF orientation: normalize image AND labels together before use.
error,invalid_image_or_label,valid/images/bangladesh2007_jpg.rf.dYFDZ9odceXYzLLpOOwb.jpg,"Line 1: coordinates must lie in [0, 1]."
error,invalid_image_or_label,valid/images/download (1)_jpg.rf.b6mvNNUUuhEad9ps0ewN.jpg,"Line 1: coordinates must lie in [0, 1]."
error,invalid_image_or_label,valid/images/frames6421_png.rf.2TKaKdrVbNfrEGfogaj1.png,"Line 1: coordinates must lie in [0, 1]."
error,invalid_image_or_label,valid/images/IMG-20240214-WA0047_jpg.rf.O8tm1E4pNwklpmgJGZkT.jpg,"Line 1: coordinates must lie in [0, 1]."
error,invalid_image_or_label,valid/images/IMG-20240215-WA0008_jpg.rf.Iemy0C3ejXIw893Kqeys.jpg,"Line 1: coordinates must lie in [0, 1]."
error,invalid_image_or_label,valid/images/IMG-20240216-WA0022_jpg.rf.vQfFedbTsRzMFrCjY1Lp.jpg,"Line 1: coordinates must lie in [0, 1]."
error,invalid_image_or_label,valid/images/IMG-20240216-WA0096_jpg.rf.m97FaNDjl9wQk3r16Ize.jpg,"Line 1: coordinates must lie in [0, 1]."
error,invalid_image_or_label,valid/images/IMG-20240218-WA0232_jpg.rf.vOagWxB6brLxMCwOdwEE.jpg,"Line 1: coordinates must lie in [0, 1]."
error,invalid_image_or_label,valid/images/IMG-20240218-WA0238_jpg.rf.CYoVhZvyhfZ5JmfGZ3mS.jpg,"Line 1: coordinates must lie in [0, 1]."
error,invalid_image_or_label,valid/images/IMG_20240211_144251_jpg.rf.Sx1YgRwmciADureA1a4i.jpg,Non-default EXIF orientation: normalize image AND labels together before use.
error,invalid_image_or_label,valid/images/IMG_20240211_144258_jpg.rf.zIonUQcSjMPhYBaMWfmL.jpg,Non-default EXIF orientation: normalize image AND labels together before use.
error,invalid_image_or_label,valid/images/IMG_20240211_145354_jpg.rf.uiO53Ll0uFiGoeMw8tpq.jpg,Non-default EXIF orientation: normalize image AND labels together before use.
error,invalid_image_or_label,valid/images/IMG_20240211_145514_jpg.rf.AJ0oRCamK4VUaFZ5A8gw.jpg,Non-default EXIF orientation: normalize image AND labels together before use.
error,invalid_image_or_label,valid/images/IMG_20240211_145604_jpg.rf.nyqMygc3wpBzuNRsSD0p.jpg,Non-default EXIF orientation: normalize image AND labels together before use.
error,invalid_image_or_label,valid/images/IMG_20240211_150410_jpg.rf.SRi0RbUP32IWnmMNgxIo.jpg,Non-default EXIF orientation: normalize image AND labels together before use.
error,invalid_image_or_label,valid/images/IMG_20240211_150421_jpg.rf.CW7d4HJQsizYOh5xT76K.jpg,Non-default EXIF orientation: normalize image AND labels together before use.
error,invalid_image_or_label,valid/images/IMG_20240211_150617_jpg.rf.zp0cy8tP7deBPoS8lTAe.jpg,Non-default EXIF orientation: normalize image AND labels together before use.
error,invalid_image_or_label,valid/images/IMG_20240211_150658_jpg.rf.1BEPk9B5lncadB2pugw3.jpg,Non-default EXIF orientation: normalize image AND labels together before use.
error,invalid_image_or_label,valid/images/IMG_20240211_151110_jpg.rf.szXym2sFRvnQxA8p6ync.jpg,Non-default EXIF orientation: normalize image AND labels together before use.
error,invalid_image_or_label,valid/images/IMG_20240211_151240_jpg.rf.0kL454Vw0yjU2uCOTVqJ.jpg,Non-default EXIF orientation: normalize image AND labels together before use.
error,invalid_image_or_label,valid/images/IMG_20240211_151250_jpg.rf.aYryEsPZ2J14hrnfoADZ.jpg,Non-default EXIF orientation: normalize image AND labels together before use.
error,invalid_image_or_label,valid/images/IMG_20240211_151409_jpg.rf.39tPEIV0WIjCqpa1jTrd.jpg,Non-default EXIF orientation: normalize image AND labels together before use.
error,invalid_image_or_label,valid/images/IMG_20240211_151414_jpg.rf.AEbdsRlzHAB3ofh1cbez.jpg,Non-default EXIF orientation: normalize image AND labels together before use.
error,invalid_image_or_label,valid/images/IMG_20240211_151416_jpg.rf.jrB5kK0Ae2T3rCu8bvTM.jpg,Non-default EXIF orientation: normalize image AND labels together before use.
error,invalid_image_or_label,valid/images/IMG_20240211_151433_jpg.rf.8G7I1HN0rjiPPABDr9Z6.jpg,Non-default EXIF orientation: normalize image AND labels together before use.
error,invalid_image_or_label,valid/images/IMG_20240211_151932_jpg.rf.8nrpKpXdKabNqcymjwfQ.jpg,Non-default EXIF orientation: normalize image AND labels together before use.
error,invalid_image_or_label,valid/images/IMG_20240211_152331_jpg.rf.vvxUml562SNfxuuZTryN.jpg,Non-default EXIF orientation: normalize image AND labels together before use.
error,invalid_image_or_label,valid/images/IMG_20240211_152347_jpg.rf.gjIf5X9WKLiG8BhlImjz.jpg,Non-default EXIF orientation: normalize image AND labels together before use.
error,invalid_image_or_label,valid/images/IMG_20240211_152437_jpg.rf.DEkFr80zJfR0p1Lsl33i.jpg,Non-default EXIF orientation: normalize image AND labels together before use.
error,invalid_image_or_label,valid/images/IMG_20240211_152530_jpg.rf.yRnqmcmKs0IhQzlDdZ3A.jpg,Non-default EXIF orientation: normalize image AND labels together before use.
error,invalid_image_or_label,valid/images/IMG_20240211_152539_jpg.rf.V0BddVMeCgwh8AI09qMl.jpg,Non-default EXIF orientation: normalize image AND labels together before use.
error,invalid_image_or_label,valid/images/IMG_20240211_152608_jpg.rf.dDbVQkjvr9p2Gfy4uyNG.jpg,Non-default EXIF orientation: normalize image AND labels together before use.
error,invalid_image_or_label,valid/images/IMG_20240211_152616_jpg.rf.OYtsGgJmuLIKVygukJUJ.jpg,Non-default EXIF orientation: normalize image AND labels together before use.
error,invalid_image_or_label,valid/images/IMG_20240211_152631_jpg.rf.HpaJ9LciewupuP4gswaS.jpg,Non-default EXIF orientation: normalize image AND labels together before use.
error,invalid_image_or_label,valid/images/IMG_20240211_152752_jpg.rf.AUTRfPxz9P7lXh9VUP9I.jpg,Non-default EXIF orientation: normalize image AND labels together before use.
error,invalid_image_or_label,valid/images/IMG_20240211_161026_jpg.rf.GYF744rqz1D1nHdduVcg.jpg,Non-default EXIF orientation: normalize image AND labels together before use.
error,invalid_image_or_label,valid/images/IMG_20240211_161502_jpg.rf.ocOAQbpwhMCe16Ao2kpo.jpg,Non-default EXIF orientation: normalize image AND labels together before use.
error,invalid_image_or_label,valid/images/IMG_20240211_161928_jpg.rf.ZuvIaCuue6z1yYxdrDfU.jpg,Non-default EXIF orientation: normalize image AND labels together before use.
error,invalid_image_or_label,valid/images/IMG_20240211_161944_jpg.rf.WqjG2D17A8OvpAiwkUyk.jpg,Non-default EXIF orientation: normalize image AND labels together before use.
error,invalid_image_or_label,valid/images/IMG_20240211_162208_jpg.rf.op0b9nSJE9oD7gZlQ3gp.jpg,Non-default EXIF orientation: normalize image AND labels together before use.
error,invalid_image_or_label,valid/images/IMG_20240211_162231_jpg.rf.lOM83PobZwSZwL9UDTlP.jpg,Non-default EXIF orientation: normalize image AND labels together before use.
error,invalid_image_or_label,valid/images/IMG_20240211_162426_jpg.rf.xIQiABFMvjof7bMpGR8p.jpg,Non-default EXIF orientation: normalize image AND labels together before use.
error,invalid_image_or_label,valid/images/IMG_20240211_162435_jpg.rf.waqDEfpFRwqPbueopR6k.jpg,Non-default EXIF orientation: normalize image AND labels together before use.
error,invalid_image_or_label,valid/images/IMG_20240211_162443_jpg.rf.B5a5VYCetaKUO8T5b17Y.jpg,Non-default EXIF orientation: normalize image AND labels together before use.
error,invalid_image_or_label,valid/images/IMG_20240211_162521_jpg.rf.K9jIk5pruk5SUNxx4CA1.jpg,Non-default EXIF orientation: normalize image AND labels together before use.
error,invalid_image_or_label,valid/images/IMG_20240211_162558_jpg.rf.3lHImuO54wa6wswI3iYF.jpg,Non-default EXIF orientation: normalize image AND labels together before use.
error,invalid_image_or_label,valid/images/IMG_20240211_162600_jpg.rf.Yoqc1XVSvVq1RZWcuehb.jpg,Non-default EXIF orientation: normalize image AND labels together before use.
error,invalid_image_or_label,valid/images/IMG_20240211_162701_jpg.rf.QA5dsgp7qhI9SS84nTF8.jpg,Non-default EXIF orientation: normalize image AND labels together before use.
error,invalid_image_or_label,valid/images/IMG_20240211_162720_jpg.rf.HyUoPCwBgoZFwAsUIJbv.jpg,Non-default EXIF orientation: normalize image AND labels together before use.
error,invalid_image_or_label,valid/images/IMG_20240211_162734_jpg.rf.HCSiAfzqWmd1HAAffael.jpg,Non-default EXIF orientation: normalize image AND labels together before use.
error,invalid_image_or_label,valid/images/IMG_20240211_162755_jpg.rf.49xiH2bRUH8YquqNQAT7.jpg,Non-default EXIF orientation: normalize image AND labels together before use.
error,invalid_image_or_label,valid/images/IMG_20240211_162815_jpg.rf.oUNK4LV681y07iZiCUyf.jpg,Non-default EXIF orientation: normalize image AND labels together before use.
error,invalid_image_or_label,valid/images/SmartSelect_20240223_100119_Messenger_jpg.rf.hPMHQqRiVw87HLt20Lak.jpg,Non-default EXIF orientation: normalize image AND labels together before use.
error,invalid_image_or_label,valid/images/SmartSelect_20240223_100151_Messenger_jpg.rf.BCA7uXKaEzlViwzHsdBZ.jpg,Non-default EXIF orientation: normalize image AND labels together before use.
error,invalid_image_or_label,valid/images/SmartSelect_20240302_173037_Facebook_jpg.rf.PDkc4WFOxR4fil7mQE8Y.jpg,Non-default EXIF orientation: normalize image AND labels together before use.
error,invalid_image_or_label,valid/images/SmartSelect_20240302_173056_Facebook_jpg.rf.7rbEtkcReyabzKiMkYKA.jpg,Non-default EXIF orientation: normalize image AND labels together before use.
error,invalid_image_or_label,valid/images/SmartSelect_20240302_173250_Facebook_jpg.rf.3CNPh0vjmyITnF0k5ZhG.jpg,Non-default EXIF orientation: normalize image AND labels together before use.
error,invalid_image_or_label,test/images/20240211_141957_jpg.rf.C0V7W0ffdKaozy99789B.jpg,Non-default EXIF orientation: normalize image AND labels together before use.
error,invalid_image_or_label,test/images/20240211_144011_jpg.rf.wcbf4ZqlpZF5NckGY9gQ.jpg,Non-default EXIF orientation: normalize image AND labels together before use.
error,invalid_image_or_label,test/images/20240211_144339_jpg.rf.8ulwh678Lsn3N3b9uWZs.jpg,Non-default EXIF orientation: normalize image AND labels together before use.
error,invalid_image_or_label,test/images/20240211_144418_jpg.rf.C6EW9dilErNDNKkIoIT9.jpg,Non-default EXIF orientation: normalize image AND labels together before use.
error,invalid_image_or_label,test/images/20240211_145420_jpg.rf.ejVFt4dGDVXGfOEq52iD.jpg,Non-default EXIF orientation: normalize image AND labels together before use.
error,invalid_image_or_label,test/images/20240211_150152_jpg.rf.ks2fVRzdav5WWHYa46MS.jpg,Non-default EXIF orientation: normalize image AND labels together before use.
error,invalid_image_or_label,test/images/20240211_150230_jpg.rf.Jy11IDOuNFXZ4tUQ126t.jpg,Non-default EXIF orientation: normalize image AND labels together before use.
error,invalid_image_or_label,test/images/20240211_150955_jpg.rf.84m0I7Pt2fZ6UsUjwDyJ.jpg,Non-default EXIF orientation: normalize image AND labels together before use.
error,invalid_image_or_label,test/images/20240211_151010_jpg.rf.LaQjm8vwhMgPpUWFNcnZ.jpg,Non-default EXIF orientation: normalize image AND labels together before use.
error,invalid_image_or_label,test/images/20240211_152648_jpg.rf.scbpxaiRaL1jtILWkVV6.jpg,Non-default EXIF orientation: normalize image AND labels together before use.
error,invalid_image_or_label,test/images/20240211_152720_jpg.rf.HipVnoAgFxYxwPHYHz9M.jpg,Non-default EXIF orientation: normalize image AND labels together before use.
error,invalid_image_or_label,test/images/20240211_152907_jpg.rf.rq8P9zvLfdt9vUY1Npxy.jpg,Non-default EXIF orientation: normalize image AND labels together before use.
error,invalid_image_or_label,test/images/20240211_153431_jpg.rf.ycryvasjOqK2lFmq8kw6.jpg,Non-default EXIF orientation: normalize image AND labels together before use.
error,invalid_image_or_label,test/images/20240211_153543_jpg.rf.dAFhBzmxaF9O83hnCS7G.jpg,Non-default EXIF orientation: normalize image AND labels together before use.
error,invalid_image_or_label,test/images/20240211_154009_jpg.rf.bUXUE5ATWuzamz05ORVd.jpg,Non-default EXIF orientation: normalize image AND labels together before use.
error,invalid_image_or_label,test/images/20240211_154035_jpg.rf.mw92PlwN7Kyheq0UuNC9.jpg,Non-default EXIF orientation: normalize image AND labels together before use.
error,invalid_image_or_label,test/images/20240211_154038_jpg.rf.3PieBSAA2QRDF2dpv2qR.jpg,Non-default EXIF orientation: normalize image AND labels together before use.
error,invalid_image_or_label,test/images/20240211_154157_jpg.rf.vi79NsyBvmiaWn3TvH12.jpg,Non-default EXIF orientation: normalize image AND labels together before use.
error,invalid_image_or_label,test/images/20240211_154521_jpg.rf.MgiQRmGVwEya72oNqM0A.jpg,Non-default EXIF orientation: normalize image AND labels together before use.
error,invalid_image_or_label,test/images/20240211_160503_jpg.rf.nhLOW8h6xEzQll5iq0RH.jpg,Non-default EXIF orientation: normalize image AND labels together before use.
error,invalid_image_or_label,test/images/20240211_161945_jpg.rf.3g5P9TV51uhWfWRZYmXy.jpg,Non-default EXIF orientation: normalize image AND labels together before use.
error,invalid_image_or_label,test/images/20240211_162020_jpg.rf.x72G3t4WW644txkzuO3I.jpg,Non-default EXIF orientation: normalize image AND labels together before use.
error,invalid_image_or_label,test/images/20240211_162128_jpg.rf.15z18I29dnMkeSUZtFIn.jpg,Non-default EXIF orientation: normalize image AND labels together before use.
error,invalid_image_or_label,test/images/20240211_162134_jpg.rf.8p97HHjOoMpYEedHPyn5.jpg,Non-default EXIF orientation: normalize image AND labels together before use.
error,invalid_image_or_label,test/images/20240211_162216_jpg.rf.XGoV29PKiDUuUQGWLrj2.jpg,Non-default EXIF orientation: normalize image AND labels together before use.
error,invalid_image_or_label,test/images/20240211_162324_jpg.rf.iGTyKRnOOrgNQz7GEIje.jpg,Non-default EXIF orientation: normalize image AND labels together before use.
error,invalid_image_or_label,test/images/20240211_162603_jpg.rf.29z89WIPmhntrE0XG7M9.jpg,Non-default EXIF orientation: normalize image AND labels together before use.
error,invalid_image_or_label,test/images/20240211_162725_jpg.rf.1AmGTZd4VijCCWRLROMc.jpg,Non-default EXIF orientation: normalize image AND labels together before use.
error,invalid_image_or_label,test/images/20240211_164425_jpg.rf.XswEfgtQZFRYUZOgcUIF.jpg,Non-default EXIF orientation: normalize image AND labels together before use.
error,invalid_image_or_label,test/images/20240211_170156_jpg.rf.XyISe75nbZUBf2rd85SH.jpg,Non-default EXIF orientation: normalize image AND labels together before use.
error,invalid_image_or_label,test/images/20240214_140846_jpg.rf.Xc30tgUlv4zRLEtP3Kfp.jpg,Non-default EXIF orientation: normalize image AND labels together before use.
error,invalid_image_or_label,test/images/20240214_145641_jpg.rf.3OnOnRLEWBqUdesFTcBP.jpg,Non-default EXIF orientation: normalize image AND labels together before use.
error,invalid_image_or_label,test/images/20240214_145647_jpg.rf.3eZ4MIYz2vVrJPH2hoSY.jpg,Non-default EXIF orientation: normalize image AND labels together before use.
error,invalid_image_or_label,test/images/20240214_145750_jpg.rf.JBegnC0RDhF2l0FhQf1l.jpg,Non-default EXIF orientation: normalize image AND labels together before use.
error,invalid_image_or_label,test/images/20240214_145852_jpg.rf.YpxToxqHhTTN66ITU5M8.jpg,Non-default EXIF orientation: normalize image AND labels together before use.
error,invalid_image_or_label,test/images/20240214_183721_jpg.rf.YtTHByL6G5QnTq8bMS5l.jpg,Non-default EXIF orientation: normalize image AND labels together before use.
error,invalid_image_or_label,test/images/20240214_190528_jpg.rf.lAQ21bxNtfOyGyoZM4yT.jpg,Non-default EXIF orientation: normalize image AND labels together before use.
error,invalid_image_or_label,test/images/20240214_191621_jpg.rf.sA7VLKQRPFbIoM83OIqS.jpg,Non-default EXIF orientation: normalize image AND labels together before use.
error,invalid_image_or_label,test/images/20240214_191716_jpg.rf.my7qf0ooLTaTflrag6kN.jpg,Non-default EXIF orientation: normalize image AND labels together before use.
error,invalid_image_or_label,test/images/20240214_191739_jpg.rf.itJdcFjqHKDQT3p7usKE.jpg,Non-default EXIF orientation: normalize image AND labels together before use.
error,invalid_image_or_label,test/images/20240214_204942_jpg.rf.2WixzyLmKyTUVq8sSMIR.jpg,Non-default EXIF orientation: normalize image AND labels together before use.
error,invalid_image_or_label,test/images/20240214_205251_jpg.rf.bNmR0yrp4LYTgvNlkMyR.jpg,Non-default EXIF orientation: normalize image AND labels together before use.
error,invalid_image_or_label,test/images/20240214_205925_jpg.rf.pAzBJKaAlBuXp697EP6t.jpg,Non-default EXIF orientation: normalize image AND labels together before use.
error,invalid_image_or_label,test/images/20240214_205932_jpg.rf.z6e3kkSEYmQviTNpMoB7.jpg,Non-default EXIF orientation: normalize image AND labels together before use.
error,invalid_image_or_label,test/images/20240214_211002_jpg.rf.qyIMuRtx3lM5YSwmxsiH.jpg,Non-default EXIF orientation: normalize image AND labels together before use.
error,invalid_image_or_label,test/images/20240214_211005_jpg.rf.07kahCfKm8OX9qSgV7Pp.jpg,Non-default EXIF orientation: normalize image AND labels together before use.
error,invalid_image_or_label,test/images/20240214_211018_jpg.rf.5x9Xx8BXBbSh1BJ4IXOu.jpg,Non-default EXIF orientation: normalize image AND labels together before use.
error,invalid_image_or_label,test/images/20240214_211042_jpg.rf.z9QJclVVgAXTQqgs52yc.jpg,Non-default EXIF orientation: normalize image AND labels together before use.
error,invalid_image_or_label,test/images/20240214_211239_jpg.rf.MzxASvml9GIrsa3tWpjA.jpg,Non-default EXIF orientation: normalize image AND labels together before use.
error,invalid_image_or_label,test/images/20240214_211329_jpg.rf.zSufkasc59j7iP2WJZLi.jpg,Non-default EXIF orientation: normalize image AND labels together before use.
error,invalid_image_or_label,test/images/20240214_211600_jpg.rf.lWkeyYBfJNpSEK0y2vio.jpg,Non-default EXIF orientation: normalize image AND labels together before use.
error,invalid_image_or_label,test/images/20240214_211634_jpg.rf.tIhg61NzyPOQZ3sWZsGW.jpg,Non-default EXIF orientation: normalize image AND labels together before use.
error,invalid_image_or_label,test/images/20240214_211637_jpg.rf.7tcgF49r9tZb2AWerhJs.jpg,Non-default EXIF orientation: normalize image AND labels together before use.
error,invalid_image_or_label,test/images/20240214_212029_jpg.rf.OnKUvUwKCuizqzZFEm4K.jpg,Non-default EXIF orientation: normalize image AND labels together before use.
error,invalid_image_or_label,test/images/20240214_212231_jpg.rf.R5t5wllKIGjav3Kye6zX.jpg,Non-default EXIF orientation: normalize image AND labels together before use.
error,invalid_image_or_label,test/images/20240214_212723_jpg.rf.0zj2wqwBMno6DXswKx3i.jpg,Non-default EXIF orientation: normalize image AND labels together before use.
error,invalid_image_or_label,test/images/20240214_212731_jpg.rf.LwDiIUqJ9KIF3A8DKSD5.jpg,Non-default EXIF orientation: normalize image AND labels together before use.
error,invalid_image_or_label,test/images/20240214_212910_jpg.rf.KiXf4ragJsOJIZzj0e3N.jpg,Non-default EXIF orientation: normalize image AND labels together before use.
error,invalid_image_or_label,test/images/20240214_212920_jpg.rf.bHFUniDtI4yq0qvdk28s.jpg,Non-default EXIF orientation: normalize image AND labels together before use.
error,invalid_image_or_label,test/images/20240214_213028_jpg.rf.KfMBFhVW4l1X0zduQKx9.jpg,Non-default EXIF orientation: normalize image AND labels together before use.
error,invalid_image_or_label,test/images/20240214_213849_jpg.rf.75gLaB9VCpfbUM1XyF0g.jpg,Non-default EXIF orientation: normalize image AND labels together before use.
error,invalid_image_or_label,test/images/20240214_214144_jpg.rf.uvnkukltXCoLBQD8KDgp.jpg,Non-default EXIF orientation: normalize image AND labels together before use.
error,invalid_image_or_label,test/images/20240214_214338_jpg.rf.SvobyK8ScfyTnrQ8m7jP.jpg,Non-default EXIF orientation: normalize image AND labels together before use.
error,invalid_image_or_label,test/images/20240214_214719_jpg.rf.SCFKi35QP0cYLt6TfcHh.jpg,Non-default EXIF orientation: normalize image AND labels together before use.
error,invalid_image_or_label,test/images/20240214_215020_jpg.rf.2IzZDJZsie7lsRHhdb2y.jpg,Non-default EXIF orientation: normalize image AND labels together before use.
error,invalid_image_or_label,test/images/20240214_215302_jpg.rf.fHtoA7593WdqrhUEyxVI.jpg,Non-default EXIF orientation: normalize image AND labels together before use.
error,invalid_image_or_label,test/images/20240214_215351_jpg.rf.xzxSHcO6m9wqaV5RfFID.jpg,Non-default EXIF orientation: normalize image AND labels together before use.
error,invalid_image_or_label,test/images/20240214_215603_jpg.rf.QKZP2FGnGTc2AT0mdttT.jpg,Non-default EXIF orientation: normalize image AND labels together before use.
error,invalid_image_or_label,test/images/20240214_215836_jpg.rf.AWOizAMg3BCyhPZ7OQZV.jpg,Non-default EXIF orientation: normalize image AND labels together before use.
error,invalid_image_or_label,test/images/20240214_215854_jpg.rf.WZp3jGtwbKlrbKXekc5l.jpg,Non-default EXIF orientation: normalize image AND labels together before use.
error,invalid_image_or_label,test/images/20240214_220122_jpg.rf.dywvsDLI7LUOLpVIgc2b.jpg,Non-default EXIF orientation: normalize image AND labels together before use.
error,invalid_image_or_label,test/images/20240214_220152_jpg.rf.gj0SKk4pCxOlOSOliOV8.jpg,Non-default EXIF orientation: normalize image AND labels together before use.
error,invalid_image_or_label,test/images/20240214_220700_jpg.rf.9jbdbzP28ANc7Our3Kzg.jpg,Non-default EXIF orientation: normalize image AND labels together before use.
error,invalid_image_or_label,test/images/20240214_225033_jpg.rf.FOB69r9URbSFz6f774zf.jpg,Non-default EXIF orientation: normalize image AND labels together before use.
error,invalid_image_or_label,test/images/20240215_173753_jpg.rf.GsmtTKvwvzfEHmZHJZg5.jpg,Non-default EXIF orientation: normalize image AND labels together before use.
error,invalid_image_or_label,test/images/20240216_101237_jpg.rf.jy1AJtHNxHOKpGnwwH7y.jpg,Non-default EXIF orientation: normalize image AND labels together before use.
error,invalid_image_or_label,test/images/20240216_151630_jpg.rf.dZGLZdclphrtBzECreXj.jpg,Non-default EXIF orientation: normalize image AND labels together before use.
error,invalid_image_or_label,test/images/20240216_152431_jpg.rf.4ehbUhBEyPTtEBDICWQ3.jpg,Non-default EXIF orientation: normalize image AND labels together before use.
error,invalid_image_or_label,test/images/20240216_152436_jpg.rf.PD32zT8Ctz3hI640y8W6.jpg,Non-default EXIF orientation: normalize image AND labels together before use.
error,invalid_image_or_label,test/images/20240216_170518_jpg.rf.M02I9ZOJc5DjQCCS5xGa.jpg,Non-default EXIF orientation: normalize image AND labels together before use.
error,invalid_image_or_label,test/images/20240216_170552_jpg.rf.ojWRTo6zc5usG1Iopg20.jpg,Non-default EXIF orientation: normalize image AND labels together before use.
error,invalid_image_or_label,test/images/20240216_170704_jpg.rf.hOO2Hjy7wBxjiOOPBy7e.jpg,Non-default EXIF orientation: normalize image AND labels together before use.
error,invalid_image_or_label,test/images/20240216_170854_jpg.rf.TEiMFC0KFPW1R4bYo3Od.jpg,Non-default EXIF orientation: normalize image AND labels together before use.
error,invalid_image_or_label,test/images/20240216_171121_jpg.rf.Y57czqPFOqWuHEVl2GEJ.jpg,Non-default EXIF orientation: normalize image AND labels together before use.
error,invalid_image_or_label,test/images/20240216_171848_jpg.rf.zE1620x2bN1TmbwI2w8E.jpg,Non-default EXIF orientation: normalize image AND labels together before use.
error,invalid_image_or_label,test/images/20240216_210156_jpg.rf.33wLaubOqlcy2NsksCTX.jpg,Non-default EXIF orientation: normalize image AND labels together before use.
error,invalid_image_or_label,test/images/20240216_212603_jpg.rf.AfKYdclgzSBwp2QChitZ.jpg,Non-default EXIF orientation: normalize image AND labels together before use.
error,invalid_image_or_label,test/images/20240216_222242_jpg.rf.PymEqAoNGpkRA3IoMWX4.jpg,Non-default EXIF orientation: normalize image AND labels together before use.
error,invalid_image_or_label,test/images/20240216_222724_jpg.rf.Rjb5GDRjAOTuvoxnq7ZJ.jpg,Non-default EXIF orientation: normalize image AND labels together before use.
error,invalid_image_or_label,test/images/20240218_145024_jpg.rf.CzrZjYY8Mzj5QYZB6RUE.jpg,Non-default EXIF orientation: normalize image AND labels together before use.
error,invalid_image_or_label,test/images/20240218_145338_jpg.rf.1OVz5yNkIlu3pT3fJYd7.jpg,Non-default EXIF orientation: normalize image AND labels together before use.
error,invalid_image_or_label,test/images/20240218_145547_jpg.rf.jh40Lk0QUfqRfFlqzFaQ.jpg,Non-default EXIF orientation: normalize image AND labels together before use.
error,invalid_image_or_label,test/images/20240218_145657_jpg.rf.RdYgGJK7gAVhVesdxjnG.jpg,Non-default EXIF orientation: normalize image AND labels together before use.
error,invalid_image_or_label,test/images/20240218_150654_jpg.rf.7XLG6f1EK42pDNB9yFIq.jpg,Non-default EXIF orientation: normalize image AND labels together before use.
error,invalid_image_or_label,test/images/20240218_152202_jpg.rf.IXZ41Gj04x4qW2qQdCZ7.jpg,Non-default EXIF orientation: normalize image AND labels together before use.
error,invalid_image_or_label,test/images/20240218_152936_jpg.rf.Y0mMuZwvXWWUwAbrUzyL.jpg,Non-default EXIF orientation: normalize image AND labels together before use.
error,invalid_image_or_label,test/images/20240218_153251_jpg.rf.DjtJR9mPQfqXJiYYjwlA.jpg,Non-default EXIF orientation: normalize image AND labels together before use.
error,invalid_image_or_label,test/images/20240218_153300_jpg.rf.V5Gkb12d8vhRvAhwGIyQ.jpg,Non-default EXIF orientation: normalize image AND labels together before use.
error,invalid_image_or_label,test/images/20240218_153331_jpg.rf.SHv9gkvI5YNMAmE7vmjh.jpg,Non-default EXIF orientation: normalize image AND labels together before use.
error,invalid_image_or_label,test/images/20240218_153611_jpg.rf.0gbXVCXLGVBhSmJCNT2A.jpg,Non-default EXIF orientation: normalize image AND labels together before use.
error,invalid_image_or_label,test/images/20240218_155110_jpg.rf.QfrlRCIQf1Zw8nVQb2cE.jpg,Non-default EXIF orientation: normalize image AND labels together before use.
error,invalid_image_or_label,test/images/20240218_155314_jpg.rf.JtApUFsbLLsTUeESN8Z9.jpg,Non-default EXIF orientation: normalize image AND labels together before use.
error,invalid_image_or_label,test/images/20240218_155316_jpg.rf.GaWb1jUw9RN34fTbbSkz.jpg,Non-default EXIF orientation: normalize image AND labels together before use.
error,invalid_image_or_label,test/images/20240218_155852_jpg.rf.8MWrjTkgAE7AC9o7rrFc.jpg,Non-default EXIF orientation: normalize image AND labels together before use.
error,invalid_image_or_label,test/images/20240218_160232_jpg.rf.Mw8c4Mo58YfH1yUHsS3M.jpg,Non-default EXIF orientation: normalize image AND labels together before use.
error,invalid_image_or_label,test/images/20240218_160238_jpg.rf.z95QmfpOoj7bau1Mf9LW.jpg,Non-default EXIF orientation: normalize image AND labels together before use.
error,invalid_image_or_label,test/images/20240218_160309_jpg.rf.JXgBam4lOI6pLS2qDGvl.jpg,Non-default EXIF orientation: normalize image AND labels together before use.
error,invalid_image_or_label,test/images/20240218_161531_jpg.rf.tVsAGD6Ug1aeJhqqfeB5.jpg,Non-default EXIF orientation: normalize image AND labels together before use.
error,invalid_image_or_label,test/images/20240218_161952_jpg.rf.OvPuiwHZ6KkI3XH0fstm.jpg,Non-default EXIF orientation: normalize image AND labels together before use.
error,invalid_image_or_label,test/images/20240220_133116_jpg.rf.sxhXc9pn1bkHCdDRPeDU.jpg,Non-default EXIF orientation: normalize image AND labels together before use.
error,invalid_image_or_label,test/images/20240220_153854_jpg.rf.WNSin8Yw9OA4h7AdVqQ5.jpg,Non-default EXIF orientation: normalize image AND labels together before use.
error,invalid_image_or_label,test/images/20240222_164311_jpg.rf.SH0bqUND7IQLWGSgze1g.jpg,Non-default EXIF orientation: normalize image AND labels together before use.
error,invalid_image_or_label,test/images/20240222_170704_jpg.rf.73Lot0ESMKg7caXrnTGJ.jpg,Non-default EXIF orientation: normalize image AND labels together before use.
error,invalid_image_or_label,test/images/20240222_172018_jpg.rf.YscNlWNSCCnxcHmuavuP.jpg,Non-default EXIF orientation: normalize image AND labels together before use.
error,invalid_image_or_label,test/images/20240222_190506_jpg.rf.fl6vXtkZCXvZfAErKjfi.jpg,Non-default EXIF orientation: normalize image AND labels together before use.
error,invalid_image_or_label,test/images/20240222_190520_jpg.rf.DxLxoD74fytJjEtQSKjZ.jpg,Non-default EXIF orientation: normalize image AND labels together before use.
error,invalid_image_or_label,test/images/20240225_121751_jpg.rf.ZjFFqEAIJjddY4sQz0ny.jpg,Non-default EXIF orientation: normalize image AND labels together before use.
error,invalid_image_or_label,test/images/20240227_115720_jpg.rf.6pac5a49FOwHDligkgUJ.jpg,Non-default EXIF orientation: normalize image AND labels together before use.
error,invalid_image_or_label,test/images/20240227_115743_jpg.rf.RnmLIJH1AZc8995mZgwP.jpg,Non-default EXIF orientation: normalize image AND labels together before use.
error,invalid_image_or_label,test/images/20240228_123229_jpg.rf.40W1MxoVs3tbZB25fcrW.jpg,Non-default EXIF orientation: normalize image AND labels together before use.
error,invalid_image_or_label,test/images/20240228_162528_jpg.rf.FEaylnw7BfC80uG8eCYo.jpg,Non-default EXIF orientation: normalize image AND labels together before use.
error,invalid_image_or_label,test/images/20240228_162536_jpg.rf.QC43wVtBa9FSBS8VD8Zk.jpg,Non-default EXIF orientation: normalize image AND labels together before use.
error,invalid_image_or_label,test/images/20240228_173925_jpg.rf.hZthQtQRIIbNwj71lRUL.jpg,Non-default EXIF orientation: normalize image AND labels together before use.
error,invalid_image_or_label,test/images/20240228_174306_jpg.rf.l8ho7XZwOf1ZxE0WHikj.jpg,Non-default EXIF orientation: normalize image AND labels together before use.
error,invalid_image_or_label,test/images/20240228_174330_jpg.rf.G6YqS1mW7tyt1HQh9LaB.jpg,Non-default EXIF orientation: normalize image AND labels together before use.
error,invalid_image_or_label,test/images/20240301_180035_jpg.rf.l1DewYMipVo9SvFDJaQF.jpg,Non-default EXIF orientation: normalize image AND labels together before use.
error,invalid_image_or_label,test/images/20240306_110232_jpg.rf.bJUwm4t4GU9XkCCgS9Ju.jpg,Non-default EXIF orientation: normalize image AND labels together before use.
error,invalid_image_or_label,test/images/20240307_145431_jpg.rf.rn93DQLLMfsvbbYDM5Dz.jpg,Non-default EXIF orientation: normalize image AND labels together before use.
error,invalid_image_or_label,test/images/20240307_145631_jpg.rf.jf65FM5cJNw05oq1hdtG.jpg,Non-default EXIF orientation: normalize image AND labels together before use.
error,invalid_image_or_label,test/images/20240307_145634_jpg.rf.OJjpZsOlLMXfYXMjKRnJ.jpg,Non-default EXIF orientation: normalize image AND labels together before use.
error,invalid_image_or_label,test/images/20240307_145827_jpg.rf.OLEBGv6OX13l00I02grP.jpg,Non-default EXIF orientation: normalize image AND labels together before use.
error,invalid_image_or_label,test/images/20240307_151847_jpg.rf.PQY2jnxApvOOSpvwCNW3.jpg,Non-default EXIF orientation: normalize image AND labels together before use.
error,invalid_image_or_label,test/images/20240307_152037_jpg.rf.LbfudI0KHL18zMMX5gTZ.jpg,Non-default EXIF orientation: normalize image AND labels together before use.
error,invalid_image_or_label,test/images/20240307_152100_jpg.rf.61FKPYEZgzNheOkyNmHz.jpg,Non-default EXIF orientation: normalize image AND labels together before use.
error,invalid_image_or_label,test/images/20240307_152210_jpg.rf.5wJzahu5QeyhKTQL0nyU.jpg,Non-default EXIF orientation: normalize image AND labels together before use.
error,invalid_image_or_label,test/images/20240307_152833_jpg.rf.8BYDZyLEKFpTwzT8qJHm.jpg,Non-default EXIF orientation: normalize image AND labels together before use.
error,invalid_image_or_label,test/images/20240307_175647_jpg.rf.ra0Ep6ivVhvey4H8k67X.jpg,Non-default EXIF orientation: normalize image AND labels together before use.
error,invalid_image_or_label,test/images/20240307_175735_jpg.rf.GQtgA8jOz9fuaTjfOwiC.jpg,Non-default EXIF orientation: normalize image AND labels together before use.
error,invalid_image_or_label,test/images/20240307_180205_jpg.rf.9jO39YF8f8uRZYq6SPRy.jpg,Non-default EXIF orientation: normalize image AND labels together before use.
error,invalid_image_or_label,test/images/20240307_180216_jpg.rf.QTSOl581KWhcnIlZAKZW.jpg,Non-default EXIF orientation: normalize image AND labels together before use.
error,invalid_image_or_label,test/images/20240307_194221_jpg.rf.4JDIqXOheQJVgXOARvwz.jpg,Non-default EXIF orientation: normalize image AND labels together before use.
error,invalid_image_or_label,test/images/20240307_195007_jpg.rf.KjekHiZfjPQlL8o88Sba.jpg,Non-default EXIF orientation: normalize image AND labels together before use.
error,invalid_image_or_label,test/images/20240308_145632_jpg.rf.6voSjAAkKgq8HCULjSfI.jpg,Non-default EXIF orientation: normalize image AND labels together before use.
error,invalid_image_or_label,test/images/20240310_151018_jpg.rf.GlK7sckdrAA2JBkLV0hl.jpg,Non-default EXIF orientation: normalize image AND labels together before use.
error,invalid_image_or_label,test/images/20240310_154446_jpg.rf.b3lJzdjZ8YHTd2wWDF4C.jpg,Non-default EXIF orientation: normalize image AND labels together before use.
error,invalid_image_or_label,test/images/20240310_154717_jpg.rf.rSRhFJ6DNh5v4jmzx7uW.jpg,Non-default EXIF orientation: normalize image AND labels together before use.
error,invalid_image_or_label,test/images/20240310_154838_jpg.rf.O6gQS409ONiK0go9j0lz.jpg,Non-default EXIF orientation: normalize image AND labels together before use.
error,invalid_image_or_label,test/images/20240310_154931_jpg.rf.QjSaeaiKiw8FRaF03pTi.jpg,Non-default EXIF orientation: normalize image AND labels together before use.
error,invalid_image_or_label,test/images/20240310_155102_jpg.rf.PHk1lP94Q1v1pfGE3F8K.jpg,Non-default EXIF orientation: normalize image AND labels together before use.
error,invalid_image_or_label,test/images/20240311_144644_jpg.rf.Zr7ozr7O6zh5EhzU5IhB.jpg,Non-default EXIF orientation: normalize image AND labels together before use.
error,invalid_image_or_label,test/images/20240320_215345_jpg.rf.ywqyasqdT9dzJqojVx6c.jpg,Non-default EXIF orientation: normalize image AND labels together before use.
error,invalid_image_or_label,test/images/20240503_171655_jpg.rf.fD5UWAemVNgwreqNF79Y.jpg,Non-default EXIF orientation: normalize image AND labels together before use.
error,invalid_image_or_label,test/images/Dipto_-291_jpg.rf.HGfpo163iW8GHEQXxegc.jpg,"Line 1: coordinates must lie in [0, 1]."
error,invalid_image_or_label,test/images/Example-of-Bangladeshi-license-plate-black-characters-and-white-background_png.rf.JH9YsXzaTC5DJUvGiS7P.png,"Line 1: coordinates must lie in [0, 1]."
error,invalid_image_or_label,test/images/images (1)_jpg.rf.vTwc0wMrcKoV3EwIyVl8.jpg,"Line 1: coordinates must lie in [0, 1]."
error,invalid_image_or_label,test/images/IMG-20240215-WA0075_jpg.rf.evk0L9sLTTs90pheZkwW.jpg,"Line 2: coordinates must lie in [0, 1]."
error,invalid_image_or_label,test/images/IMG_20240211_144020_jpg.rf.cd65fKhk3L0zVrgFjxHH.jpg,Non-default EXIF orientation: normalize image AND labels together before use.
error,invalid_image_or_label,test/images/IMG_20240211_150132_jpg.rf.LrE1lsUxVwBIE9uufJAl.jpg,Non-default EXIF orientation: normalize image AND labels together before use.
error,invalid_image_or_label,test/images/IMG_20240211_150208_jpg.rf.RZN7CYkBObCA4NYa49lg.jpg,Non-default EXIF orientation: normalize image AND labels together before use.
error,invalid_image_or_label,test/images/IMG_20240211_150245_jpg.rf.Izrejw7W1Tza9TRzYqMa.jpg,Non-default EXIF orientation: normalize image AND labels together before use.
error,invalid_image_or_label,test/images/IMG_20240211_151021_jpg.rf.ooFFOzBi9hUyRxvNlKf2.jpg,Non-default EXIF orientation: normalize image AND labels together before use.
error,invalid_image_or_label,test/images/IMG_20240211_151244_jpg.rf.ZIFj81kKiqkOo69Hh5Qn.jpg,Non-default EXIF orientation: normalize image AND labels together before use.
error,invalid_image_or_label,test/images/IMG_20240211_151303_jpg.rf.08cnmFgCuolf4nLrxNuE.jpg,Non-default EXIF orientation: normalize image AND labels together before use.
error,invalid_image_or_label,test/images/IMG_20240211_151332_jpg.rf.S19t0yVpbv76PoHh70Qr.jpg,Non-default EXIF orientation: normalize image AND labels together before use.
error,invalid_image_or_label,test/images/IMG_20240211_151346_jpg.rf.v0nTaQT7LSNqpVeeurGA.jpg,Non-default EXIF orientation: normalize image AND labels together before use.
error,invalid_image_or_label,test/images/IMG_20240211_151405_jpg.rf.BL2GMQyL0f8V1Vg3S13l.jpg,Non-default EXIF orientation: normalize image AND labels together before use.
error,invalid_image_or_label,test/images/IMG_20240211_151424_jpg.rf.mf6uGCxQAaOltqIrc9Cg.jpg,Non-default EXIF orientation: normalize image AND labels together before use.
error,invalid_image_or_label,test/images/IMG_20240211_151452_jpg.rf.qq6YoeQaVokzhhRLWd8H.jpg,Non-default EXIF orientation: normalize image AND labels together before use.
error,invalid_image_or_label,test/images/IMG_20240211_152345_jpg.rf.R5t8fSrWUTdIYxf16afL.jpg,Non-default EXIF orientation: normalize image AND labels together before use.
error,invalid_image_or_label,test/images/IMG_20240211_152418_jpg.rf.9Jya0iqVoEf8PI0ibXi6.jpg,Non-default EXIF orientation: normalize image AND labels together before use.
error,invalid_image_or_label,test/images/IMG_20240211_152512_jpg.rf.FQWTsR9jIv8eDvluCKBl.jpg,Non-default EXIF orientation: normalize image AND labels together before use.
error,invalid_image_or_label,test/images/IMG_20240211_161942_jpg.rf.s7XpXNtROGuMwy8z539o.jpg,Non-default EXIF orientation: normalize image AND labels together before use.
error,invalid_image_or_label,test/images/IMG_20240211_162442_jpg.rf.7gzKhUgbmhHiUSruKXMn.jpg,Non-default EXIF orientation: normalize image AND labels together before use.
error,invalid_image_or_label,test/images/IMG_20240211_162452_jpg.rf.iAlioKQtxqrfEcRkRiqj.jpg,Non-default EXIF orientation: normalize image AND labels together before use.
error,invalid_image_or_label,test/images/IMG_20240211_162834_jpg.rf.b7em2dpI4HM9DEnUcjal.jpg,Non-default EXIF orientation: normalize image AND labels together before use.
error,invalid_image_or_label,test/images/SmartSelect_20240229_170708_Photos_jpg.rf.9Ym8KdMwzoMGgwQX9LPo.jpg,Non-default EXIF orientation: normalize image AND labels together before use.
error,invalid_image_or_label,test/images/SmartSelect_20240302_173110_Facebook_jpg.rf.7AU2ZSOMSNSbB9M6uLkv.jpg,Non-default EXIF orientation: normalize image AND labels together before use.
error,invalid_image_or_label,test/images/SmartSelect_20240302_173233_Facebook_jpg.rf.eTk9RjVM7QKFBGCIrqeu.jpg,Non-default EXIF orientation: normalize image AND labels together before use.
error,invalid_image_or_label,test/images/SmartSelect_20240302_173407_Facebook_jpg.rf.SOniKjHFmYzVtPLdTf6O.jpg,Non-default EXIF orientation: normalize image AND labels together before use.
error,invalid_image_or_label,test/images/SmartSelect_20240329_164659_Facebook_jpg.rf.xTw6leZpcSXtw49QxvXN.jpg,Non-default EXIF orientation: normalize image AND labels together before use.
error,cross_split_leakage,102_jpg,source_group appears in multiple splits.
error,cross_split_leakage,45_jpg,source_group appears in multiple splits.
error,cross_split_leakage,46_jpg,source_group appears in multiple splits.
error,cross_split_leakage,60_jpg,source_group appears in multiple splits.
error,cross_split_leakage,68_jpg,source_group appears in multiple splits.
error,cross_split_leakage,75_jpg,source_group appears in multiple splits.
error,cross_split_leakage,98_jpg,source_group appears in multiple splits.
error,cross_split_leakage,58_jpg,source_group appears in multiple splits.
error,cross_split_leakage,99_jpg,source_group appears in multiple splits.
error,cross_split_plate_id,plate_54e474bf83eaf3f1dc1917a1,A plate_id appears in multiple splits.
error,cross_split_plate_id,plate_88d4f9ecf9f89b90c4134b0f,A plate_id appears in multiple splits.
error,cross_split_plate_id,plate_70f0a5ef0ed1d166f8718112,A plate_id appears in multiple splits.
error,cross_split_plate_id,plate_59db62ee9ece6fd3c9235318,A plate_id appears in multiple splits.
error,cross_split_plate_id,plate_1c7826d7dc3111662f687869,A plate_id appears in multiple splits.
error,cross_split_plate_id,plate_67763bca4ea488dd1a56d3fd,A plate_id appears in multiple splits.
error,cross_split_plate_id,plate_71260e90ab27b48d6fafc02c,A plate_id appears in multiple splits.
error,cross_split_plate_id,plate_0a586064b3342ac0eb02d6e8,A plate_id appears in multiple splits.
error,cross_split_plate_id,plate_bd1c2c8359dcd4b000cef269,A plate_id appears in multiple splits.
