source_image,split,source_group,image_id,width,height,pixel_sha256,annotations
train/images/10187_png.rf.4NmqJvKRUoFtX3tUK80E.png,train,10187_png,img_0ae930d06be18d5ed028,828,696,5763ef8926b8962d632b1704ac125be4b07de1393cb9ca7328917972c68f7fbc,1
train/images/10240_png.rf.MkheyrM0v6eifctCubBG.png,train,10240_png,img_132a85fd4f95e1313f99,900,895,3c5dac3118f027a923d89c97f0e97cccbf01295d3fad5dae79dae868acd43524,1
train/images/10272_png.rf.AhfSEGHykH7FpcLyBxdE.png,train,10272_png,img_9ad1b29abd836db9bb57,573,339,3a35c48e177cbe383ba943a8e48e8a96a6b7ad72c7c570d748b8920f8cf0f1b0,1
train/images/102_jpg.rf.3wx5Cmv1lxM1XIfBb0uT.jpg,train,102_jpg,img_55e7e949d13669bd30a5,4000,3000,83a91ded741b9775a1aff763424b7c7515eff07eb9e2ffc3bb4ceda34d0add5b,1
train/images/103_jpg.rf.TXtUElv7ae2gt8uVdQjW.jpg,train,103_jpg,img_c539702aad6922576b7d,960,712,50c1deeb182704e27ad594ff59f66f5e42985212a12f6645c793e9fd87e9ab9d,1
train/images/10457_png.rf.JywVEnYGq53UA23W0x8F.png,train,10457_png,img_ca2bf5e703b6b876fb53,1214,1249,686d922e6efadd7f6d2fe9dad03ee86203f740819584557cfd18e024e83d3d10,1
train/images/106-jpg_jpg.rf.N4nLBxEI5Dlp78T8puG7.jpg,train,106-jpg_jpg,img_2bc5e785fd9736c6a116,4000,3000,5ddd6df1a9c3a5c2e3903b845c5749d5916f6a7c0eca798da46843ff533077ce,1
train/images/10646_png.rf.ki7Rfa34DFwJ8oWHl3c6.png,train,10646_png,img_d1dbe442bdc647af42ed,847,770,227cede4963db214c2fc08d3cfe9807cf28b2fa6872fc906b19c0dd954aa1c38,1
train/images/106_jpg.rf.qi6zpNE5wgM9cyuTMt6s.jpg,train,106_jpg,img_ca7e6a059c91dbf79a11,960,708,a753edc456ed43a66c96b0f4aec07c56f0e814f77a5fbc1d50c6f377bf030a5a,1
train/images/1070_png.rf.mZ3eoNCkNM4GpR9B1VdV.png,train,1070_png,img_7da019bc71a082821b53,670,466,dcac454cdf89585c8c0be4921ea3c3b3ae19bd97cdb832bc53dff5e7207af161,1
train/images/107_jpg.rf.ADsn04cMBAOuglDziBy0.jpg,train,107_jpg,img_089d2e041bf1eb650ee7,960,882,506612059e61296d6ebf8876595d15bbde5ba433c99d52798ac54dbe72b98014,1
train/images/108-jpg_jpg.rf.CpZLBCczNR8IVvqrWq1f.jpg,train,108-jpg_jpg,img_a454629d0c6246102883,4000,3000,b34e4964cd37451af616e8f9cd36680e46bbe1019992aeec977828b1536c24ea,1
train/images/108_jpg.rf.dVeQDfOv9I1xuMhp3W4h.jpg,train,108_jpg,img_6dc31eded49b2707bbec,960,720,68131a9de85dff38d91c972997b3023280935a81f04b70a070dfcefff9e61199,1
train/images/10970_png.rf.4rz9oSKTDiLuhZ8MF1Fz.png,train,10970_png,img_5627fdd755e6a439446e,898,1055,9482a07e373f5d23853310d84cb31448f555cf5589d059b6093c89c9a172a9fa,1
train/images/11037_png.rf.O2AiGQamelO1rW1lWoqy.png,train,11037_png,img_1afc2686582a72a0cf7d,646,385,c9d588ad3a212bb57c94566e646c57fb8695b5f9b5a683fc044230443b201a0e,1
train/images/112-jpg_jpg.rf.z95pkiw42J3gLbdQC1zk.jpg,train,112-jpg_jpg,img_1a2351abf97aed14419e,4000,3000,85a7c35cf1cdfe5edd10c4fd1bf75ab572d948a0e4d499ded13f8bc58cc13eff,2
train/images/11773_png.rf.v6EfKsXRrDpf0b3XMfTi.png,train,11773_png,img_7bc27aff7dfb630cf467,651,432,b6c989d392ed442f5aa7ad887b6bc05784a86fa1b1cc929467358ffc8662124f,1
train/images/118-jpg_jpg.rf.vKUU8yx3DJmt9zuFioL2.jpg,train,118-jpg_jpg,img_a0ee92584cc74b17015b,4000,3000,e2418850c870974ee65a8654bb6e4a52dbd9bfd91b5216f1fad425046ab699a3,1
train/images/119-jpg_jpg.rf.boxcIZjUFEZgMY5GqNHS.jpg,train,119-jpg_jpg,img_08a0672df7b40ecae342,4000,3000,4833b27e3c5f8d3dc74358022409f7c42209ddbf5ae391bf788fe8914712e77f,1
train/images/119_jpg.rf.6lHCVWvea4yDhrv27V6V.jpg,train,119_jpg,img_451c43dce8699840b6d9,720,960,11b3a00d11389df4c06c8bb4161e8e84c8ee1c8aa60070e87bd9898f23f4cfc8,1
train/images/12182_png.rf.evQiUY3bLEMXQsjGfMWQ.png,train,12182_png,img_f69918e515cd21c29e8b,706,516,0768630f5d2213d9cc16b3453b8cb01277f1cb63ced7779ca5b2feb4bb40e24d,1
train/images/12185_png.rf.NyZolIGUf5SevxkEHhdR.png,train,12185_png,img_f7e2f862b0736f7181bf,1179,833,43b360cd89204895eb65e94638a5b4f0dd42675d4349c4860deae4ef0e2a3dec,1
train/images/12455_png.rf.Zd86bez1g1i8kIgqMwxA.png,train,12455_png,img_d2499af1e7ce85ffa7ae,758,614,a31e564e87bb36a9e7a3a2fd8981067031510e947724031ab29fe9cfdf148b7e,1
train/images/124_jpg.rf.1hO3VS99N33j3DJV2Kbp.jpg,train,124_jpg,img_740938774c5dceff983b,439,484,6d30de2030d6ffa6a678acf9bf13bfa343247488939af0e12d6c9755ebcbc41d,1
train/images/12509_png.rf.TIXdYse7lg5jYaOTkTPq.png,train,12509_png,img_28a518e362bc9cb24217,1350,1293,f1d4c90139a9bdbc120d046b611c3987d6d5c179e5cc64e64bfa89837486c004,1
train/images/127_jpg.rf.kdzqyLsZDAFbq2Hvkfpm.jpg,train,127_jpg,img_461fafc5a8dc4ff0f573,435,585,2c2a98dbf0cb73f6245b0c8611ea660a02ae34ce5e2975d36a800a86145e2f81,1
train/images/12806_png.rf.49hUq66eWoCLmN0G0Me1.png,train,12806_png,img_06513a5673a4c6419c4e,765,872,093e61006533e9e43fee24eef6a3bcbd9d523d1fac517b998e84c40662bb258f,1
train/images/1313_png.rf.X9QmmNyqVwRxiDa6G27f.png,train,1313_png,img_acc61a4a5e191531eecf,2341,759,cae7b19945825a68e44cbdb70415d599ca7d4eb079c083657f6de48b863de460,3
train/images/132-jpg_jpg.rf.5PFvjBOEbZmrfgTuG1xi.jpg,train,132-jpg_jpg,img_498c14c6cc55a096b461,4000,3000,8eab1d7fad5b0a01ce60a05ae48d3353936fa0ca70f52614d7376d4fb3067a3e,1
train/images/13273_png.rf.sB4ahDMUJUD412lgluwH.png,train,13273_png,img_70d41e365b002d57410b,690,563,61aa9da5a5fdc61e601b6b70f0106f616bd9e1f85a5ce998c2c3738c38ef46e8,1
train/images/1341_png.rf.ucnqoIRcgECrGjgP8yCj.png,train,1341_png,img_841aa7bf6cfb5f9a91d5,1069,959,75847d038d533764fd756e644b52bed273edbbfe1ce4da7fa3041ce430bb77db,1
train/images/13454_png.rf.NT6xas0iQDjyVRlwHiQP.png,train,13454_png,img_a6a87ff4c446f9aa33f0,1136,921,e9528e40e690d92bcad77ec270ecbe771e6f1a2ba53ba2383c09a798da652800,1
train/images/136-jpg_jpg.rf.vOvji2WUXV6bxfX6OSzv.jpg,train,136-jpg_jpg,img_257bddc73e0a294bcff8,4000,3000,e305f57820610912e3f7324fc60d9198a5994d72badb5775c966d602638630ff,1
train/images/137-jpg_jpg.rf.BKYqeM0OmA2LNrrPFsje.jpg,train,137-jpg_jpg,img_1dfc7f22da49163afd81,4000,3000,e176328cf3ecd8341775d6f2500caff8e3c3e5a7c672e97475441337c6e5a714,1
train/images/13873_png.rf.cqx4BSlopvHYATN7clDs.png,train,13873_png,img_7851919b047bbd25d2a1,737,634,a4a0f3df15b52320275e13d348607dfac280d4cca9b586f5efae1add50e2df27,1
train/images/13982_png.rf.r71whmwlm1TZxpmziuxe.png,train,13982_png,img_4baa885c0236b0f4c50d,1151,655,5192939409f48b168a80df75058f7cdcbde7750946f38cf5434fb247a218ba9f,1
train/images/14048_png.rf.YyfIuPsmyylD13Zi6R0R.png,train,14048_png,img_43ff4f9999145b1d7b0d,1053,1302,58bd242918256c0d7cb93eec23d9e864fc208285930458329b8eab263c394a24,2
train/images/14146_png.rf.wI8MmNZIjZDIWPYNWvZC.png,train,14146_png,img_6edf9bea90e3ecd43a2a,1352,1138,18717cbf7ef327cd2d381b3448f519e2d67b89c5530b7fe53e49cc8d757a86c2,2
train/images/142-jpg_jpg.rf.wTbCyxJXS3NdbsYcCiwN.jpg,train,142-jpg_jpg,img_469d6495f0ef0d51c02c,4000,3000,104915b41aeafd6ce97f3ce393251f1b60598a26ec668a66b55e1e79dbfd4b10,1
train/images/143-jpg_jpg.rf.SwQXmyxdTGmBn4sFvZBx.jpg,train,143-jpg_jpg,img_bffb88f5424396c179ca,4000,3000,7fa33b736e3ffc7d4cdac639bd52a7271e368cea9552c0c58b59ba7fb939a7bf,1
train/images/144-jpg_jpg.rf.dt6IJUlwImNmgxqsYIrk.jpg,train,144-jpg_jpg,img_22289df8de8db2198638,4000,3000,515ae8f05aff9c4d19c6aa829e3edda352f08bd862a36f652cfce3e11735aff4,1
train/images/14555_png.rf.tFikSXZ0SYUZ5FbgfyR6.png,train,14555_png,img_534a94c705cc7873dec5,1615,726,901f35635b0225e1b1d4c6159db3d1183410d244d87fde48d0302c9d23b3bb8d,2
train/images/14561_png.rf.CWEpdPeCu2zkl4OBuxs6.png,train,14561_png,img_ca08f88e217c2570d52a,1536,1566,138c96ad841b25f95288faca0b1bd437ad585fba4b7ca3ada3fde8db84344b08,2
train/images/14691_png.rf.dBOMWfyIvckgr9DXpko5.png,train,14691_png,img_048740047aeefab0bd1d,517,414,00873c13a5dc4e22a1b0660f2b7bb495b30ab36ce0644a616b177715c2780b17,1
train/images/14697_png.rf.UKrH6kyO9j2WXoMxPaxg.png,train,14697_png,img_d1e4ef0397483c436838,939,713,4e807c4619a98da57bd85d61bbefb1155aa6899f2f693c81eee0252606d38ac7,1
train/images/147-jpg_jpg.rf.cqhvjQZs9aSt6yx0WrhU.jpg,train,147-jpg_jpg,img_07152c05e13ffd54a729,4000,3000,b35bce92db5f4b13dbabe2af1438a068c7bb927dd924f27b2fe531f8854e9d2e,1
train/images/150609269_412465026720208_3157004808485774667_n_jpg.rf.Djkz0om3lcJG5oyGk040.jpg,train,150609269_412465026720208_3157004808485774667_n_jpg,img_d23cb03c5780c9993bac,2048,1536,f568c0008f09d37118af8ca33ca8d71b01d4181d5440a6c60b3f17621ff47f4b,1
train/images/15074_png.rf.nBpLr9v4j5KsR2mMf4hN.png,train,15074_png,img_bfd45885d3e45c863e2f,731,694,ff5c07a31a9ded8ae08c0b27fcb1370c65b43765ae8e4adf8c7647363a0ae963,1
train/images/151665421_301349461324233_4237386951681230651_n_jpg.rf.N62kI2GtVbQL7qUhPGV5.jpg,train,151665421_301349461324233_4237386951681230651_n_jpg,img_1ea9f7313607e114e5c6,2047,1535,8d4b16cd71d6001463ea19b7641d34ab7f985a60f3fea8cdf4203e4c4c9fbdf0,1
train/images/151948864_1807800066064660_464582279625973260_n_jpg.rf.TIvujxPtjnctQBh5Kti4.jpg,train,151948864_1807800066064660_464582279625973260_n_jpg,img_d9e710962e79afe48677,306,408,4afc994295f14bb1b282f58f4992f2aa37d390383642949119480376724a9c1b,1
train/images/152069556_1380344518970812_2243856045971232287_n_jpg.rf.nn52mM2vVVTVceBg2FRI.jpg,train,152069556_1380344518970812_2243856045971232287_n_jpg,img_c06e0639828e1d9007b4,2047,1535,8c4c022f1dd95f3a56a96def8d44fd75deffed28b5c7b42a26d89c700fd8d704,1
train/images/15209_png.rf.u6Pn4zXC4OlrndsZKr1T.png,train,15209_png,img_139a2051cc1483210ba0,533,663,dcfa3dc5a672fd4003e1c15d3efa6026304535ac394a6784341a3b7657ce788a,1
train/images/152333555_261628735361740_2714349024038729117_n--1-_jpg.rf.ZkDiWCnXQdcOFgtZknYe.jpg,train,152333555_261628735361740_2714349024038729117_n--1-_jpg,img_f7b020e20bfa9be7ebe9,408,306,48560b6ad17b610c69b20fe033ff0b686fced4a518442cfba75be6bcf923ecb5,1
train/images/15263_png.rf.49qINuTE5xkBd1wyJxC1.png,train,15263_png,img_5c9a9f4b9238fec8afac,730,853,b977e76a30fa6984ac6bab68721eef90ea5728d7eb05d87a84a33b27f159f7e4,1
train/images/15455_png.rf.gwWzonqEtyPB5C1XwmMW.png,train,15455_png,img_4e9540397856c8f6cc41,486,298,7bf4779e5f6b31b09c34ef45d447285e56e8403d57dc72ced7aaf0e96c4a9195,1
train/images/15619_png.rf.sz7jBCwGLg2TP8Jn8Fdx.png,train,15619_png,img_904be2a53b07504f85f7,697,435,b689c1dcfee6ba81114f385fbd0d29537b97e6cca9f9052364232ac1479cb052,1
train/images/1581_png.rf.2IRWFyawwXJmGqtPu3rZ.png,train,1581_png,img_1887dda204884905b564,1047,1120,4e8264f66864b05cf1cd74ca5974c42186a207dd6806dc18532380d3d0fcd838,1
train/images/16082_png.rf.LvjqPjo4n5aErpPgkec0.png,train,16082_png,img_75b8de5a70de1fd9ab1c,725,571,8a767319a5d67ca7e983ff6a9b1303a04d1c15212ddca10359342564e03ba6c3,2
train/images/1610_png.rf.XpEczg5SU5c2PDsiAQ5Y.png,train,1610_png,img_af449502f8b9cabd2bea,636,664,6cc30dd89a226f665d6c05bb8e41d339a1691583c807dde74d71c0ce8b7ec0c0,1
train/images/16127_png.rf.GaQ39vYP1kYxSlZJWDJv.png,train,16127_png,img_532cc9d3f97be8b3ce82,782,728,5e7da5eadfc6aa3778f80373fbe5f97e4734449fbbe419c55f1a143eff27c555,1
train/images/16154_png.rf.7S2RCMhSmEUUP6VkF3Tn.png,train,16154_png,img_25ab96ff7e737f5e4118,669,853,f61216e98d3b5fe6eff02bd88fcb823f1d816ec360057843c147fe36be4ae0a7,1
train/images/16181_png.rf.j1702TwFLIbHoIgjiaKA.png,train,16181_png,img_8e1526e9426ad5983845,755,543,46265ba2bb3888337ca0f1f07bb263bf3d0b654da94ad622aedc9da4ebd84b83,1
train/images/16343_png.rf.nRSx41qMlSkwOz4ARj1I.png,train,16343_png,img_ad1cd7ca918e4986aa12,1231,1457,8091604dba014cae07a49467ba7592aeb244224edcfa2433fed1b1b496c69cfc,1
train/images/16464_png.rf.LbnWuC6bPUeZ0wNIbUGc.png,train,16464_png,img_9bba806f2ca3f7734034,581,380,d3a349488472b4a986c47fd447ec8a54922efadbe857d1c37dc9f0bb71cb2372,1
train/images/165-jpg_jpg.rf.dNvPnTl0P9E6hzeerpI7.jpg,train,165-jpg_jpg,img_460d289bd4bb8ae07953,4000,3000,3ae8939ae72027860590d2081818a9e5abaf384f4e7d3e65f74e074fcb8818b7,1
train/images/16613_png.rf.Jeg95o8Wvvu4ctWRscnk.png,train,16613_png,img_72f886b56344efab802e,875,1101,db0daf97f488c62fa2a6ba61f42c946c68bf75fa17413b7acac5c4059011600f,1
train/images/17018_png.rf.sCjD8Yr8a72g4FWyUgPa.png,train,17018_png,img_7e20bda96c27c5f496d3,862,922,312f9a5fa70b6c3ba0d4779bca572d0af4529fbbd4b4662a9967e3373b620e33,1
train/images/17091_png.rf.LRyLTqCZIeLITxs4B6hi.png,train,17091_png,img_4d9917dfa6b6ea1b3559,668,568,5a3db67a4033bda330db1aedf356fdc2aa769f686bcd300d4420c714ff350976,2
train/images/17315_png.rf.vHkbvk4c41jiMWveJTBo.png,train,17315_png,img_c557c999758cc7703692,976,811,0c4bc5210d93b78fbcc5bb91942204ba3fc6295fdb855f149c27cc8b594febcb,1
train/images/1764_png.rf.JedpLqaHJaGnPYI3zE9E.png,train,1764_png,img_798a4c7ab1aecf2a398a,600,418,91e350034a8932a6029d479576ef3f02b759d29b88b16aad7fcb7814d01f2b97,1
train/images/17937_png.rf.8tUGQxQ6tkpP12kNqkhA.png,train,17937_png,img_ca59ef249a1061839dad,994,1002,0a50529d11fa810a407f6e4364e1b7101f7a9cf1e415ca1c79891844db5305bd,1
train/images/1838_png.rf.BdDCKGbVQpqLX0LbcMP3.png,train,1838_png,img_c8a5adccaaf4d8f4a094,1852,1022,df268fcb0aed53775d8b40d7dd6024cc32d86321f4990a15d0b01710fbd51354,2
train/images/1915_png.rf.phGuQMeZ8akV19hQvhdw.png,train,1915_png,img_b7ad4c883626a8cc0693,463,402,af921ef224b7469136e7aaec3acc5e847501d70bd32523ac1aad1521a9403182,1
train/images/19_jpg.rf.Lo2Zibt26LN8sYyIMV8U.jpg,train,19_jpg,img_211ebd9a0313f4cc80eb,4000,3000,f7381a3c59e4b8b2b4cc7ef8d6d10e39e94ac1dad221f82329e9cd0cba0786f4,1
train/images/1_png.rf.f0JZPNRpkMcrCWlZjRka.png,train,1_png,img_e64ea74f9fb6d8949440,803,654,dc305ae76e2c3351fb106b8c001fd48f241088df43653be7050a5b759e14d836,1
train/images/2-Figure3-1_png.rf.AbLUosfDynEOOA9N50GM.png,train,2-figure3-1_png,img_9c3a209ba8e57b1ad4f6,644,298,02dc4d8ed05d533d1a1b58525114b862f90f32f1ddfa276d6d8cdeda08cd8c01,1
train/images/20240211_151502_jpg.rf.yCG645ouQ29gApi6HBdK.jpg,train,20240211_151502_jpg,img_a37ce2ee1b2b9d122c5c,2261,2627,137a6384f37f4be7bd4792477fda8a223a2b7aa2d3e75c93088b878e1044dd63,1
train/images/20240211_153637_jpg.rf.niTG4ysXj7INkVyoCsn9.jpg,train,20240211_153637_jpg,img_a8a683988644a910f340,2233,2140,0263c865b3b9ce39353918f1b5eedde7abb4ddcf9cb80a6e87664e42301453f3,1
train/images/20240211_162122_jpg.rf.gpA8WFPKGo81Hdm9uAfj.jpg,train,20240211_162122_jpg,img_efdd0074955ac29c93a3,2259,2104,ed3705719d9c1df3d9926cc0350d361de55e114fc4dfef736a935f8edd3f64e5,1
train/images/20240211_162754_jpg.rf.9znWrFuyFngaxEV1pvN9.jpg,train,20240211_162754_jpg,img_8583e4a71a19e402d7b3,3000,2713,b9aba91281e3bd8f0f8cae03f823a6977142b71560f37e6a05d760206ac7e92a,1
train/images/20240211_211113_jpg.rf.JIP2cLBwuzjn07HcMKvw.jpg,train,20240211_211113_jpg,img_096fecb33624680c2e8d,1645,2518,19db8676e64c356478e15871ba4dbf7de495e4deb15d034b061e2df15082ed87,1
train/images/20240214_135831_jpg.rf.39r8uiPTDAb13aAEXwS3.jpg,train,20240214_135831_jpg,img_3b25bccc3fe756a64629,2205,1960,14ae284ffb187c9873598ddc2dc7ec86c5647017a8a2a2dac404e38552e5bbaf,1
train/images/20240214_135901_jpg.rf.Z0Zoh4qa2yXxOjaNzzbS.jpg,train,20240214_135901_jpg,img_ba84fbcc49343b5592b8,1632,1640,0c36259a7eb0645fa0ca31248e23174eef35763f2193d746e78da0baf31c9fa3,1
train/images/20240214_140619_jpg.rf.dn6ZG7AWPIamJObPWuyK.jpg,train,20240214_140619_jpg,img_b3e3f8e5a3eb36ff3165,1752,2387,7e18517818c7c471868c6c209b26da5902818ccbce57626e85ca355752577dda,1
train/images/20240214_141043_jpg.rf.ZymQygggnhsN0SAfsrhC.jpg,train,20240214_141043_jpg,img_ce2e92c5597e9dc853a4,860,1482,b920c507f0cce9aa10f4afce414f5436847c56e54c3922d6d32a3bc5eff28c3b,1
train/images/20240214_141104_jpg.rf.eKj8ftNUX31124Tl6W9Y.jpg,train,20240214_141104_jpg,img_30150719a9c899b4946e,1758,2167,204258c58f5139ad02b551eab7d3702bfc9144f1c798cab94b10f36d8b75ac3b,1
train/images/20240214_141210_jpg.rf.JIKIvnojpc9CmCTW6SFV.jpg,train,20240214_141210_jpg,img_c541e5f97e01c7d5b175,1131,816,43c26d4043957a0552e36dda612193bfe29d2c6b4804427b11c61590ad6a9f63,1
train/images/20240214_141358_jpg.rf.ILv2s907EPt8xcrGXvCr.jpg,train,20240214_141358_jpg,img_ec6dc98f76785715fe5d,1558,1403,f113cc18c5d976d1994beb3240c878409d96488630a1a7fe9bb19c1f35cbbd0d,1
train/images/20240214_141402_jpg.rf.oowwI7YCCucZUyq8afK4.jpg,train,20240214_141402_jpg,img_064ec101662fbf5d9a81,2397,2070,b316eed0305e22600b64f77d505a6bc1e7c1e3f0abd5a6cf0f29bf9c56630a4c,1
train/images/20240214_145856_jpg.rf.s0wy7dnC39sFNgZIqqRL.jpg,train,20240214_145856_jpg,img_f9083d6d8944d91a3985,4000,3000,68b888668f9a75e66aa0316142f30db3da91bf47580a30592a31df35618d43f2,1
train/images/20240214_150046_jpg.rf.XKwsJycXD4uEjSSu7RNW.jpg,train,20240214_150046_jpg,img_51f81f455583456f5369,1979,1805,8231745f9f1bf92ac83bab3947bdd5145495c9ec38ad9260fcc49b359457ae0d,1
train/images/20240214_213255_jpg.rf.Sco1GaS7pwoRSHY5Zwmh.jpg,train,20240214_213255_jpg,img_1d64bc16bbfd56e090a0,2464,1893,a1425c8f396315b0399b954254aa8dde282d03eff0f14d9bd708fd9e50110cb4,1
train/images/20240214_225054_jpg.rf.YEQu0G9TrliWme68WMUL.jpg,train,20240214_225054_jpg,img_e7f2dc6b75cecf5b08e5,2653,2350,a967a10904bb6783f022f49a3952fef1f6fb464d95e7e04028c59499e7e4704d,1
train/images/20240214_225400_jpg.rf.rktvVTkK9wXt8LwhbszY.jpg,train,20240214_225400_jpg,img_317afda4f53d80134c96,2397,2253,64feb35547c5470a05265dbbf05f3c85756136efe1777c85abe2c57031b2bfc0,1
train/images/20240214_225442_jpg.rf.vGE3QZldCxssmmD3UBGv.jpg,train,20240214_225442_jpg,img_30f6d88da6796f03522d,2397,2715,7d87292afd88fbc231fd37d24613787ecf7c2cf00a576d4e098728fae98707d7,1
train/images/20240214_234003_jpg.rf.ug6eb85B4M9qFIQ1aw4M.jpg,train,20240214_234003_jpg,img_7a30b9cfda4db6eb33c0,1059,1209,7101990effcf4173656a56434eec3c3493a2c1fe2b37536273c1d22f534d2244,1
train/images/20240214_234005_jpg.rf.Z6VjsBFjIXSGXTAzZbzI.jpg,train,20240214_234005_jpg,img_e333210b6f733859fbbe,2072,2980,d33b59e73e72bf7dd7a8b7724d9ab3e1213cc61231b24a354272b66fcbdc07cf,1
train/images/20240216_140350_jpg.rf.8BX5JWJDY1kUYB6oyTVr.jpg,train,20240216_140350_jpg,img_4c2fe539d5d35f9d4df7,1070,1248,c280d8b58a15bfdb42f49cb1c4228e48af8d71dc3b653b55a83ea64bab6743b7,1
train/images/20240216_140531_jpg.rf.XrJ7POHFf6Ej496dADwN.jpg,train,20240216_140531_jpg,img_cde980c34e17e54b571a,2011,2540,f22570d4916ac8de4d3ee3dacc598f7d9353c13e951cf4cd07c3478f8e36db2f,1
train/images/20240216_143222_jpg.rf.5dmTJGmjS9P65ZnUZ46O.jpg,train,20240216_143222_jpg,img_72dcd64aca43980571dc,1572,1687,cc42484af3179935871b36c2737dc256f0644c3ab55800fe5727c9e6ef8a7d58,1
train/images/20240216_143440_jpg.rf.0GDM8e0UBvgQPbH5ox67.jpg,train,20240216_143440_jpg,img_b9f7760c354547fb7930,1942,1926,1c5098cf1b4e722b198aed288f3de5f67d46c93d65732280e0090146b2590321,1
train/images/20240216_143508_jpg.rf.7cJ46nCvXozLTHgIrcqn.jpg,train,20240216_143508_jpg,img_b060b3ef1b722771f889,1904,1789,f9b9951ac792bdcee1e3c605b5585d3436a312fae22beb90bd07c879cebc0525,2
train/images/20240216_143530_jpg.rf.MNtPGVBMY4DWOHu4DsWc.jpg,train,20240216_143530_jpg,img_610476bf059fc243a61c,1832,2028,7527562b98237bc3e08897eae17e85c2a96e66a8eec81f40800c174df8254850,1
train/images/20240216_143533_jpg.rf.fNYHuHBfcGnRPCTUcv5U.jpg,train,20240216_143533_jpg,img_96faa6ab61d372c8db90,904,633,baaae6a53beb7ebeb6a93268cd79bbd678b3301fa7af6d49c6a50a5ef75e698e,1
train/images/20240216_143607_jpg.rf.KZc6eub4rl7vccd7ubIP.jpg,train,20240216_143607_jpg,img_4b5962416f615fa88e8e,1144,1525,d3b5f3030a1a739abeeb47b6130e735614f83914aac335f8d7f6235136b8c75a,1
train/images/20240216_143617_jpg.rf.fV1IOWYOOLmF0tDai5BB.jpg,train,20240216_143617_jpg,img_ec1567edda9450e114d9,746,995,7de1728c7fd035024bf68557a0f980e445c4d7fdab7f2de2f93624bc7a87e63b,1
train/images/20240216_143700_jpg.rf.wryKgAnd1IzwFD5VBCAM.jpg,train,20240216_143700_jpg,img_b8c665cabe411aa7bd0d,1151,1535,588259b782f63d2ca585b8be8b91dfb7e2f4d96245b6ec7108ce07026792e779,1
train/images/20240216_143727_jpg.rf.z3PasKmUcKWjebe9Ark7.jpg,train,20240216_143727_jpg,img_11e9fdaa948e1b28937e,1212,1617,f559ae217fbbaa2dbe67c7f6ed5679bf258089ca31942937ad359095cce64174,1
train/images/20240216_143732_jpg.rf.ZOh4qLfUyYx0auEfoHq6.jpg,train,20240216_143732_jpg,img_f42193c581c6d32c417d,1397,1862,071d0e3726cc877e3ac7e9eb81b00dac9ee9efd730ccc0c4151e0db24a7a483b,1
train/images/20240216_143906_jpg.rf.GcSmDMNB4XGQa6xFOD9F.jpg,train,20240216_143906_jpg,img_6742d6e9ebe19302142b,1775,2366,4c5374cfae31e07b2539dc2881dd497dbc5e6995ca7e35b7c77c46ae1ef60363,1
train/images/20240216_143921_jpg.rf.tbd6VRiVultz6nCjUfDC.jpg,train,20240216_143921_jpg,img_b2bcd0663c4a6e8c9c26,1772,2554,8b0e95c434c75ad33b2fd11e7151b57a39275ceb449d9c93cc2fa6a1d216db01,1
train/images/20240216_144024_jpg.rf.57cLRXX2gLlhG5Iri1OM.jpg,train,20240216_144024_jpg,img_bc8c04885e52d5a3abf3,1847,2462,ea53bd5a51026eca6e691d1d8eec93070133e5bed11dd6f946d31e5dfd7c0f46,1
train/images/20240216_144103_jpg.rf.cmfZRTvCOzAoSjnr4s9a.jpg,train,20240216_144103_jpg,img_3245b416a34fcd3a71cf,1432,1909,662d62aed72572578b06e5b8e8ef43261b913907bf2325e2ea12d596e70ef152,1
train/images/20240216_151617_jpg.rf.uqLv8078F91UiFG7L7L7.jpg,train,20240216_151617_jpg,img_cdc40cc3582950d3276f,1834,2446,a69c593dd85e89156b859617035f064c2ad2348cf46b7e7a746b9bda108a1437,1
train/images/20240216_151746_jpg.rf.a5OwEeprPn5OKHRFrGK4.jpg,train,20240216_151746_jpg,img_e71dcce4790059019841,1458,1944,fa765b64cc2e0b9bbda782934308b05da2360b764b4d50df141aa8369dffa04c,1
train/images/20240216_151802_jpg.rf.ZTTlmiXQxpvzx5hyTUSk.jpg,train,20240216_151802_jpg,img_0da20e69905cd42b1784,987,1316,628a8d3dbbe52625f68e0485b374739445ec1c5b2402d2399aacd4a5cc6ca57a,1
train/images/20240216_151835_jpg.rf.vnWYQnox3lkNMfDkGhWo.jpg,train,20240216_151835_jpg,img_1fec4efb0be51e7b19e4,1453,1938,cc00e0c86b2913aa8bef8178449868805368786e0699dc119e80b193e3928977,1
train/images/20240216_151909_jpg.rf.GomscANCSx0EghU3hmBK.jpg,train,20240216_151909_jpg,img_5bf9e298681018871ae0,4000,3000,2b3962077c0e7632da6671b7ca191f24fca4454c3322bf00d8847f612bec31cf,2
train/images/20240216_151917_jpg.rf.vAX40SB1fXaoco2sYsyx.jpg,train,20240216_151917_jpg,img_e4644d2519c990cf249e,1280,1136,17c3ab8c8a2b42f1dec36d67390172fb76e4e6dd695907ef5dff5fa20b3dde0b,2
train/images/20240216_151939_jpg.rf.DfsU8BSm9jXybnfnOByA.jpg,train,20240216_151939_jpg,img_57e684e597fc0afd4519,1239,1652,ec75eef9b3fd5db6737f0b4c0a993c6607b10bf31257fdafc7855638045f135d,1
train/images/20240216_152130_jpg.rf.oytARQ5J7Xx3QORRkHxV.jpg,train,20240216_152130_jpg,img_ded74ecdc7c651731309,1564,2085,ff11ec74f0e6431231470484d5839a21d9d9a147894661d9139bccd7fcd2df39,1
train/images/20240216_152136_jpg.rf.fMe8oDrrKjvFLlyk0b7o.jpg,train,20240216_152136_jpg,img_39522d6aae5adb76d65a,1563,2085,e994f91a819968099de3988c64101ca0b79d2d84be9a73b3639cf368c057b27f,2
train/images/20240216_152138_jpg.rf.hMnKD3M9GqZGLJ4R5L2O.jpg,train,20240216_152138_jpg,img_819d187242f82637c121,1056,1408,6e9613e835391ae461135e5de6d1bc9dcc7d6c5a7ff3ebbb48515edd9d0eda39,1
train/images/20240216_152253_jpg.rf.rk0TcSyAz4uSNCw2EfHb.jpg,train,20240216_152253_jpg,img_8d0746ef77451ab64767,1342,1789,23fa8f56f2770c524a14c4b9dfb12aa33deb8be1f91633af3584b74215f46bac,1
train/images/20240216_152543_jpg.rf.5BO8FRG0qxN2NZ7aX0mN.jpg,train,20240216_152543_jpg,img_cfeb345ffc1de648ac9b,1119,1493,22b2ef407bf3a76ebb3db837bd88aba34a955900a8950788ce62b4e564082c5b,1
train/images/20240216_160514_jpg.rf.Cn95ZwmOgCSxJf81Y3SN.jpg,train,20240216_160514_jpg,img_4dc2fe02a967d8fe0215,1230,1641,3f036b7a824fd1ee8b71dddad0b1ee4234c313eaf69ce84b90a40def4cf758e8,1
train/images/20240216_160827_jpg.rf.NuitgVMxITWTWdks8e1y.jpg,train,20240216_160827_jpg,img_5ea32507ca307a547e33,400,533,4efa72687ffee1a9a09c59b53f93868c3f9a5fae3fbb71b890e76fcb5ecbb1c2,1
train/images/20240216_160851_jpg.rf.dEbtPyfq6aryBrNZYlA0.jpg,train,20240216_160851_jpg,img_f93c1220a6acea89daa1,1063,1417,18a7d3efbaf0a07e66c1d8e02e97313513b8f26aaf2c3ee7fad0f0daa072b860,1
train/images/20240216_161217_jpg.rf.CYijnWqiq5iKrkJeocer.jpg,train,20240216_161217_jpg,img_e151a1ea5a6eeb406514,1705,2273,592cb8d97437b22b400869175d1d555eaddf8f5c6c59ffab3f2f56f7effb4ca7,1
train/images/20240216_164455_jpg.rf.ZJa2HXfbtqa9BDfZ1pEx.jpg,train,20240216_164455_jpg,img_c344414e8d5b477e06b9,927,1236,501827be2cd048ebd366fc23ed5fd152289252c34161bd3df9b33b9b96347f31,1
train/images/20240216_164533_jpg.rf.3smGskYU6Rt9PXh8JIRb.jpg,train,20240216_164533_jpg,img_e0e6a5087ede8b746e83,1444,1925,fe66c055e205c3660a4b6147be8aafadf9490802843b606151fa1ac410a8c5fe,1
train/images/20240216_164625_jpg.rf.rSPQ90JyM0ctfI9QykZm.jpg,train,20240216_164625_jpg,img_5c2a347a1627559df4c6,2000,2667,821985549b7f1553e66078fb727be9e611eab170e3a0f04032fb6f50780c930c,1
train/images/20240216_164632_jpg.rf.LYStKBWvQdwm3fXWIS5n.jpg,train,20240216_164632_jpg,img_2bc80d991118cf5aee04,1834,2446,1fb0db583f5922042ac50794aa5f9654eb2569505d00977493f67ab0ac91dfe4,1
train/images/20240216_164648_jpg.rf.5a9ZEqdStrBqsb9iAips.jpg,train,20240216_164648_jpg,img_27bef7fab331a389a512,1971,2628,200a57d551bb810a1156fd3c8516ae9599e69d95ef013a757438ddb89db2e744,1
train/images/20240216_164904_jpg.rf.r5jk0honhAg2Rr4YcGhK.jpg,train,20240216_164904_jpg,img_98aba719213e9b1d8fea,1561,1809,7c47d90f64f1cfdd2140e5331a7eef18d21dd6eecf7d0e9572778d6d2cc33c18,1
train/images/20240216_165641_jpg.rf.qRkviaOnoXzqC5qnqzxl.jpg,train,20240216_165641_jpg,img_61b865705fb1eae19219,1444,1925,d35c4faf0f9e3626258ac6be719501852ed1a7a11fa45290e2950160f4a497ba,1
train/images/20240216_165642_jpg.rf.Y8NgWCaCd0w2inVziWdu.jpg,train,20240216_165642_jpg,img_3e2be16c09363575229c,1574,2099,f984bb8810d36e69b6fe7c014ee5f70bbf7cc7b6dc5db41221e7461d38503ae5,1
train/images/20240216_165740_jpg.rf.H9h5NKhUEF5UPBhzyAH0.jpg,train,20240216_165740_jpg,img_a742f3c8ad79a8c4b6bb,962,1282,4b7028772ac39f14e9b4cc240f37b6b9390a714700b0616160b14e0e463591c4,1
train/images/20240216_171012_jpg.rf.XdEcv9zn7HtAYkQdNaV9.jpg,train,20240216_171012_jpg,img_c1d25a87f8b99e33bb08,1453,1938,52b25aec24188c282a44a8d07a8904d5a769aea6a0d9903738249c64c4b25e63,1
train/images/20240216_171155_jpg.rf.VHyKzDHHCkk4zdeVf0rZ.jpg,train,20240216_171155_jpg,img_7a45f055b55f65c46d7b,521,695,a0d9a6c5b468d77c6e1911e23b616e973f8f2f9832dd71f2947f126f4b067a21,1
train/images/20240216_171224_jpg.rf.RlcNb6UFMDjsOyysaPlT.jpg,train,20240216_171224_jpg,img_99f716cf74f50dcfc701,1063,1417,ba0300362e833cecc3ad8244641a1524b41ebedda7811f9c05acd31036649fd2,1
train/images/20240216_171231_jpg.rf.dGXcFp4lMfjHmL4WSmJG.jpg,train,20240216_171231_jpg,img_8ec3bffdeff3010b8261,1847,2009,04c84de9ece187f46276109d42506469386e44bae07ea32dd078f37b51c6e68c,1
train/images/20240216_171454_jpg.rf.8dEeePhrymc8pOxyLTAr.jpg,train,20240216_171454_jpg,img_68c555cd78704520a8b0,1423,1672,8cc0180d6a23457bec3755807eb9267bbba0045bacdef03ac4b81956c7743f20,1
train/images/20240216_171547_jpg.rf.ifBj5mckeUym3InPGHrt.jpg,train,20240216_171547_jpg,img_123de1a0cdb655484bd9,1205,1606,6ca94d53ce6c2716a3c138f27fd688b2cd84057809da110bbaad4d7d8817062b,1
train/images/20240216_171704_jpg.rf.u2rcR7ySiEytPjVJFg74.jpg,train,20240216_171704_jpg,img_7a96c36728b745b0facb,1585,2113,f464ffa8f0391ddf277a0b97d09558edae22a68243c4205da447f426c03c5333,1
train/images/20240216_171718_jpg.rf.uoOdcYuzdkDkWMAZJDqn.jpg,train,20240216_171718_jpg,img_c05766f1655436ebd654,1351,1801,61308ae831ffbd3ef61a421751ff185e0ae92ff3e8cc5d61035a21639d7e1d19,1
train/images/20240216_171729_jpg.rf.DXMb8VCTJH23GQyS85D3.jpg,train,20240216_171729_jpg,img_df82d7d329dfb0ba885d,761,1015,ef76e96d155268f0b419c0e6dd2bd3712e38ed3ac0e5c8f60234a3b240d24db9,1
train/images/20240216_183802_jpg.rf.cVPiu3WeOBWpbCH8WHdx.jpg,train,20240216_183802_jpg,img_2e3d12a34ca5845b8891,825,1100,1719f149d4276a862456eef0740a7c19e0ea1d7af15605627fb18faa37bbbe1d,1
train/images/20240216_202427_jpg.rf.dEf8scikERAb32dkVGDl.jpg,train,20240216_202427_jpg,img_148456e4dcbec02ab08c,1648,2085,59d5f363583fca00e9639aadefabb7954487bbd12137143579420c4b4487fff7,1
train/images/20240216_202510_jpg.rf.Na8W3dGpEplPmL6CKoap.jpg,train,20240216_202510_jpg,img_97a3f0b7d466ec27af02,1541,2054,539d078edf26bfdebbe2d60c924f247afae4e1ce4305ee20632acde349e910a5,1
train/images/20240216_202812_jpg.rf.3w33rzMemd2TOkcQ0fnu.jpg,train,20240216_202812_jpg,img_15136d1115f7ef656f84,1313,1751,179942f61297d9f13d37315c910c4dbf38f2d6a43580b1ed5cb88a12fa0f9386,1
train/images/20240216_205538_jpg.rf.dCU7Jof009NamdsuIwi0.jpg,train,20240216_205538_jpg,img_b4a7f6bb82a8d7e0cd7c,1705,2274,87acd32d734fa76f94cf3b82be471f772e5ec86d7c637a64810d8df956ba36b5,1
train/images/20240216_212835_jpg.rf.pyTi7xkqPiYfH8WqEpjQ.jpg,train,20240216_212835_jpg,img_a39563b9d32491d7e2d3,1541,2054,bccec93802c74c654d2470ea03f39f116ce113f421e0d1ad730ecc7b04f47b83,1
train/images/20240216_213055_jpg.rf.BbDm1iqHUHHGYPr0xE7t.jpg,train,20240216_213055_jpg,img_2a5e35a251472db592dc,1847,2462,5f14b1b52f4591496ddd19232690aefa97aa5226afe05183f4deff219ee1b3d7,1
train/images/20240216_213246_jpg.rf.9LkocoN0ymQvwiOcDc9R.jpg,train,20240216_213246_jpg,img_1356f459a806f753ac33,1574,2099,3832ab7b247e650124a8ac7233d863704f76b25bd2a4bb6d9d8a63c92786c381,1
train/images/20240216_213517_jpg.rf.dsU2UPypICHYMVFd1rwS.jpg,train,20240216_213517_jpg,img_1031fae389342bc5c38e,2014,2685,57c546d266cb6396247ab6e4f61a868e5014e5e8c40d8828fd492acdad320125,1
train/images/20240216_213539_jpg.rf.tczSInpMX3HfsdM7syS1.jpg,train,20240216_213539_jpg,img_9d1b8d9112f1ef603e8a,2957,3233,0ad85871f3bed99d5e099999549fa4555811ebd4afba6fa7fe942aed90db604e,1
train/images/20240216_213545_jpg.rf.YGtIhIIDCcU45T8Oo7tU.jpg,train,20240216_213545_jpg,img_a0b9fa52d998c172c5e2,1990,1668,36a87d54b7a8b55ac5ecfee716078defe3aa8871d9f7fcb7b4da3d70d3948188,1
train/images/20240216_213753_jpg.rf.dGnLckbpCMg2umpyGOP8.jpg,train,20240216_213753_jpg,img_1e486d454d8796040100,2014,2685,fb3d64b2542cda85688c7215e18dd36529c572a56b09448b0424d5ffc7abccd2,1
train/images/20240216_213800_jpg.rf.xq9VhQMt2v0oeXjdhtzP.jpg,train,20240216_213800_jpg,img_9d84f3d3bf104aabc2c7,1564,2085,b0572b3870dc5a749a225f2f12b209c404bde1a8fbe6a5a05dc0a0a76cd904e3,1
train/images/20240218_145207_jpg.rf.xSoxxKMiclH5ctkdxqRz.jpg,train,20240218_145207_jpg,img_7c8e256f43c92c3040a2,1705,2273,4919575b12432600e533da7034448bdc9127bf85aee333cb408799779132ecd3,1
train/images/20240218_145810_jpg.rf.I8uuHhiITNz4bZsWbsdd.jpg,train,20240218_145810_jpg,img_b49f36d2f4440e49a9dd,1716,2289,5f5f993512125ce219ba7ed63d34e37a9443d695648d11decae2dc98d4250e1a,1
train/images/20240218_145821_jpg.rf.8KuIqmlKofeztp8g6mIz.jpg,train,20240218_145821_jpg,img_3736ac215fa80cb067e6,1453,1938,406a2eba055b4297cef2b829755349403f5d557c41dd6dc9419fb335a4a24e60,1
train/images/20240218_145843_jpg.rf.xJIZcv0Tuatv3eYpyoq1.jpg,train,20240218_145843_jpg,img_f22309c0081819f4ebbb,1716,2289,f278958b3a388467e6b61266e5fcfeb762036f1b0e6c4991fb6542dd83145d59,1
train/images/20240218_150356_jpg.rf.ZYsLKSscs3OwSmR7T0bK.jpg,train,20240218_150356_jpg,img_b16b30fbcd3b1fb991b4,2521,2216,6d6eb563d3a4fcb796940f0a8f6b7711905844e8358a02c81b4d227002b7db06,2
train/images/20240218_1508131_jpg.rf.p9aVVLQVellxWvFvTffz.jpg,train,20240218_1508131_jpg,img_3707a9bd3fe647ca6c9f,766,704,4ef0df36aef6f437f8cd7af01b3b9b1e170f13aba00d4d4cdd368babd770210d,1
train/images/20240218_150925_jpg.rf.O3H2DjT1AFu48pTBdVIf.jpg,train,20240218_150925_jpg,img_81ced14b1568fc2068a5,1574,2099,a34d7fc9e863866410b48f6e25b0f34d66c4529e93a42d1b785877460e606060,1
train/images/20240218_151129_jpg.rf.7zcF39kqxE5KGAU222Nk.jpg,train,20240218_151129_jpg,img_42a397368f059f338825,2402,2510,42e8e39ddcfbce4a811de4352a55f9f9aa27770642d116dcd0f892ab3fd46615,2
train/images/20240218_152751_jpg.rf.sWkfBqsdG0hq5PGq3BEX.jpg,train,20240218_152751_jpg,img_515be2674ac9cba58e47,2854,1893,d9e4e1c3badd0ddfc6c258d94ed4243614f552c994be5b69ca7b92a4985eb122,1
train/images/20240218_152856_jpg.rf.MN55CSjY0dFwjOCMFNyF.jpg,train,20240218_152856_jpg,img_389d3c93b6bf2f504410,1581,1061,c71907ee436d8c310d1df9ee99761f9f8dd02a49677520d39f5bcbe50e37564d,1
train/images/20240218_153041_jpg.rf.cjgonPmPxeB03QkOYPIo.jpg,train,20240218_153041_jpg,img_ba11eeb6d8808ea27b2c,2250,2134,7f3a50df3f6c74c026475bde4c0108d8ab92b19bb603b966f7e2c8e6c8237601,1
train/images/20240218_153356_jpg.rf.pyUNsguOnmwZYlzhY2ID.jpg,train,20240218_153356_jpg,img_e6d939a15d810076447f,2346,2742,94b3cce80215c0d3d242837c7d088d1ed42dfa3dac030901e1c4e5a831e0880a,2
train/images/20240218_153717_jpg.rf.TZ6mVSNBPdTKMXwr76Se.jpg,train,20240218_153717_jpg,img_4350ffc43923a77d9465,1705,2273,a21fbe5daa5d66f96e1e49dfea5d1d55ff04006b81e177eede93f596180b0035,1
train/images/20240218_155136_jpg.rf.6aGOxzUn2uC1jjXPNKlI.jpg,train,20240218_155136_jpg,img_238e2e393587939f9eb7,1239,1652,ac6822b1649af44fc772aad6da1e63bac1ef734d304f7ce3d6698f58a3046ec2,1
train/images/20240218_155259_jpg.rf.qGUC7kohiNqFCZ4DcYqu.jpg,train,20240218_155259_jpg,img_fd75dd688b79b2f90685,2014,2685,ea76bf2700198931589ef39224944dad4510b03ec8510ad568297a0d3a088c5e,1
train/images/20240218_155359_jpg.rf.592hykF78O5UHt3DorrI.jpg,train,20240218_155359_jpg,img_cc071d9a64bd32406096,2592,2521,b95046d357d4421d991a2ff52f94a89915a949c2cc73c2b78ff54307b5ef0ecd,1
train/images/20240218_155414_jpg.rf.i7U6pLFpIXpx16YttvXb.jpg,train,20240218_155414_jpg,img_55eeb166c10f1b1faddd,2099,2685,8f6dd86129448852f0218b21dcd3ac282501afddf1098038a0300ef125782dfb,1
train/images/20240218_155435_jpg.rf.C6UyzPYTZosP6wSXtl4g.jpg,train,20240218_155435_jpg,img_7704363025982be916a7,1351,1801,97c5ef66ef99d015dfb62ed4183c12f0b31b9cba14c5c8f88c34224ae3dc704b,1
train/images/20240218_155443_jpg.rf.fWsq4a7jg0UbHP0Pjllf.jpg,train,20240218_155443_jpg,img_e9c3150bc6f2c2fb47b7,1959,2613,c5e49553a7d9136f92d6994c4996f915f9fca04de2b783b57ad6fe1df2149f44,1
train/images/20240218_155505_jpg.rf.2HN8C9pZT9hAK4Y7snQS.jpg,train,20240218_155505_jpg,img_c9df015dd5509aad0c11,1351,1801,e2e07ea5f6809bf23507e1e30588b1c28d1fc6b6310ac9f10157b358e853e2dd,1
train/images/20240218_155507_jpg.rf.adSGN6SZ6SAIeh0b3VCE.jpg,train,20240218_155507_jpg,img_7e2e12becb517bdbbfec,900,1200,a55a873c9a7bbef0023df39996f0db75f2cee8ddde88ea0299108d378bdf68d2,1
train/images/20240218_155513_jpg.rf.6cVElqFsMB2QanFRIJ4a.jpg,train,20240218_155513_jpg,img_685d51032f8f38434189,1585,2113,87745675961a27358762050fae57840f3e088a0db7c2eeecaba132554a0f7ae6,1
train/images/20240218_155520_jpg.rf.6Oq3YqDOx22dFagqXs3w.jpg,train,20240218_155520_jpg,img_30e557d64af2e5a33437,1453,1938,b35c461e9e4793c119bb6b5c8de478f5dfbdaa031d99e13175b0fb735c1e9823,1
train/images/20240218_155632_jpg.rf.cdfoyS8xEXOeZj8Fufvw.jpg,train,20240218_155632_jpg,img_b7e114afc2a46ec5fbe3,1101,1468,040febd66891d43be70834587f385569b74a227055abda171bfa8e86eede7ee0,1
train/images/20240218_155658_jpg.rf.sYGDEKXTSZDPpeOQ94th.jpg,train,20240218_155658_jpg,img_5a1c7d6ac020dc4b54ee,1847,2462,b84869e99162de37d0bc63bf2b6a7ea49314626af60f2a5929a78697b6a71bff,1
train/images/20240218_155812_jpg.rf.DElB6AqYO6QkNgTbajsG.jpg,train,20240218_155812_jpg,img_ac29e5a9838e2c8863bc,1247,1663,2597171c11a754c29262a0b71542a2a452d7817c49c19b1e8d3d2f0783a265eb,1
train/images/20240218_155930_jpg.rf.XXlTQG0GsqmvNegSCqjH.jpg,train,20240218_155930_jpg,img_1f97fdaf32ddcb2377d9,2035,2175,c94655ff7bffaf642d22a0acd0eaf9520336d46eda8d61ebed423583f95b3904,1
train/images/20240218_155950_jpg.rf.CkGmqMH6gufM2ciPwIte.jpg,train,20240218_155950_jpg,img_ca746f7c176b1fbc0586,1869,2470,7b62d237eee90c16c9c6dc2570f568e28fa97b0bb78561451f7bbe8080c4ce9b,1
train/images/20240218_155955_jpg.rf.7OYlmwvQLTR1UVTuzJmz.jpg,train,20240218_155955_jpg,img_2ebf39261f22108c55ec,1834,2446,d20c8bfd04d94fc9140998bb79327855190bdca643cec2034693bf778179274d,1
train/images/20240218_155959_jpg.rf.fj6P0J6yQ3nseYrVRV2E.jpg,train,20240218_155959_jpg,img_bf3f7882a2003790f359,2596,2866,04a9553fba4d2a356df12dee4465bd9f87dc5c241ebfc3ecac8cb96f9bb03e8a,1
train/images/20240218_160105_jpg.rf.gXDEqsZG5HwDB1K0brs1.jpg,train,20240218_160105_jpg,img_f3b26b80c5dcd9de84ee,2008,1890,59751f71b6aa73afd2dc32d94d2d8b06bd3bddde336eb57b2f9738423a4823b1,1
train/images/20240218_160208_jpg.rf.U993IrKMu6SjqQnENa5F.jpg,train,20240218_160208_jpg,img_04cdde4f1d3435f9e6ca,1643,1942,c7d2f53a1b862f29badb6af8ff2d0cd4dd2b3e720c63048aed1aa889572abf4b,1
train/images/20240218_160210_jpg.rf.7CPCYDrVVTQPfkqqGw8l.jpg,train,20240218_160210_jpg,img_5eb0405c4e29ea9d3dc3,1703,2460,e6e23acfe600daae3526b3249191bcb984cf4f8e0036c8b6b4bda18022b8eb36,1
train/images/20240218_160322_jpg.rf.rxtMxJbskmwqyYt5I4c5.jpg,train,20240218_160322_jpg,img_4fc137a7e8ee0137509b,1886,1759,a9bdd364b0c47f49cd393a3c9bab381567e5bab3d95d849eca68da4c4c2e1326,1
train/images/20240218_160327_jpg.rf.qjOoVUjV0Vjq9FVb3dah.jpg,train,20240218_160327_jpg,img_e89a770bbc64a26f5e71,2144,1914,a25dfb0db0a3434d344e4b0120c55e2ee18e8da232bb32a54c5d541ae0299c62,1
train/images/20240218_160411_jpg.rf.3Frc2xZwU3Qw0vsuQV9h.jpg,train,20240218_160411_jpg,img_432ba8bbe20fb2fbc244,1629,2004,2587d7d2921e5a2752e1b7bf75467bdcc9d22a333a8b29bbc1383ee8b0f65d74,1
train/images/20240218_160426_jpg.rf.9G25jWb1jdg3WdrEacfV.jpg,train,20240218_160426_jpg,img_ce7933e6aca9e25d11ea,2779,3022,076b878b36c902db6755a9d1ba63496a3900ac0687f94488ae468daf7f626a4c,1
train/images/20240218_160552_jpg.rf.iDl74kxl7eTSZ3eGe84R.jpg,train,20240218_160552_jpg,img_1801530560e5806071ae,1847,2462,77ae6c33d7b09723a0f8f79e8130e7ef531ef9ba4bde6c7a9d7d6e122bd65a9a,1
train/images/20240218_160809_jpg.rf.YTHBeIvvGVyE3icFTRd5.jpg,train,20240218_160809_jpg,img_6e78233f282f42eaf33a,2362,3149,c6a1a11f21dbb8e20e8a3a4c6f7c38aaee81b97077ffc331e1bc53cd02df5354,1
train/images/20240218_160838_jpg.rf.WinyTOB2i4wTMLCMCn6d.jpg,train,20240218_160838_jpg,img_c1da6b97b336c08613f4,2171,2910,425568d84db92c2b1d6f90065aff885b919a99892d85ff9ca781e82ee2eeafc3,1
train/images/20240218_160915_jpg.rf.ds8xOIfodsVetHNKoM42.jpg,train,20240218_160915_jpg,img_a513983e080c66df14b0,2000,2667,4bac572b8736096c181d5336eca650101420aafb4a055acd20a92af730bf36f7,1
train/images/20240218_160953_jpg.rf.kiDDLsrH8B5IWlEGnqty.jpg,train,20240218_160953_jpg,img_5b60d6efd548878fcead,1971,2628,f7981d9643b098fae4880cdb965df4af9834c3ef6db958ea138e5cb8f275f821,1
train/images/20240218_161005_jpg.rf.lPB1x2CTLI1IdRZ2dTIa.jpg,train,20240218_161005_jpg,img_d5627f5d2c5d321cdc11,1705,2273,bffdd8d3db25d19e3ceec1c95118daf59ba0dc95f4a7727f8fdaaa423a04d544,1
train/images/20240218_161029_jpg.rf.6HQt7hITjvk3g8oFu2a5.jpg,train,20240218_161029_jpg,img_e6756a627fbe9743ccbe,3000,2898,d95d098a5b52a669dc8273dfe7dbaf107294a60715fdc700a37885f35b94f0cb,1
train/images/20240218_161100_jpg.rf.oCvcu9wnUoC02ImCZQmF.jpg,train,20240218_161100_jpg,img_d3673b7b1bea9676fe5b,1820,2426,fd57290c1469d2547c5ee54b0beadcc2d312406a3a1de8e61ee9bc5dd6722e5f,1
train/images/20240218_161112_jpg.rf.NlCdsFrMmVnBirNG4QjL.jpg,train,20240218_161112_jpg,img_fa86ad9c0e7e9f353680,2181,2908,ef906607dab6cdeed2f240c2a5723f43e035e90f94f4dce62fdc863a77f6668f,1
train/images/20240218_161118_jpg.rf.W9S1ULronSQ8cbVK1tYL.jpg,train,20240218_161118_jpg,img_655a2bd03e0ffcf228a1,1680,2240,f8e26d517d1e1a4ca3ec275c15ac5e7264952dd18be5752a12b41bb1ed6a3df3,1
train/images/20240218_161222_jpg.rf.F1tdWEws7LkhcAmRR0b4.jpg,train,20240218_161222_jpg,img_3975549fe280393c0e3d,1574,2099,09a1410df5b4458fa66b67225d48c1f0299ca8374ede6214b13b5aef1682fe3a,1
train/images/20240218_161227_jpg.rf.1oLZc6QtgFHtSfdCwMHm.jpg,train,20240218_161227_jpg,img_0dbec86db270dd1cb97b,2014,2685,bc38345be888c1683bb51d127524ce1a3060267a5701e363688c37eb71cacde3,1
train/images/20240218_161230_jpg.rf.4LzQkwErB1rXVnVMetcN.jpg,train,20240218_161230_jpg,img_ca639849d455ba7becbe,2000,2667,e3ef8cc30901b9853d0bf4a9ba55b12cf73babe8ee14770d21d7b0613127cfee,1
train/images/20240218_161247_jpg.rf.aBekwxRulyNNzeVvutcc.jpg,train,20240218_161247_jpg,img_7f03a0588c9cfa13d422,1574,2099,c00a74369f7f7cea11f967f13fa94659c5f6706bf550fd73fe7d171f565ac922,1
train/images/20240218_161423_jpg.rf.BZ4XwddUTaJvjzSNVppv.jpg,train,20240218_161423_jpg,img_8b3e7e95db06a684d3b8,2811,2770,bb44c23a41141a7a4237ea533d9288abd18f6b773d9c59e5635fa7edbceaa3ea,1
train/images/20240218_161456_jpg.rf.hxfJjH1UcqtVU6SGWW6k.jpg,train,20240218_161456_jpg,img_e39c2e1b1c594207740c,1716,2289,656d9cd27c68d20f2f7300d00441dffd38e941d80f40b649a19ea51099a74955,1
train/images/20240218_161514_jpg.rf.GPl98z2yMOxxbwqtHv1i.jpg,train,20240218_161514_jpg,img_726fad6d433ca0a85044,1585,2113,0c43d8ee751bf1a4197f40499105f3d08b2f8222cd8f3b0cd376c5311218e70c,1
train/images/20240218_161850_jpg.rf.LyjOSrJEXa6jPIhUW13S.jpg,train,20240218_161850_jpg,img_cbbaee6c0009fdd59946,3000,2679,416aff05486a921bf0602cf5a041a51bac7fad559d931ff9641ea32b497f7992,1
train/images/20240218_161856_jpg.rf.GAxDDH3U99nt3YnHexJp.jpg,train,20240218_161856_jpg,img_ce4ef446590a14262db2,2992,2822,9593ccc8ea0fc0580b8f72ae60891466c4544d9f7490bac4195be3d66e40403d,2
train/images/20240218_161954_jpg.rf.AmNHHKl4ybqJSW5mfMK4.jpg,train,20240218_161954_jpg,img_177b40f54f71748f1181,1922,2776,40fa152e13d4aec1042343cc6e745a770f25f1dd3f8d3697392f715d40d7c0b8,1
train/images/20240218_162022_jpg.rf.nmcNPcUfcTHZMYJ6vBsc.jpg,train,20240218_162022_jpg,img_8b91e85fec835af5e84a,2890,2910,bdec720fb8d8e84039a212699faa2cd7a72a77aa5ed8a6f74c50b9f65f6b8585,1
train/images/20240218_162058_jpg.rf.CaKywCKwNLZJm4xAWdQW.jpg,train,20240218_162058_jpg,img_0367ef7ed6d3063e787a,2223,2882,54df34f682dd1e4f07b9bf9e16427c744b60450ccf7faa6682419b7cfa07cb1e,1
train/images/20240218_162103_jpg.rf.uxnhxqg3wpWCmAw3VhIk.jpg,train,20240218_162103_jpg,img_259cd5b4092313646bbf,1859,2479,8cb5bb3df4852364415ae4118a6f564172b722cb979892520e17ec45e6bcbd47,1
train/images/20240218_162208_jpg.rf.YBWXLh4uFBwlaDgs4o9U.jpg,train,20240218_162208_jpg,img_e25fea32e3a0d7d07ec5,1705,2273,ab808d77037fdd768c31259019682c0d57b7c515972e1127ac5de0f489fff03b,1
train/images/20240218_162340_jpg.rf.nbkp0AWBs9xM8N5ADznw.jpg,train,20240218_162340_jpg,img_b1ec4a1b14a71f3d4aed,1463,1951,1fbf24f876245f70e8e10861f533dbfb64a3e8704385519b0e5b6022b7e8d7d0,1
train/images/20240218_162645_jpg.rf.FTz0MTUzsAcYAOakMasE.jpg,train,20240218_162645_jpg,img_00206a942af81fe06c2c,1859,2479,6146022e451053ba2b5245348cc3498d20340cabb14b1b77cba92394c4bd51ec,1
train/images/20240218_162651_jpg.rf.NeWed5yKddYqeURNFqPG.jpg,train,20240218_162651_jpg,img_d8f97e47021507bc6ef1,1574,2099,f01d88bafc05ee1bf1b65cb068b85ddb884c1d7c40b6695c92bfaf2523721109,1
train/images/20240218_162756_jpg.rf.vk1szglt7l5y2cRakfaW.jpg,train,20240218_162756_jpg,img_afb04e94211ef932a852,1859,2479,6011a4f4df030f9409a0a5b58327809229cbff598d820dabfd1cea63f13c0db0,1
train/images/20240218_163042_jpg.rf.JWIZw8kQajxawrN67uh8.jpg,train,20240218_163042_jpg,img_b1e9ba43f29e3eafb952,1664,1147,022d07ae514ebeaf5e5685b61e35090462889fd80ef6c37c7112d33d15c4fbbc,1
train/images/20240218_171038_jpg.rf.6rBoB1E8wTxe9oayeyv5.jpg,train,20240218_171038_jpg,img_96200dc8c41e4614596c,2452,2606,73d0e2519d68494529e8f4174156fd7b9c7483cd4e3229d0e47a4216b1f6ce1a,1
train/images/20240218_171200_jpg.rf.NHVudLmyU0sHyxUuq3H7.jpg,train,20240218_171200_jpg,img_4a302c6781ee5eb4b120,1648,2146,00440e4b70e14925ff149587ef4217133e4034eeb3b4c483c58dbb5665ab7659,1
train/images/20240218_171217_jpg.rf.3Wz8Dz9u4hZB1GvANj74.jpg,train,20240218_171217_jpg,img_50398503648a89d4d7b1,1453,1938,2da3b3723cb0425180b23483d00a003367f9f2c78c659b7acd11102bcb322f50,3
train/images/20240218_171401_jpg.rf.0wQJ3SrpxLpDRDbN7Fkl.jpg,train,20240218_171401_jpg,img_dbd501072e95c2e144d9,2181,2908,07fc73c091f9532ff7a84182adc31a6efc8cfab6f353572fcc6f6131ee4c5c88,1
train/images/20240218_171408_jpg.rf.cW2Z5KMd7Zon0DKWNc42.jpg,train,20240218_171408_jpg,img_7943a8efee3b5d23b1f5,2181,2908,47a1eedd5d290e8aa93f996cee17b8e404a0db5e7cbf859197993f45dc30ace9,1
train/images/20240218_171416_jpg.rf.nli5DWdPPWdXlX0XfAbD.jpg,train,20240218_171416_jpg,img_c9b2ba9be4f5fd799c58,2431,2228,bba0c0b7b9016a93cace1cc7f21e68886e2780180cb12b20d5763d8a65a4f8d1,1
train/images/20240218_171424_jpg.rf.KvRMBUBMKKm9IPq5UxIU.jpg,train,20240218_171424_jpg,img_485639edbc08ca628324,2659,2609,2624bc203ac3c3f41b0a4ad8cd3e168c1c747e4e1c7c6ca2e4e0f0cbeaae58f0,1
train/images/20240218_171542_jpg.rf.Y4pHIYYtDWVkI63T2TDt.jpg,train,20240218_171542_jpg,img_ff09a0b6179f0430767c,2625,2283,cfd25ac81cf2ad8a576989acff545d13bcd507e68345b18590dc52fec08f9802,1
train/images/20240218_171957_jpg.rf.yNaS8bVffFzajhhPgB0t.jpg,train,20240218_171957_jpg,img_9a6fbed2e8933a59c8a1,2038,1930,e16e97a7983c33a7c15d211cf30e463cd00c5e83233f00cbf185ac8a890d0584,1
train/images/20240218_172017_jpg.rf.6ZWvwYIvnOMRnqvtvmxD.jpg,train,20240218_172017_jpg,img_8b4b57a59f76233dabb6,2188,1791,a958ea412cc6caf57b56e98cbb275f0b782b4da717ab55dd3074fd83d6679994,1
train/images/20240218_172132_jpg.rf.vZbtPWGtiEnGTSPDiFFS.jpg,train,20240218_172132_jpg,img_cdbbe9ae5785243cfc89,2936,2668,6e3420b1ac62e45b6087dcd10a967002f97c1e8a7dc0fff7a686f38f99e626f4,1
train/images/20240218_172136_jpg.rf.CZmez6Wixgchh7QzssYN.jpg,train,20240218_172136_jpg,img_c8d7b9576c8c7553a3eb,1574,2099,84c038e8c3f3129003249f5044077e2be27228e6a33189bde4874b27ed547763,1
train/images/20240218_172251_jpg.rf.yj2bB5uW8MJMLAkjh6WR.jpg,train,20240218_172251_jpg,img_a87db1ceb616355056b2,2029,1624,f11c6b35e7293ae5ba7758647acd909021ffc12db7b96236171f43cec3729807,1
train/images/20240218_172325_jpg.rf.8pqOocBK4yR8YID8sLFo.jpg,train,20240218_172325_jpg,img_7887a71791bb4fb404d1,2215,3068,36ef5f922e1ced77712c4a5843caf9b6b2dce253e09d68d5682d1f30db9f189c,1
train/images/20240218_172427_jpg.rf.FOX0sRywVeJTT1usCp6O.jpg,train,20240218_172427_jpg,img_5784dafb3c2d2e8729d2,2051,2125,b66c13c1dfd168a26ba18db1a10b75ebce4d7d150dd01692f3a0d0be6ccbeda8,1
train/images/20240218_172432_jpg.rf.74pXdSz6uPEZcUvMVALf.jpg,train,20240218_172432_jpg,img_1de0495005660e1cc480,2212,2212,1913cfed714f7317b692f6805921da333cb5299e5ddca828a313c68ed6bda9cb,1
train/images/20240218_172532_jpg.rf.vt3TdYZm8JtgLZMPmgE5.jpg,train,20240218_172532_jpg,img_f5ca799f7da958f55fec,2273,2478,7355e4c39d03e4b8fabf9b2d4bafdabeeb1ac5b250133de6cf96daafdf08e442,1
train/images/20240218_172556_jpg.rf.DGyAd4CQMCIrM4cepdK1.jpg,train,20240218_172556_jpg,img_9a0c79fccafcd71a4231,2181,2908,b60c55dcd1f9c2f8a5333474e866978de9381d48104cf4d54f9e968032986af8,1
train/images/20240218_172659_jpg.rf.fCvqWNhmF5kakgRC8g6H.jpg,train,20240218_172659_jpg,img_bbafe2f2b83d0948ae5f,1571,1670,1d81023ec0b5abd8d015dfb514c37d5dde5d9fc01e9d9f2bcacd94ba54d79f57,1
train/images/20240218_172703_jpg.rf.CvllVcU3VsJDGOwoNgJB.jpg,train,20240218_172703_jpg,img_fe328d38337cfa45d9d2,1837,1674,cc6be3a7732a64eddd478bb2bb4b2d2880358a72c8bf69eda17660be5584c1f4,1
train/images/20240218_172706_jpg.rf.6gjxtwIE1F6LcD9A2tDq.jpg,train,20240218_172706_jpg,img_f6948f06775e49397c05,1453,1938,975cb0d91760c6eab23557441c792c6bada6dbc42460327e2af3c197e02aa885,1
train/images/20240218_172740_jpg.rf.t3Cyugg2oFKyrC7MwfNT.jpg,train,20240218_172740_jpg,img_ac10499ad77fbfc9538f,1333,1777,9d764553353de4599d84e5e83f709b8a6922f1ef1a713e35b3c6dacc5b177411,1
train/images/20240218_172847_jpg.rf.qi0xlpYctLBpogtyZ4bb.jpg,train,20240218_172847_jpg,img_19762c3ba978ae6da305,933,1244,3651d41ba53230d97b9c94b8ac568cc9ca3aaf5c4efa79aefabf17d1718bba5e,1
train/images/20240218_172857_jpg.rf.iCshko1sRUOVqAJLY3RL.jpg,train,20240218_172857_jpg,img_509b729987fba2a128d6,1127,1299,3515fb23d23b9a5cc015a90cf79c3f71df342afbcdc6df24b62020557025fd0c,1
train/images/20240218_173241_jpg.rf.HgNyrDxwMWqJaplacJH7.jpg,train,20240218_173241_jpg,img_fd80875e4b87772d5d68,2461,2054,9967f41c264266c826e41af4e27fa8c3e9790d47d4f47b1351770f4c43a6dd38,1
train/images/20240218_173257_jpg.rf.TmGpPxxmYUqojDXf3XA5.jpg,train,20240218_173257_jpg,img_f4140f9a88c6ac8b1be8,1859,2089,83243f82ee089206d19387d5c8ef26dd60ec01910b2546b7fc59dc1362bd28d4,1
train/images/20240218_173304_jpg.rf.wztoJBBQYYmiLN6iafRg.jpg,train,20240218_173304_jpg,img_71d5334bfe32f4f98bf3,1820,1596,899d3045bdd3cf3a926487a6bb9a2c64233a3f86c7ff9557cb28a0ced70e91c3,1
train/images/20240218_173434_jpg.rf.keub9ZN3RxBGklTbAfo9.jpg,train,20240218_173434_jpg,img_1258a74aa93ed39dfd42,1112,1483,768d50e15317a024a584832498214315f7f7a586ebdad48dd51f3947ca53aa43,1
train/images/20240218_173444_jpg.rf.O5YvFjaDmIj3KySMcwd7.jpg,train,20240218_173444_jpg,img_a22ac0447be92a6de062,2455,2147,8e39e7006d4fc289511a84c5e646a156900dfd0eca170f2a00abb172df78ddb6,1
train/images/20240218_173522_jpg.rf.4qpHXrWPTwbhSLSwd6M6.jpg,train,20240218_173522_jpg,img_014d6c50405a62a37d29,1376,1351,2ac501c15c346e629b5a6918d4a1e1205238f5c75906caef50eadb27113caba2,1
train/images/20240218_173542_jpg.rf.u9uu4tyvKtSkjgsH39R6.jpg,train,20240218_173542_jpg,img_b8dea6dc3112fe3e99cb,2675,2703,6386c653f4dd152150b3418046b2b3e2333cfd193de53645befd3538a7e93bba,1
train/images/20240218_173633_jpg.rf.tVpH7HzvePmttqYIVmPf.jpg,train,20240218_173633_jpg,img_e39ce773817a5df7072c,2189,2059,01e82014ac8f63596a9477f9b7139e838b77f9c93005e323cb01876176f7bf26,1
train/images/20240218_173642_jpg.rf.xIqvpfuf3XcUql1Xk8UV.jpg,train,20240218_173642_jpg,img_af5fd10dc98f48479b75,1992,1847,65ed13807e50b05a7b310a7b1305c0b6e96477b66cb7c1f4ad78ed61d442b40f,1
train/images/20240218_173646_jpg.rf.L7Y24Y9BB2hIdIm5caO7.jpg,train,20240218_173646_jpg,img_888a1c800f3cb7db93f2,2093,1727,d9b245d654d1d07c10b89e09b898cffb000fcd408c8739a71f18e3b83eda772a,1
train/images/20240218_173716_jpg.rf.DdOHkIjwAaMEVntf6DLl.jpg,train,20240218_173716_jpg,img_6acd28c0900954de541b,1944,2117,a21b54f226225b846be98a1783519f93fa300db254d660e22f41c7ee4387c679,1
train/images/20240218_173721_jpg.rf.wGAec0pIHB4efJrNM1QH.jpg,train,20240218_173721_jpg,img_ac5486fd5689f5f2b4e0,1841,1852,197299669e8a02e79c29be81834f19cbbd887e95411ca55345f6713b1d3bab1d,1
train/images/20240218_173733_jpg.rf.E5YT9yDKZiYCSbQVTcWw.jpg,train,20240218_173733_jpg,img_54a47064be32f450ad35,2256,2037,e9a6ab612c274e2a51ebdfd3b93fb71b41881f789821020a181e4226627990e8,1
train/images/20240218_173739_jpg.rf.CpF7O0oM7k31lv3TqirA.jpg,train,20240218_173739_jpg,img_a41ab5ad4210df270b6f,1758,2569,e02bdaf1880870e4b38920fb276bbcd7b911c13a793c30f14b4a4a23f45f31a5,1
train/images/20240218_173750_jpg.rf.K0qh2JvnjxfPz9KoGXpJ.jpg,train,20240218_173750_jpg,img_b281ba3984fc973b9dd8,2154,2746,d266fa1711b6f9a1e46bd002920f8acb70fe65d161c7db72d7ead1254381d02e,1
train/images/20240218_174015_jpg.rf.m9f45Ns6NQLssCRDcWyv.jpg,train,20240218_174015_jpg,img_458d894c3c5283522e6c,2269,2431,02aaf477b5575c94a3601ff53452dfda2b9e3d09919ba6c83141eee23853a6f2,1
train/images/20240218_174034_jpg.rf.af1NJlfWVr9suJbTJPwq.jpg,train,20240218_174034_jpg,img_5e9745af5fb74f39e034,3000,2444,9837e5be596ba1d0c5235a14be75feaa82072e1285778717500962676d4ed634,2
train/images/20240218_174050_jpg.rf.xYFyv3xpKbTBKGwTbDGw.jpg,train,20240218_174050_jpg,img_b253df351c77e98db201,1648,1808,39453f6466c82d9186713149e6fa47f8b2cdc606749b8d3decdf869f6ade03d2,1
train/images/20240218_174057_jpg.rf.orwY2PQnuZRTqfYILM6n.jpg,train,20240218_174057_jpg,img_b8240cf1207155c5e5ee,1453,1938,4e6b8a1a54f000b12716a86d954c444ed514e5a33edc250c6290ed38e92bfa93,1
train/images/20240218_174119_jpg.rf.5tD1scJFfAJ3HwnG0YSp.jpg,train,20240218_174119_jpg,img_44df2cef26ea0b4fb214,2507,2501,67d85b63112c6d5a8def46985810efe2f67c229d20e63ac9a652d9b910d07c82,1
train/images/20240218_174123_jpg.rf.YIjfcn8GMAkX8XevRqRp.jpg,train,20240218_174123_jpg,img_a76a3a55875bdb8c5750,2373,2606,f3a0c66917cc581af53704bd0534d1f8a8c050e4c758b1b470e0b556694df2d9,1
train/images/20240218_174131_jpg.rf.Z1MkUfWbdgkaMfQzDSUk.jpg,train,20240218_174131_jpg,img_ae338271c60d4fd73db4,2446,2545,bf84a09f62fa4c0cd6c8f7159e9773a3d5ed4a051b5bcfb38aef6bb4aea55aea,1
train/images/20240218_174157_jpg.rf.N1VDoi8ZrKLZcrEHuU3b.jpg,train,20240218_174157_jpg,img_ad80ae7c9adae837664b,2082,2027,c9325b858896c7b2faa23bc18689d0cc8683ee680c0c72421e1942cafd787a30,1
train/images/20240218_174206_jpg.rf.TNitBZqUbewgcHunxsfZ.jpg,train,20240218_174206_jpg,img_4bf8d40c790df93a1d2d,1928,2886,09e625fc12344a16ba8de5eac4b18bfa546e23f9b04e709b123dfe552c4ec4d7,1
train/images/20240218_174251_jpg.rf.050eNcU8bQvtiem6Z4io.jpg,train,20240218_174251_jpg,img_b79f8d4420cf42799958,1970,2232,c669c1aefb5fa0a1fc8c13e8bb5ac13d3c6b258b6de747266ed30b4c794fdc50,1
train/images/20240218_174334_jpg.rf.NhPsvLlOtHol81vc3D30.jpg,train,20240218_174334_jpg,img_e3bce9bd8502589d160c,2593,2863,e865e97162e0d0f32fe43444656df125c88b440936583cd27b817b8d127bb064,1
train/images/20240218_174400_jpg.rf.SjTnRLIbZHofyVtVcXJq.jpg,train,20240218_174400_jpg,img_d1375e67dddd06a74051,2483,2698,6f1171c67943f7cb5f127d8b8364ab8931d815a809cbf510211db7a9675cc3da,1
train/images/20240218_174403_jpg.rf.RJ5bH5WXrfMdxCDQp4eD.jpg,train,20240218_174403_jpg,img_f56c1d772798709c9d12,1980,1670,76752d7b411556859e01e82cfa9748d7fee521ab256b65a66502d9d3d6dbd2f1,1
train/images/20240218_174530_jpg.rf.NHOSNBpuVUx3wCdlAHVc.jpg,train,20240218_174530_jpg,img_27f16a024b41977f8bd0,2247,2428,40e607d1dfd78020aba98eff554a845ecc725cea24ff6a8e526b4ef25ba0c40c,1
train/images/20240218_174534_jpg.rf.a85LPRrJWqQ7QTD7WO97.jpg,train,20240218_174534_jpg,img_a08ecd9a564d78a99adb,2074,1423,b38107c55818840f4ad02683cdd92f4dbab419bc31ee4db7dbfc638bc9ae5382,2
train/images/20240218_174545_jpg.rf.Hm7Hee2xeX37mux4GTgE.jpg,train,20240218_174545_jpg,img_f38862d1162d71085e48,2397,1948,98730e3ac501ff97925578deb1455e1ff5b3115ede263af963a65d30e031e068,1
train/images/20240218_174548_jpg.rf.cvQvtIfdERtCkDvlnJQ4.jpg,train,20240218_174548_jpg,img_60065e80a5127608cecb,2209,2289,6546d7e67f92cef6e07c3910c9b54faf71f0a7ec2636220bfbe40b54f58faddf,1
train/images/20240218_174559_jpg.rf.GE6UaSsrTVC2FIFZJFTa.jpg,train,20240218_174559_jpg,img_1f94c7d79f81db76348c,2482,2715,7c2fd130cdf35219bf686bd2b2c0222dac4ddeb476891119ab3befe42fd8cec5,1
train/images/20240218_174613_jpg.rf.8Oi2lDxTnUR7ztwjwrdG.jpg,train,20240218_174613_jpg,img_79c20fcac0c21f5a010e,1642,1760,c9a9b449f4119653d88136d46628d41d1a0f7c7a03f0aaeafa114d30c03cd58f,1
train/images/20240218_174633_jpg.rf.4Sis26F42QUCUgLkk80P.jpg,train,20240218_174633_jpg,img_82b834242bb543ac5d64,2438,2327,65f1e7009ce95df14a47513569f6ee74c920747b1564ca97e0ac3ce1de2dd4cc,1
train/images/20240218_174653_jpg.rf.OLtEgvzVhHDsMKvEIIxE.jpg,train,20240218_174653_jpg,img_2630cf4925a5950cc549,2629,2994,1d62e1c63fc4d8befaf5dae95e110baeca9d71792ec162707c4e2389024152ae,1
train/images/20240218_174657_jpg.rf.xvNJDYXYk9chFV0xhRNR.jpg,train,20240218_174657_jpg,img_a26373cd9d50d970a17d,2149,2098,6bc290ea8c30649fc518d8e434720b4ad6d3b0925bc28d1ea27328a583336262,1
train/images/20240218_174703_jpg.rf.TNDfkl132i6etK90mI70.jpg,train,20240218_174703_jpg,img_15cb21716e64f5c3317b,2154,2703,9dd685c823de58b7eb1b0af66ff16684b967e0ffca3bc43015bf0c1452ce6623,1
train/images/20240218_174712_jpg.rf.o1UlktFMw3iuyywsv6Vd.jpg,train,20240218_174712_jpg,img_f712d0a1cd75e431c54d,2094,1922,268164fc1861e92bf711118e4cb3999e86927fedac45c59d4f9b5fd91d55a3c1,1
train/images/20240218_174724_jpg.rf.dXtD0NWhvM3gg2WUntq3.jpg,train,20240218_174724_jpg,img_c3f6d8891bf2cadf6234,2269,2376,8a0bc776aac4fef06310f04389096267f6ed1c30e00773265e99cf3e461cba18,1
train/images/20240218_174750_jpg.rf.RT9Prqae734JP9EAy1D8.jpg,train,20240218_174750_jpg,img_281fe0435c3e513191b6,2172,2283,416f85c9d8e02d0c77e816a9a85eee97bcc69b3ff163989cecb0ed5310a2dcd2,1
train/images/20240218_174752_jpg.rf.Ks0Il31Jrazsxoxb3Uuf.jpg,train,20240218_174752_jpg,img_835ff7d18807c0e159e3,2099,2210,286de2f33934f67650124c4a90cc8d57c0b19b1a044ddbbde1eccfa60dcc9e12,1
train/images/20240218_174808_jpg.rf.tf2UUlqAE6NkVOGRQbEy.jpg,train,20240218_174808_jpg,img_70c148947935bd53902d,1953,2393,b45dcbc1d13d4ab8244099dde17e97665818da10f255077d93836d2bdb4f6a78,1
train/images/20240218_174810_jpg.rf.3S9r58u9umOYzCr1tVZE.jpg,train,20240218_174810_jpg,img_ace032a24c35a6da069d,1651,1606,aee0c4b2f0265d909785e76f4d8c79a7968e139da9493f223587aba7e692aed4,1
train/images/20240218_174813_jpg.rf.Hy7S1KLwROC82cz1Aozy.jpg,train,20240218_174813_jpg,img_0ad9b2afc91a8b78b65d,1775,1436,f03bba028e0f47bc735df13b01b7d11a274844b444d40ef3f78a99acd41e506a,1
train/images/20240218_174837_jpg.rf.1DyrV5X6zPlixdoGD4fo.jpg,train,20240218_174837_jpg,img_da37843ec4a520207259,1342,1789,f6ec488d8b15986b508cf7efb4649d6cec17de742409b04f2971f7715b4630c8,1
train/images/20240218_174942_jpg.rf.bdd6sDMB8NS9CWS6hWhk.jpg,train,20240218_174942_jpg,img_c9c4763c1d8b7b53ae3a,1828,1938,885f2e63f4a4ba97634dc4d12a89fcdc1f82ec58f3ad7a60ccaeac257d69aa2b,1
train/images/20240218_175040_jpg.rf.3DUphl5Sk3r99pogdc0k.jpg,train,20240218_175040_jpg,img_2858859716e8bfeedcf5,1453,1938,14486a452911d1ea71ca70f6ea4910875503c89059efe5f3c285b156175bebe8,1
train/images/20240218_175117_jpg.rf.Y4MuJbZrtyBUNg9GAILI.jpg,train,20240218_175117_jpg,img_33f8937c365211ec8f37,1820,2426,3a0fefbf45f4a179698fab1f3ea94c6cffe3eac17897e47db4fe8250982eaa37,1
train/images/20240218_175206_jpg.rf.plg1Z7aRUXu8feWseAUg.jpg,train,20240218_175206_jpg,img_0b6d79331ddca9313b43,1304,1739,c2ebe08eada7f0dafb08a1b1778e0376b3e05eb224b5434d475d8dcff8ae4975,1
train/images/20240218_175254_jpg.rf.QwgvJtB0FHdVEXTmPksY.jpg,train,20240218_175254_jpg,img_573d60ae89f68c7be5bf,2331,2685,c4b5acc056082cf9ae0fe9266b5d66b359bf7cdc6c11ff288b26a937296aab25,1
train/images/20240218_175257_jpg.rf.aUZc9qHv4i7ZkynQ2Dse.jpg,train,20240218_175257_jpg,img_767c070ea53f03c88821,2854,2832,e01810707376e43f32fbb1d30b780cf5de56287739c51bcb06379e1c143947d6,1
train/images/20240218_175315_jpg.rf.LyBqILBhtiUaVK0YNKUD.jpg,train,20240218_175315_jpg,img_3c78226a55e4039c389f,2181,2729,bd7a105356ed1def39d37778c9b6e41712d8a779ec011207a2f2cb28ca95c227,1
train/images/20240218_175336_jpg.rf.M2US7q52RKIArbON0qfi.jpg,train,20240218_175336_jpg,img_d39d74ca9af1bc0f695a,1738,1665,30964f2bd1027d9d4e3c53e3b29071f63433f18262592771038c0485c1211018,1
train/images/20240218_175524_jpg.rf.lDg2VXPAgpSJYEcVk46t.jpg,train,20240218_175524_jpg,img_9d3c0b965074bb29e7bf,1585,2113,ddec0426354e1d2e5ed80499b958ce995e9a59b088b0f1c21430ab86605aeffc,2
train/images/20240218_175535_jpg.rf.o5gETv6XtHO0dqq3GwON.jpg,train,20240218_175535_jpg,img_75ca80423b3801453b87,1859,2339,c3d016d30eafaa19deb0fd699fe82326956eb874d7209c4317afe64e89cbbaf4,1
train/images/20240218_175558_jpg.rf.s4mne6qWV0vYRE9q5uJW.jpg,train,20240218_175558_jpg,img_05a0edeb0e9a06495269,1423,1545,127ea41c7c677d0cc28e92ac78c9e906c1f7d40b7280e6f67d821a1afc9536b4,1
train/images/20240218_175730_jpg.rf.4OvTYe4JREd2nOxxyUnk.jpg,train,20240218_175730_jpg,img_db21be161ff23244d7d8,1585,2113,29e7900318df06167f25a29f054207d3fce99132f0e8d04e2edb800773d330ad,1
train/images/20240218_175922_jpg.rf.79t8xhBXxLfAu9g8z8Rj.jpg,train,20240218_175922_jpg,img_c02c959b01d880446454,3000,2872,440138409768afbde7c96c8113089f6b453085717322a4ea970d1aae5df2fa03,1
train/images/20240218_180534_jpg.rf.0nbC1fl3yOZu4NZcN21y.jpg,train,20240218_180534_jpg,img_caadd9df787c575a6674,2817,3313,f2e417e2d645c0943aa8313ec841db22e467e8519e7c2eafc6df0353c124ddaa,2
train/images/20240218_181420_jpg.rf.DXk828AZExgoiDFlmoIT.jpg,train,20240218_181420_jpg,img_5db2f6005af7f0221b6b,2597,2289,bc2fd6db392752990b444eb3d1c82985e780e5994ca5c369f781c7ce166dfac5,1
train/images/20240218_192314_jpg.rf.Eir9R41tvnWXYKhf2B1p.jpg,train,20240218_192314_jpg,img_1abbc1cb70993aa8e6e2,2738,1856,81bc603ff26c122cb8a5d743da30c3aa4ad73759efe22506fee7babb8e9809e2,1
train/images/20240224_163639_jpg.rf.qdKrWz8WR20AdPKkx9yD.jpg,train,20240224_163639_jpg,img_9805ef62cb86ffe8d153,933,1244,a9aade1896b83c5faa88d8d322b3a0b23f030c0f2dc5880938dc781c367f4780,1
train/images/20240301_173601_jpg.rf.tQfljjlxmpVCcbtwqVd8.jpg,train,20240301_173601_jpg,img_4e70ddd45e8af5d71168,2584,3002,82f3354b61fe41a2cfb94ffcda045fa773f948c05b732f5b5065d35664d376bd,1
train/images/2103_png.rf.UtlI9f8a66WIo4GBZaED.png,train,2103_png,img_43b79ae16b92bdbcdd62,2178,655,c81cfce07540149a3298d61c1359a24b20b9c451f5ccb4e2abaca88d5e22922a,2
train/images/2198_png.rf.XAxTeJj1A4iwQJchE8dJ.png,train,2198_png,img_0ea131a54d11afd930c5,1062,984,2f3a12ab5db0f16df9e11566d7038515fb93e3bd9e8fed218f935036af0c8050,1
train/images/232_png.rf.GwpXQxGPPaJUV6ny8Cxu.png,train,232_png,img_3f8da801e14cd5cc2c9d,413,434,482f8e0f0f9e799e8147da7fd20afc32eb9a37ea8bc2a601916669fe212f9a7d,1
train/images/2509_png.rf.nHXQZbhn8VbV9sNpdRen.png,train,2509_png,img_8d4d992006e089f66955,473,379,3ac08ad3767330328e05c51fde9a457dc41b2e936944ee5ec4614a4f25606ef7,1
train/images/2671_png.rf.6hd8866VD88CGhCDgWCz.png,train,2671_png,img_c56ecb71df919318c2cd,670,425,cfef6aab8dffd317719af903ef2ec5b94814219b0978be7396d7b4d896c61a38,1
train/images/27_jpg.rf.8ChDfLXSqG3O8PmYHJlh.jpg,train,27_jpg,img_e75665beea2c5e7a58e5,4000,3000,00c2e3b4ec0e6aa68f39c370a41db1afd6ef3246999ee50efe71f56e50927158,1
train/images/2828_png.rf.g9d2nD4kFIy7Pd4ZWn7g.png,train,2828_png,img_2fea5db4a63f42bad4a7,1097,1088,a2ec9f228e8677798ae54d2d74dccaf70c537bb2b1e2820550882b73ef5b257d,1
train/images/291021169_386274850236807_1523150120817283926_n_jpg.rf.pwZGPq7UUUR8lArUuYiV.jpg,train,291021169_386274850236807_1523150120817283926_n_jpg,img_b454fc066c5e40254981,886,774,db2712610d67beeb1c4e2108703be98248b0737a384eac3706801e29056e3331,1
train/images/2d4dd41be749341921d9cce5180bbb93_jpg.rf.ov5JJYEn7GwUt1SEUmxb.jpg,train,2d4dd41be749341921d9cce5180bbb93_jpg,img_c8d351ca8d2c47ddab42,1080,819,b37eced9bbe5484d3bfdfc9ee1d9dfeefe45b2054985e3c60bcc0a8ad139ad27,1
train/images/3049_png.rf.XxGhqzcwqvU3jxmUDO1G.png,train,3049_png,img_4f2101a6bfcb0ee0e0bd,720,418,b5106322dc2e8d05d1e30a0b686daeeaf6450ddce0793e1bcacd3cb55eeb738a,1
train/images/3098_png.rf.yM4uYFbhcet9PXH8GtdN.png,train,3098_png,img_8da2a2c119404fec2c84,999,869,7d62d7616e5b6d5b19972c99325d3e12327785828f7564ef056ad5825fbb1c75,1
train/images/30_jpg.rf.zCE0e45iqdrgJmIAPWKu.jpg,train,30_jpg,img_62cebfe2853ba4ab525b,4000,3000,89a376291742f87dc929996fb579e4fbd0866f4a4358c7bbafb713f4794cce0c,1
train/images/3102_png.rf.Lr68UieZtfPcm5qc0vMn.png,train,3102_png,img_7d4343aaf4f7883b1764,666,368,d1af353c3aed11232fb50a081dfb62beedf2864324f202e904dcff00956f79ca,1
train/images/3158_png.rf.gQKK5JUksM2NRGEU0FL8.png,train,3158_png,img_bfe533280c86cc44e558,635,747,192dbadec0c99d8925b4e9bb219bc4fa5104d5be8c7e4ecca2514f6662907e42,1
train/images/3248_png.rf.m5sKN6b3Hx9dn8f1Va6Z.png,train,3248_png,img_4a544eb976ad7b488c87,1020,856,59bb79ee06dea07c464930be39acc93407badd946c41f5246efb189711b1658a,1
train/images/3398_png.rf.srNClX2F9f9SYGF8nZPG.png,train,3398_png,img_ebd924a1c6b702e6c208,1120,479,68b4601bc02fd30bca88d984efb47ee030d22d31fb9c2435e9b75f0ff5c69058,1
train/images/3488_png.rf.7Yn8DjWXocpkYc7YD2U0.png,train,3488_png,img_e9ab6d1d1384673c94d0,906,720,a1b6207f44211a9808ecd305674138012dec494dbb88c95aacea966f108e5a39,1
train/images/3518_png.rf.ZW0lgKLU4XHONi4jvZUM.png,train,3518_png,img_c51b40f3a9bbff5c43be,1019,838,a7155b38601913c8563400ef6e72a9c56a8433ec328aa4bb1fe76f53b57b4098,1
train/images/36_jpg.rf.imAEMHNZoYEAa6RmWXwN.jpg,train,36_jpg,img_d926997aa2b4991c729e,4000,3000,82943a0af7b2bec27d97619874ba68ce5d241d2bb8010dfb1f81417ede271a32,1
train/images/36_jpg.rf.JdCpLeZkalhiHUTbelqr.jpg,train,36_jpg,img_58d9f80d690e4a5d6cef,960,720,831f410d953fe886f6502c3e0e93bc1baf313870adc5c5dd6e3076d7e3d78017,1
train/images/3758_png.rf.IaRPomvrcam7Y8Db8aER.png,train,3758_png,img_c2c85f3035bb6db17764,1236,1222,ed782266f080aa1bec0141288d817a04cf48814ba2b3016afcf144758b77f882,1
train/images/3788_png.rf.vxKoDtKe8T16vNzYhbSp.png,train,3788_png,img_92f08cf01dd74ae83aa6,916,1251,a8e5c3f7cd4c916bef0a7921741e9e20f543b692ca2032aa36c82cade3d2d38e,1
train/images/4-Figure13-1_png.rf.shzhg2cwGQBUwuTrJfqV.png,train,4-figure13-1_png,img_97590456350b0a82c9f4,440,289,220f07e3e960e69d852425fb3ef1d3e5f85f2023da866b21fea18340fe8cd6a2,1
train/images/41_jpg.rf.tH8FPaMD8oVJJmnNHci7.jpg,train,41_jpg,img_187e632b7b74b55743d1,751,960,192d9a7fb4a5d5bec17ee0ef7a7baefbfcf7a8a27149142b413ee633955695a9,1
train/images/4264_png.rf.ChViHCQijZN6DbszzV7e.png,train,4264_png,img_3c12556983f3c4015a17,539,345,0092f6b1168227219ff68064f537f4eb174ca48dcada4942afb14d8e6272cdbc,1
train/images/42_jpg.rf.2jOGnUZ39r8wi2X398mW.jpg,train,42_jpg,img_900c1b0006368b1a693f,960,702,0f23b5fe1e81905385db45fd750159b197a4d06696beb458209d290fec6b8069,1
train/images/43_jpg.rf.FpStefzHFCePTke1IIY4.jpg,train,43_jpg,img_ab7191b4341f26c13900,4000,3000,6ffe2176ece13fffe960a8ea22de9c805b9f25392badca658bf143ad86738d7e,1
train/images/43_jpg.rf.XyxtQnPvR1By1hECUGlV.jpg,train,43_jpg,img_783abcd17eb3bcfdaf8f,960,707,eb3395652edffb9582f55b64253327d4f5a93f534782a3bcf319997c510bd266,1
train/images/4453_png.rf.8520Nd9Fqv4EWvscXHbH.png,train,4453_png,img_b7440f5b27c2fa8f8b42,761,548,6005e7b7ea37d61fadb62d3858856b1e4164a7b9c7f757333c4642562c43f05e,1
train/images/44_jpg.rf.ymCEjjOZqNuD9sFwpcLY.jpg,train,44_jpg,img_e0aba2d91048fda6c352,771,960,95db5081823d1c9465ae3e975046bb5e59d104c802dcd49f9c2ff85d45192b1c,1
train/images/4561_png.rf.TuU3Aw9tFCBhJkl3c482.png,train,4561_png,img_65b8fbd9526cb1b0de30,604,501,37774f59bf15261e4a2fbd0aeac59ef01e631ac74629aadf0a534af299862775,1
train/images/45_jpg.rf.CuyZwR80RoUpYIKYCLni.jpg,train,45_jpg,img_ebe1284fac3945f31597,720,960,a1af297b980bd2bcf0f738c519f35f00d716348d02e846c2198dbf2477427730,1
train/images/46_jpg.rf.wGcF5Oz0sXVw6D3QmENo.jpg,train,46_jpg,img_11a5972b39c568a6fe0e,960,720,c9d5d1e3ee73e63f4d8183d5081022f2c7f12d59427c81968019f0a1472e9d73,1
train/images/47_jpg.rf.NUK9zplKhHrB2WANktAO.jpg,train,47_jpg,img_ce6279c8fba8555fb26c,4000,3000,e52c958b0c7aa767e545f7ff144ce4f30cacb6399e6d8fd545e33e9906697281,1
train/images/51_jpg.rf.D0bxAfy0T20CSA8yXxL4.jpg,train,51_jpg,img_fae68441762661a590d3,960,636,cc9a983bb735b2a50bbe2a5db462ffdb94f678115f77d8e9d88a6fa7219dd389,1
train/images/5263_png.rf.nFuQEemP4QTQyrUp420D.png,train,5263_png,img_340a6f4e766b0a0060a2,717,442,077f97f932d1088c826b963652f928163684be8488bff51d4138ee8fd2c85522,1
train/images/53_jpg.rf.FV6l4iDN8cNMV5dZMthQ.jpg,train,53_jpg,img_805f02e10e4edd18a817,960,702,7fae1bd65a1d275df7cb6d3183e47c46cbc7701f9785df5f79d9eb5f33fef7a5,1
train/images/55_jpg.rf.aa16RgI5sab3KMG5SfaD.jpg,train,55_jpg,img_3a7ee692068d50c7f1c1,4000,3000,90d464546acdb4410e4c4cdd41eafbf8f49d4968e30142b788eee7c1c5d43f60,1
train/images/5678_png.rf.vAQF7mIBacmIdTdiwXB2.png,train,5678_png,img_f2697f016b7d1dc283a0,966,767,77d4bc7b7e02626c85a79a4a76131dd44090187bb4a3567f9b3707833f529f53,1
train/images/57_jpg.rf.Gf9pUkOlFRx5Gc7BW1NK.jpg,train,57_jpg,img_5fb995f31127940bf6c8,750,960,7bc1d2f8b40a045f367a4a75e404a8525ecbb98af2272355300af7484cd940f7,1
train/images/57_jpg.rf.iZRUNjIpcDXA3sxdW89i.jpg,train,57_jpg,img_b871040f966db0ba5f9c,4000,3000,9713bbec450735e6ca30a4678120f846e481b3b73267f0b6bebe88ff53959955,1
train/images/5911_png.rf.9XDpreGifAs1R6pEv4Ig.png,train,5911_png,img_22018e8569af45a75bc5,715,548,fb3dcf2cac0edadfac8a47f0d1851ef0b285b7539efbde3fa6077512d29d1b86,1
train/images/60_jpg.rf.Bp5HefAP1B6M0SVZAh02.jpg,train,60_jpg,img_3a6590f9eb0bce0ecf0a,4000,3000,20563702745786d0e1406d66d039a0c4c183ebdda3a278985a0a42cd8c2f6834,1
train/images/61_jpg.rf.z668pOGdCp6b5FlaUKfA.jpg,train,61_jpg,img_b883cef71856496c73ba,960,707,e798bf0901627524e4d8cccc717960165019458fba44f92c7fbe0bed402a260e,1
train/images/65_jpg.rf.HhSixHn3Q4uIEl1q0e9A.jpg,train,65_jpg,img_60960efe9e6427f025ac,960,684,e97a7ee60f13a5593edc728cc1bd3b4188b3abce797b8756ca56b11fbd71b87c,1
train/images/6668_png.rf.GcBDrRqdXr2VMMXlYGir.png,train,6668_png,img_7ac97a2b31a3f7adb376,372,316,d74a5b18e1c32ec59fa9552e3c341ce4b273eaf5c8d3523792dceff02591d3a6,1
train/images/6857_png.rf.SalprS4LoPtPvAjrnUMR.png,train,6857_png,img_63e58437bb915f48e6f8,543,504,b0edb7679b15dea01763da3bdad418fdb7da8aa1b8bfb78928c7f6dc351da494,1
train/images/68_jpg.rf.B50uOlKMvonuomCIiQuP.jpg,train,68_jpg,img_aab1e6d0a09503e25057,4000,3000,5383b931e1090ca7c320909fcdba23052dc32832f3dc5f50370d2702dc6e6ab3,1
train/images/6992_png.rf.fsDjLBmP5L1kV18LVC1g.png,train,6992_png,img_d9185b67da1dbb667649,1099,1086,ca69f37de214c09efc54d1534b3ffc5188a251fccd39afc69ce4f67c73b4cb1e,1
train/images/69_jpg.rf.IKlI1mZqSqCudGCQyLQ5.jpg,train,69_jpg,img_164b1e89b1acd7beaae5,4000,3000,25cbb4fe2ba2b2313382ae6c63239df8180700ee5a924ab325013b5b7c367192,1
train/images/6_jpg.rf.8QsJSOWy7EvgXPnZXgzg.jpg,train,6_jpg,img_524d521e6950f9c50196,1545,1845,906e75a9ca6d44ac9255bc34cbbf5e1e6b7add55b79d2d856e1fbf69561c50ac,1
train/images/72_jpg.rf.qTq3VkFIEc3HZXbBM4fA.jpg,train,72_jpg,img_8823800ae75df49bb778,4000,3000,8edd0551c67223d7558aa4f56eacff3d1326a27dd27f128b2e4fc8e659b66744,1
train/images/7315_png.rf.62Xmy0SKwcq7h65IsNgl.png,train,7315_png,img_7c49c89db0400e9b278d,605,640,bec7430f183331617ead589ed843700b0b790a29e3bd7005fc126b43e5886db8,1
train/images/737_png.rf.JOlGg9AvbiWB1e3D51lq.png,train,737_png,img_3c2bf0a89fd1ac53a38b,731,680,4eb39bcdac10d24da80a20f2ebce2ac32064a14b722b179825f41c5c7e93229d,1
train/images/73_jpg.rf.pqNUQluOfzF5JAWb3OCC.jpg,train,73_jpg,img_f1bec41ab12faafb06c6,4000,3000,481aa37ff524994240c9efd4d156b91250622698d2f1f793ad4b8206906ff4b7,1
train/images/74_jpg.rf.trkjaMJSZN4jsu5n4qoU.jpg,train,74_jpg,img_68e23752ab38555a6d9d,960,707,a1a38cdd4f2381df046567fa5d4a22398fe0fa6fdc2e30ebd4c902b0bcb11042,1
train/images/75_jpg.rf.Y1OukSUzCeJssXjYuwgv.jpg,train,75_jpg,img_d8017e1beb1ed655fae5,4000,3000,8ebaccbceda91e12cf85f63adb54b6017da5d48b710f65dd12b61bd25ffb4fe6,1
train/images/78_jpg.rf.D7odQmZeDbGRX2I9KIdK.jpg,train,78_jpg,img_7f0636c072b265c49b8a,960,720,2cc9f576b9da90b7e2b9c20227783b985d45cc1cce71a6ecd17bafd712525acb,1
train/images/7937_png.rf.wCCcaO55DTGTMyYFQarh.png,train,7937_png,img_d2441e4bc02c5b95b8ce,831,853,ab736d1bcfdda70343085de6a39fd520389d284d614d7db8ed1609847f296e35,1
train/images/79_jpg.rf.qJKeoH44G507z966VdsN.jpg,train,79_jpg,img_9bb34fdfd9a2a4a2d11d,4000,3000,9838e599850323eb73e71b0be52d23a97a0b0f2836ed2da1a8946898f2687b76,1
train/images/79_jpg.rf.vhYWRXnyd1hzUHuAM4lf.jpg,train,79_jpg,img_025e5ea2e83afdb8b584,1080,987,ce7b40b413e1491fc2f92925fce6fb14c30bb07026139401f93597e9f564cdc0,1
train/images/8198_png.rf.YlngKCBXpegsxPjprD50.png,train,8198_png,img_533eeb4b5f9ed15e8ad3,748,677,30705341e59727fb7298525a80ef6111a0dfae91bf4633d40dc55ab9c6d766af,1
train/images/81_jpg.rf.JveAGu2yWMzBsbT59GIf.jpg,train,81_jpg,img_7564a6a008e091c86bd7,960,644,d5407b114f287155aa9cea76b1fe96e96a9e3bf81764a519ea1aff312a7f022d,1
train/images/82_jpg.rf.6ALm7qXLpmaLFtAMUool.jpg,train,82_jpg,img_099b33babf593de6b22f,4000,3000,20ad0665627f12edf130b925deb11ac74a7270bda18b6d561f7de54a6f5d1959,1
train/images/84_jpg.rf.umswR7QC5VIX0WhbDuP6.jpg,train,84_jpg,img_bc39e31adebe971cf950,960,696,1a8c18fb163c51d05a0580414a2b4c222d4a3eaf8b41b0b8fff3a49f8c6f0ee9,1
train/images/8558_png.rf.IwrZVDOjIkzwis3krpiX.png,train,8558_png,img_7dbc0c982e5a7163ef82,882,899,12c34d89de30fbaa8ffd9d142ab3a57675ed222779b78b3916331fc95c48bfbb,1
train/images/85_jpg.rf.5ot9diKeqqapXlFdzrdY.jpg,train,85_jpg,img_fb63813abec11a49d78a,756,960,85f37fd0c32ce38a5329154bcf0d639acc9cfb318430fea9458d06cc9f97a653,1
train/images/85_jpg.rf.NQqfdcuqaKEBRSzzl7zt.jpg,train,85_jpg,img_d726ed5b444190fb1da1,4000,3000,42ce6a4e5e8b5876521b68f85a4a95e851260eb244e3ba11e527be85626059bf,1
train/images/8639_png.rf.h5jks1kvPCapj3eokAFa.png,train,8639_png,img_b5e2ddc3577ed479c680,936,833,039d2252e41487a67dc22f0cba254caec327554c7b38bf1ef87f9346f2e58b42,1
train/images/87_jpg.rf.ANP9aCptHkvlGsdK8r7b.jpg,train,87_jpg,img_4df5d8e564fc6fd2858a,906,960,a9a9fc785539709a56bb921222cecb8ed60297b407fca6c8f4ef9666f0845cf2,1
train/images/87_jpg.rf.BA29hwfdachPrtMZFlnN.jpg,train,87_jpg,img_5f9bc57617d9403a21ae,4000,3000,1fd5a48172167367d9c52d44031909f962522b246636a581648b58371024eec1,1
train/images/90_jpg.rf.KLKiV6OZ86p8Nls4QXeh.jpg,train,90_jpg,img_d09dd23c6baf55b3da48,960,698,14d2b7bd3c0061f6949a325a09514b486146c7ff26cf3920fe8641febefddc49,1
train/images/90_jpg.rf.UeDT7vnhnrRocnGkMg4c.jpg,train,90_jpg,img_5a58c73eaad98e6f8588,4000,3000,48da7e27cf4a939a08db62904c413b2c582258cacbec95f97ef3c4244005c046,1
train/images/91_jpg.rf.wgtFlM2D6qUfgjadRzlC.jpg,train,91_jpg,img_601181b02a49f0e271cd,960,543,3a2e808c76a96ec295dcbe63129efcf83170276c20b3a318613d6b34df1ea9bb,1
train/images/9205_png.rf.owpQmmhITHE5DPnam3kl.png,train,9205_png,img_dbc8da35adb8d7b10440,900,1075,d7bbaf1cfb7c7adf6da94dcd7a6b4acac6019927dad1674cd215eb687bf0cfb1,1
train/images/926_png.rf.qPWHfoynQqlIdst9FG6a.png,train,926_png,img_66e83d71c52715e378af,627,450,e6d91ad28702ba9d9164ee7cdf1d9145a1f9a277f41205142cd02a2b27912c1c,1
train/images/92_jpg.rf.Ieb5GSWbpi5NkW0fUt0M.jpg,train,92_jpg,img_185de509ad47cd01058f,847,960,80bfc6801afdec9d5c3f4eeb4c8bcc40b75bbc5a2adce20d89ed27296a0ce728,1
train/images/93_jpg.rf.IJWW9jHEMR0TPakgdqCV.jpg,train,93_jpg,img_344e01da7735c3ec28ab,778,960,32f77b867d15b516162d2aa4eda69a3bd5f31c1de16cc243762e0c9ceb1a682d,1
train/images/9557_png.rf.mkypNKKzZhGKXjDU4q4j.png,train,9557_png,img_2831eeb51bfb26fd9716,1087,825,6bb3d59a615421ecb482c32e8193dc99a0ecabda847957d74a0b1d0b53a64668,1
train/images/9665_png.rf.rIUzZfbsJYvSfuzMsmr1.png,train,9665_png,img_818e15a20871a353a2f1,1079,882,ab3573a847428f390272fa84edef884184bc86016c75f78eb199a8fcc42eaa4c,1
train/images/9692_png.rf.Wzl3s092p0i38Mh2ZOdG.png,train,9692_png,img_1a138b50eaf5fe5f4410,753,574,cae2fe18b6d465dbd7574c896cc5c6762055a3f3a9eef5128a43c4e0f267f48b,1
train/images/9746_png.rf.1nkhutyqxtGbvhsgXtif.png,train,9746_png,img_7b37e8656919c0bf5a4c,839,773,a8776305acaf61610fad049a2735d468109cccb1df160f57a5fa9622f19e625e,1
train/images/98_jpg.rf.5SY9QlD82zLJFQ6TnzlD.jpg,train,98_jpg,img_b1af83f3339838c8085c,864,960,0be4cfd0fe62b22b1cc23b9e62a1ce5381642669f1896ce45331b94538c9797a,1
train/images/car-1002_jpg.rf.wFsoUyRo0328iCaXIHFZ.jpg,train,car-1002_jpg,img_76f88635b41874727dbb,1280,960,d94ec5d41a9c3421fc68da545fde9ce68bc4580e21ebc3808ad7de5a634e84e3,1
train/images/car-1007_jpg.rf.4DSXGbGt0aFs93T2Tn4I.jpg,train,car-1007_jpg,img_31a3812581dc7c38106a,960,720,21909c4fa44b628276897a44f2e5ba61471349619c3c4476d771a1d49cf46794,1
train/images/car-1018_jpg.rf.zRlBpBIUGxjHpezG4ans.jpg,train,car-1018_jpg,img_2335baf94bd692130256,1193,773,06da565c08754a786570022848927aade6edb451bbf5859f68467c16ee549962,1
train/images/car-1023_jpg.rf.wAX055XDtnYxQq0MgW6Y.jpg,train,car-1023_jpg,img_09ee1d8822b2b26ce118,1137,640,a78956555b4f611d5d0498f611fa6ec094d1959b5c93d30d2bbcb39c5324ec6e,1
train/images/car-1026_jpg.rf.VjnvNToDZGjCHUYdBVni.jpg,train,car-1026_jpg,img_d74d5cc600ac24e29c36,960,720,ee56b209e5a06a68dd0bd823422fa18a02ee8063d34a2949fe41873f41d56a11,1
train/images/car-1035_jpg.rf.vrTY2YIdJTh7GmHLJewb.jpg,train,car-1035_jpg,img_8fc50b6739ff3d79d1e5,945,904,2e3ddb0f5bd3c741ec4d78439e8131460cc8c322555d330ede3ffced83f604b1,1
train/images/car-1043_jpg.rf.LJepT2abYYJG7PMLOkif.jpg,train,car-1043_jpg,img_9890ebca9301b94f1581,806,539,816936bf84e8334c52db30dba8d5ef1f0062859af77b9f6acdc187ce4aefad57,1
train/images/car-1049_jpg.rf.MqStfOVktMmwIStSWnyY.jpg,train,car-1049_jpg,img_ca64f2bd05d205460c88,619,556,f2610263ed6e7033b9360e7ceb0a3affc2d5d5d737d40f437181bab34dba7672,1
train/images/car-1058_jpg.rf.lAs6HnlBZFlMyp6t7vtZ.jpg,train,car-1058_jpg,img_374f700d0a7ce7918b20,859,602,47d5ae5405e7d01c48d62d22630086cf3c296784c1064c95d58d187893b9af1c,1
train/images/car-1065_jpg.rf.SFtLgj0hQI067wLP5pKF.jpg,train,car-1065_jpg,img_85ee7e865cb94147841e,943,876,50e8d7675535a9c30c3f51b8a6e9224a585e92b2bf0dad2c352b4ab4dd5298b8,1
train/images/car-1069_jpg.rf.222cGDnRFMbLBz1ZdFca.jpg,train,car-1069_jpg,img_f10db4d1db0ec34b74a4,720,960,4b866fcd6d302572f9717200174eb92219eb6d17b8ed42f51edda323d708c638,1
train/images/car-1070_jpg.rf.JZTNxUx8v4gw2XwRRdnc.jpg,train,car-1070_jpg,img_f213514cbc2d6261c167,960,712,1afb7d78bdd371ec5ee04fe06d294e2eeeb2e3a7c8c4a73cd60321bcd6824cac,1
train/images/car-1073_jpg.rf.1mZkmGWhOe0UhGRQRyzy.jpg,train,car-1073_jpg,img_245d4226c0011e4e848a,731,436,196f5e4e89683023f50710ce8d880ab27d7a120e6a8dc1479d89c3a7b0d63030,1
train/images/car-1074_jpg.rf.PG1QruJKifFKlcemDWIq.jpg,train,car-1074_jpg,img_120e39c93fa9cdb5a653,830,713,04370abd352251d5f427bc102c8393ccfb9f6320a9c1052b46b0bcfaee06bf8b,1
train/images/car-1075_jpg.rf.midMxzfdfY1Nznppuskh.jpg,train,car-1075_jpg,img_5676fb59e786c878eeb2,960,592,1656fcbf514d1edf909ddeffaa72f6e09ab0091ede7b338c067f2014be998c01,1
train/images/car-1076_jpg.rf.D23fIxjE2euuX5MMn1sk.jpg,train,car-1076_jpg,img_c229b20f6511a69ef935,960,540,d9e76c3e28d051d3e2d77263688f60641424a48c096ed1bf368d080ee14a2cc8,1
train/images/car-1078_jpg.rf.KH9iKgd1dropa08wbbgr.jpg,train,car-1078_jpg,img_ef9ed5ec87dbf8512c27,699,478,3f9fef401f02b9999507a1c5a40da017272fb38ee6d28c50aa75de9467a59925,1
train/images/car-1088_jpg.rf.eKo3LfbnRsyoCeOZXzIG.jpg,train,car-1088_jpg,img_119e4da7d8d57e96f66c,517,424,6d5f6ca2f4fdf54b138401a275f417b0234a58ca9b90ca29c82b2167dbb2d940,1
train/images/car-1090_jpg.rf.IgBE4uH5ruGHcpPhhGyT.jpg,train,car-1090_jpg,img_e8c93e7b4374b6325f52,960,720,4efc13ca84c7b26586bd5aad2c075b72b3de30e5fd38e54c21ae45b69955b0c9,1
train/images/car-1097_jpg.rf.ehH0xXOdDcVygnO9Wiqj.jpg,train,car-1097_jpg,img_a37bc719681b6ed6f3af,1037,821,19c1608625e72fd6e0ab9afdac8b764a9addd85aee2cbfb81f8336b5a6dabf3a,1
train/images/car-1099_jpg.rf.Cl1yegMig0IXr15vpHlV.jpg,train,car-1099_jpg,img_142687ef6d7e952703a2,1172,789,9c972624114420d8f6e7b4022de50a9183f435c4f2d85fdd1640aa84d6ed0122,1
train/images/car-2005_jpg.rf.z5vt3Gq1kPyc6cbt4NbI.jpg,train,car-2005_jpg,img_846fe5e1ae1cdc54e945,1295,960,df1b5b1ea8a4c8388a323d6a41b49d48f389f3c24ac7311e416d24adaeea3649,1
train/images/car-2020_jpg.rf.f0KVpBqgk71Mou7gK5OD.jpg,train,car-2020_jpg,img_fb3d9d7f3bb9a5260d7e,960,1280,194d980709a0e6ae20efa21e328161eb4d47b77c51847969033cea242d043087,1
train/images/car-2021_jpg.rf.Zzq4XTAgo76IIDqeO7bi.jpg,train,car-2021_jpg,img_cf70c9fb5389909ddc13,942,689,ac6b263792e453cad5b84025d9c28fdb018a680eb9da9484d3d50b27e3d7b949,1
train/images/car-2023_jpg.rf.wh3Pinjt0EIDrSdhsD3L.jpg,train,car-2023_jpg,img_5f911e00b29d3851d8a4,437,582,5dc9974ab67c09dafe1611ff0d6ccef35c6301236dd48a61d198abe4d62eb230,1
train/images/car-2028_jpg.rf.4D4xU0XdR47uFXvPFLWf.jpg,train,car-2028_jpg,img_3b4323f09f1d0ecda7f9,502,379,885920be24b84c41d86ffce16f1e1dc760dae058256367e996ad73603a9b1d38,1
train/images/car-2030_jpg.rf.qe9LUFNdvat58Fk0kvmk.jpg,train,car-2030_jpg,img_af708b5160efefa237a9,1810,1816,a9ea4e64b3a9d4cae802bfb1d7bedcef8a46aae98d21967bc89bd9573aa1d2a2,1
train/images/car-2034_jpg.rf.pFIOYg8OJv9RcNPWjv0F.jpg,train,car-2034_jpg,img_54a4fd3a7d53a2f1d974,720,540,6ba3d21ab1a9bd623224d4d43fcac1351d68fedfb4e97919d63cd0977a5f0484,1
train/images/car-2035_jpg.rf.Cul9EG7Ppeb3c2LpjgNa.jpg,train,car-2035_jpg,img_03e15448413b3c578571,557,540,90736c979b566e587d20b7aaee77d62c161c278af7d93fb9dcf3c4d06c151a37,1
train/images/car-2037_jpg.rf.e4FQnSQRZKxz4Yecrn50.jpg,train,car-2037_jpg,img_ad02dc5c8958b539823c,545,438,4fc2d6830c08602ee8e10f96aa7195414c8587a378e83fea573b62ea65b2b533,1
train/images/car-2043_jpg.rf.RvklY141sMLNJEhaaV21.jpg,train,car-2043_jpg,img_d34aff6ab951aa1f8460,610,625,1b9482dbca9a7bef701373e5136f660bdc0c5661c430198288933375763871b4,1
train/images/car-2046_jpg.rf.UxaT15Yyc9uFf8fBN2wv.jpg,train,car-2046_jpg,img_777b7801b020702443d6,703,423,377c4468d4659ce1af6a0f0ce93c2ff80a0f163480a94d5553954b15c2f376e7,1
train/images/car-2049_jpg.rf.ANwmfcvGbqvmOnSspSeL.jpg,train,car-2049_jpg,img_a28fc42499db864e38e0,960,720,7e6fb7252b1ed5fb036a14a7a81947e6aabb6565408fb712101f99c3e5c3f03e,1
train/images/car-2050_jpg.rf.c3C1ZxgULYSGXrTsVGrk.jpg,train,car-2050_jpg,img_a916e8c65c2add90db2a,657,547,e36a258f3b59700f1f0e22cb524b066b8f38b9fde5df52dee4430da89b80760c,1
train/images/car-2051_jpg.rf.9REgnNWasTJZNT78MPiq.jpg,train,car-2051_jpg,img_5c321614fea565c54b1f,1152,2048,d3c89b32f52d257df8b86c781def8817f3a9e5215ac83e321a9ab65c29ff2ecc,1
train/images/car-2053_jpg.rf.FtVQYLnYuy1kMRV482g7.jpg,train,car-2053_jpg,img_1df6c7012a61391a1839,604,504,b6aa17d283ac7d02e3f6dda59cfe30a8df7f5683daff672eaaf62874369af30a,1
train/images/car-2054_jpg.rf.KSFJAQnzzBCvrp9Ks7Iw.jpg,train,car-2054_jpg,img_538cf47677cc53473890,960,540,91d0dfff421c283355e74a519908158b803b6fcfddb4a0862080f7f0bdaa81b7,1
train/images/car-2056_jpg.rf.IA3rBvRokd1DDJ18AIdm.jpg,train,car-2056_jpg,img_488a74514dfeee671022,1280,960,a37912a84dc23c4c790c9231b07e9fe2ce0e3c5248b339191d9e8ad24eb10eb5,1
train/images/car-2062_jpg.rf.dAMYVhd56rXlwpTBDTJL.jpg,train,car-2062_jpg,img_b222f724e752180b1bcf,742,427,58d5475ac3d465975cb84c436a52ff2b4265b16a996cd041241eab0168d5274f,1
train/images/car-2065_jpg.rf.A84dOcwA5FLvd2mhzpuG.jpg,train,car-2065_jpg,img_61c9d0d716af08dea5b2,553,468,01c78130ed90e73ff624732e20afe50d0b4f7d9afb88a1a5656c35ec656de925,1
train/images/car-2069_jpg.rf.y1hQNCw8rxkQi0WsZi6q.jpg,train,car-2069_jpg,img_6970c789b7f13acaddbf,960,720,d2dc8063affca621a3de54361478c23ad3923b986bb1dd70e9e1f7b8dd8b0080,1
train/images/car-2073_jpg.rf.Vbr9Gl80qgdduLRGaweO.jpg,train,car-2073_jpg,img_4f3fc361f5bae509c696,744,477,436baf2a6f350bfcf765931e4a0d4d33b47d7b3bb344705fcbafe8142bd04c23,1
train/images/car-2075_jpg.rf.kX7cO0YrQLONbDrWcrOv.jpg,train,car-2075_jpg,img_749fef8bb50d98019ed3,644,488,50a530c69a0401eba6c41ddb23c50fdb53eac80e48f8560e645b228f8eedd0f1,1
train/images/car-2081_jpg.rf.eCO0FQ2V0YaEQBDUWrKE.jpg,train,car-2081_jpg,img_a248c84505490cfd8f4e,648,720,043a3b29e9180e7dd8f14ec8b33209c0e612c448c26c9aa051343387ecf1b6e1,1
train/images/car-3001_jpg.rf.LVZuDqsm0CTBeCdmkIdg.jpg,train,car-3001_jpg,img_f5c6665c9692ca16f61c,960,733,84977dcb1a728b4bb1c992cb156ecc9e0a7ea2e70c29fda9ae822d5d4532f864,1
train/images/car-3003_jpg.rf.OifAYOALht7YBkPFO9bN.jpg,train,car-3003_jpg,img_cadba4f34eb12e6e1e07,1280,960,81429bb9573292fd9952cc2aec9e9a82950765aef6428e9a7ee36ababd957842,1
train/images/car-3004_jpg.rf.bOpUU1IneDEHivQIuy3X.jpg,train,car-3004_jpg,img_14dab9b9b10d6e914ce1,747,565,0db0b9ca31907861152cb2d075e631fa38ec8106d60df4f331ac386200c5675c,1
train/images/car-3008_jpg.rf.bOiUCinN3yTxJ2RWcD3Q.jpg,train,car-3008_jpg,img_a8da6d057e6157b9eb63,986,868,ef759210f839cf13304ae585bd8bd2def2674cc20d8714cf2888aa6f887645fc,1
train/images/Dipto_-337_jpg.rf.txZeFQ3ImQVEY6v94pl5.jpg,train,dipto_-337_jpg,img_24d30ffdd541843c94b9,1920,1080,553ff4039195f2a17a202e2daaaec33065bd7021f06d41c00e20ad2112246df0,1
train/images/download (3)_jpg.rf.CWWKammxKVCAlXFs8DDz.jpg,train,download (3)_jpg,img_bd68df86e688a999b220,225,225,5c00350f9af09c895c8c2b917bce239ac5c5a13c7d79340e5c1c9bf5b9ebc84f,1
train/images/download (5)_jpg.rf.baA6TW8xKbWSXS9umuXM.jpg,train,download (5)_jpg,img_be59c7d53191a49c6420,314,160,0f12c49ffd098cbc1a41c458754145638d75b02ffb7b431d56d60198ca4dc567,1
train/images/FB_IMG_1709363562969_jpg.rf.ljohJbMIjbRUiNLLgzcO.jpg,train,fb_img_1709363562969_jpg,img_dbfd4eede45d4e702c1b,1080,1440,1619fd6f24049f2c6bf1cd2958bcddaa92dfc46fbd58021d964c6e171f260399,1
train/images/FB_IMG_1709363583758_jpg.rf.eIRlWWqNd9q3x1NF9SPe.jpg,train,fb_img_1709363583758_jpg,img_3b39b0c13258184363e4,360,480,b324d3e7cb90e439f38d2fec7368dd285c3b6b5206651dcd5af6363b35660173,1
train/images/FB_IMG_1709581022613_jpg.rf.LZdusk9RKqkW3KVv3poS.jpg,train,fb_img_1709581022613_jpg,img_d35cf7887c36266106cb,1080,1440,5f10ac8323b999122c2c296f792b9a8b719c514523ba5a3819b3fa7d32758634,1
train/images/FB_IMG_1711905375198_jpg.rf.gSV54imGpMO68w4ua58j.jpg,train,fb_img_1711905375198_jpg,img_5fcd17e9293552a9f97d,957,1280,c4e856832e02f6932f1296d61a155b35c4753c4b0beed25886537db2962e62a5,1
train/images/FB_IMG_1712044189705_jpg.rf.LC8BDlVVPnj8g3V9mpvL.jpg,train,fb_img_1712044189705_jpg,img_b842a45408ced56ede1b,1080,1440,e80d5653bf8b2c2dfd31c5935261ced8cb3edd5856904f2277f256108cfa294c,1
train/images/FB_IMG_1712133370879_jpg.rf.TSVTyhLwXA8YngSDRf6e.jpg,train,fb_img_1712133370879_jpg,img_5469e0cc7c6e3ac3723b,612,816,cdbe16e9e7ddeec937093cb8b79faa5bba3d87045216fe4a8bd3188f16642470,1
train/images/FB_IMG_1712155514336_jpg.rf.dIFudOjtZ2aDHgTyidu1.jpg,train,fb_img_1712155514336_jpg,img_d2164bcd2c9280e2b05f,1080,1918,0773a65616e5cc7d64bb8d1808c3572f6b39acd16009c2a27bf208f13bc6797d,1
train/images/FB_IMG_1712155543637_jpg.rf.I114XAFamrf9KIXjPvOc.jpg,train,fb_img_1712155543637_jpg,img_91c33c73ebe7e5021905,1080,1440,e4a2ed466f9ed720f06952a14487f52f247f5ccdc3bc0b0e9061914118e66842,1
train/images/FB_IMG_1712167601316_jpg.rf.J1mfZW89U2M4HnjclZAa.jpg,train,fb_img_1712167601316_jpg,img_ab55e15184329cab9356,1080,772,4bd5ea69a95749734ce2554b5e21a979790aa2bee8e253dd7d8e39750e93a98e,1
train/images/FB_IMG_1712249300360_jpg.rf.1mZgpIBBtV3eVfaEHkqY.jpg,train,fb_img_1712249300360_jpg,img_b908cd3b38ba26c74079,900,1600,77ae76ec007f23def973dabde087d748070a168d4edf7e4d9bfcf5606a514e57,1
train/images/FB_IMG_1712342141492_jpg.rf.DG632KeA8FZ8RzaI8rZh.jpg,train,fb_img_1712342141492_jpg,img_0f157562ecf5bca2cddf,1080,1681,278ce7c660f449f51be8847db25f7ad5fe379eaa77ffd87b8be1edf86ad0898b,1
train/images/FB_IMG_1712387850338_jpg.rf.t2lEpKEmUKo3dGeglNq5.jpg,train,fb_img_1712387850338_jpg,img_ad2fcbd97778846ee103,900,2000,fb6dcde38257eefe634e7810ba2a136c6378cb9b12f0e26d0c6ca83b5d5be481,1
train/images/FB_IMG_1712425984587_jpg.rf.zs1eIQv4DZQT6bwfi8wN.jpg,train,fb_img_1712425984587_jpg,img_a5f05a81239427da2230,1080,1440,624cbeb319b0e40f0eda80097814eab2ce388deee83df62f53ae9dc36ff5ab65,1
train/images/FB_IMG_1712428023740_jpg.rf.LhuqmTAfV8JX7aSSeut6.jpg,train,fb_img_1712428023740_jpg,img_626f265b8ed59fae9243,1080,1440,3489bdc2d8a7d7eb048d4fe0eed2df81074d5e835edb2564f7a493106948335a,1
train/images/FB_IMG_1712441708473_jpg.rf.bdhfrS3tyhoZ07pT6a8J.jpg,train,fb_img_1712441708473_jpg,img_1562d0c6e508ff80487c,720,960,6672c738525db220819b231c2269a15977fd9e6538d9c76ec2d3d5c284f05e79,1
train/images/FB_IMG_1712759123432_jpg.rf.MGGygj9MoqXgo2WK5krK.jpg,train,fb_img_1712759123432_jpg,img_8609b6f15def1c550943,1080,811,3afde27354e4b47bc2713abe423a97f86494b22dc4f570aa237412beb6b241c2,1
train/images/FB_IMG_1713034922425_jpg.rf.6zrG7vmjOrxkhwJzv8vC.jpg,train,fb_img_1713034922425_jpg,img_f49ec6738f6765e377f3,924,2048,d9283cb364ae0444d78eb8adbfd209b5476ac269cfa75430c91038b45f5b4130,1
train/images/FB_IMG_1713036900466_jpg.rf.B4rKO8gyBwtjspWtLuru.jpg,train,fb_img_1713036900466_jpg,img_4a025aad7439988e43d1,1080,1440,4f3208a0eaed11cabe765454f19a7580a468172e0c72bb78c2920044c975a3ad,1
train/images/FB_IMG_1713160797263_jpg.rf.vUiTWLmSCjdVU44k3Sh5.jpg,train,fb_img_1713160797263_jpg,img_15cbb3151a485d294437,918,2048,5e1b6ec7e500a6bcef49f729c12e60e02a60ea4f4d490f169df2a7f683a1f3c8,1
train/images/FB_IMG_1713198546660_jpg.rf.Son16I8L6rd4YV0me64M.jpg,train,fb_img_1713198546660_jpg,img_4d20bbf5ca2e134e197d,1080,1440,4e3606e1898beda5bd4ede4f205d27b571a08ae6390b1bc436888bfae0c48340,1
train/images/FB_IMG_1713341536267_jpg.rf.dTcbi8fExUjEMwFJhFD7.jpg,train,fb_img_1713341536267_jpg,img_aad071a946fcbd62c15a,960,1280,4b56859c4d277e875cd888dd58cafae58ff4c8310232c27a9cec690732f59d4f,1
train/images/FB_IMG_1713341558997_jpg.rf.eY5mXhNt9jFV2pQhn9FY.jpg,train,fb_img_1713341558997_jpg,img_c5b6f6fa0dd9982313b0,720,830,d6e239e11b489b899ab1182c4683e1996ea2da0b6e4775220ad4673d1b73d192,1
train/images/FB_IMG_1713432995206_jpg.rf.LaWbosW0rz1oixUKKLfG.jpg,train,fb_img_1713432995206_jpg,img_7418e5f3b76d212d41d3,780,1040,6966b347ba70c772d1b0d9f66fbc20bd46d26b6c6cff5ab5d1a994e1ee058f13,1
train/images/FB_IMG_1715332810383_jpg.rf.L8bcwS6V7Kiu5A6JWYSL.jpg,train,fb_img_1715332810383_jpg,img_8f8ce54f896c482efd7d,750,1000,f7bd81db7039faaf70cbc8f01287de19c3e503d425f4058d6f6da3fd1c77946c,1
train/images/frames1187_png.rf.SPvxjNdWMEzideexLCwQ.png,train,frames1187_png,img_7424173a056794f4fbec,1080,1920,94d53001142749505c4f9a29dd754afc4031922809a0b43530ffb62733f60721,1
train/images/frames3180_png.rf.JCLVKFSD73MhXH9vpg0r.png,train,frames3180_png,img_8c878a4ff25eaf458f88,1080,1920,855c0312295d1c0a01224a02f91b3c9b8808682e9a4f9d0395204027a5babe17,1
train/images/frames464_png.rf.rXkhmTPeIz9cpKecIzhm.png,train,frames464_png,img_78544a3684952a4cf986,1080,1920,9d19d88e8025ce59ab2f8182cf17c6780fbf2b0a347dc1be03fac1c8871bb4b7,1
train/images/frames5682_png.rf.Jzhf64vO6zMAev6ThITY.png,train,frames5682_png,img_4b2ef584e484f33014a1,1080,1920,61961d38e3b93f5574509daacaf673cd5ab1d4578e26dd2087a5c99f6c487f1d,1
train/images/frames6503_png.rf.j8M1bbboKlCwbwiOk3YJ.png,train,frames6503_png,img_e2fe35f29a740f6f5590,621,662,3db988a4a3ae8520aaad6948eee6189c6292d26fb69cf7d16a35b5317726f488,1
train/images/frames6656_png.rf.nYhMEcNE37BrIrr85JUg.png,train,frames6656_png,img_6b733fa4704709576030,715,651,785c92f98bcea10e6f69299f42b42d66969ad4b7dce7d31cbf0cdd2234a3c6ca,1
train/images/frames6757_png.rf.xN9tJbipyjb9BjgtiPFb.png,train,frames6757_png,img_daf5063c737ffb4d88e8,528,447,bf4794aed9cacdab006812e4f04024189b5f2eec229f71989fc1b335a9d9fa9e,1
train/images/frames7012_png.rf.v51l3lc3vMuTQ5ou0YpJ.png,train,frames7012_png,img_fc6deff26f6dfa8de5f5,1920,1080,8a96fd81a825fc4ea7233647b81f2ff9832f8dc175766f19e434f17b14979342,2
train/images/frames7092_png.rf.v20leDqQWDz0UfF0mwqY.png,train,frames7092_png,img_0010921b37d2c9737a46,636,631,0e585e913f3e7795947cbec0defac619ca8f030ef062702dc7d2b739422c34ba,1
train/images/frames712_png.rf.1lb7HhebbuqyzaiqC1kC.png,train,frames712_png,img_47a07804f309691eb89e,1080,1920,f824b2a0b28bebc6639f06bcbabf5370cb632044e531d950f601d1a94777d088,1
train/images/frames7209_png.rf.33AJoXqZxNWbutVgY1sf.png,train,frames7209_png,img_01da0e8b0f68a4cd2531,685,575,caf4f68fb65a1d28041c7d0e264a97adda854b4eca5dcaa65c4bca9b7469fd01,1
train/images/frames953_png.rf.eFdWq1ljtNlPHEiACGKq.png,train,frames953_png,img_f34be6005a5e5960a824,1080,1920,38cc17cdd0de9538309f30d9c581445c2b4a11e0cbf301bca02a011da104e5d3,1
train/images/images (3)_jpg.rf.NeS1E1NETmrvKZxgaaxw.jpg,train,images (3)_jpg,img_74bc2da7fbcc673605d7,292,124,81b7955f06885b6ff845defafe0eae82ba7377016e6b42fe4bd4d048aa36ab0a,1
train/images/images (4)_jpg.rf.09u5RonDTWzUTMoDTqdd.jpg,train,images (4)_jpg,img_4a630be82592c976055a,263,192,c03d02db6e9e453c2b99cf7e8567d25ba026766fe6472bc10b6ac527bd0d413d,1
train/images/images (5)_jpg.rf.1ozsD8NS2f17bX9pghj6.jpg,train,images (5)_jpg,img_2a2abe08b23471103a17,259,194,915c8eac3660f76ea9a4f12eac93202214f0727f409f7587c924e1469f9bf9f6,1
train/images/images_jpg.rf.Axs4hpGLhhy3tR8rQsPc.jpg,train,images_jpg,img_05a9b1c402f839a1cdc9,259,195,6afe9fa0e885ed4290c47185a7b49350560eebe60305ac1324a15b040a5a5f7f,1
train/images/IMG-11_jpg.rf.yl30y3vq5PT1a2P7VZfh.jpg,train,img-11_jpg,img_e62394fb111457572474,4000,3000,d6b1fc05036c7f844f953a3c61e6c14a8b21094e94c9aafac6dcf2e3cd407236,1
train/images/IMG-13_jpg.rf.vtlSylX5RZl6gCXdz0fa.jpg,train,img-13_jpg,img_ac76eaa3f25a815a45e7,4000,3000,6db144df5629076c1f5102a06bfeb571b43ce53964aae089c27148cb473bd6ee,1
train/images/IMG-15_jpg.rf.Dyuzv6sBNHTHV4gTxQTp.jpg,train,img-15_jpg,img_ab59069e4da829130375,4000,3000,a459a9af4fa4e56f0d6b73edabe70f382f4709d36b9c065dcea392e76c74ec49,1
train/images/IMG-20240214-WA0001_jpg.rf.x8geLVXxzBTLqpdc3S0C.jpg,train,img-20240214-wa0001_jpg,img_5cb94b3f96087838f4f7,622,730,916cb1acdbe6b375596c00774e9c77bd0dbe26e6c7c367d8f69624f7eecc509f,1
train/images/IMG-20240214-WA0002_jpg.rf.oxdrrUfNQsObszzEWCiu.jpg,train,img-20240214-wa0002_jpg,img_d22c9779564ee8afb8de,410,560,0bbd0e7754936bb2779a277ad17d29a4ec0c2aa07bcea1f6a351ca886112d31b,1
train/images/IMG-20240214-WA0003_jpg.rf.Zbq3uOyeRuOWnXMF2doX.jpg,train,img-20240214-wa0003_jpg,img_75428a54632bb774f2c5,868,1156,518776531b2d6fc0e5a88fa0670562134a45ead79ec9c222f7637cab7c23e05a,1
train/images/IMG-20240214-WA0004_jpg.rf.uLKX0LagHRKdWa4pL70n.jpg,train,img-20240214-wa0004_jpg,img_02be2d01d417a612427a,868,1156,d6c725677c36bfd30419cbb934ac35747fa09c0ae18e208b06edf924aa8fab16,1
train/images/IMG-20240214-WA0005_jpg.rf.xganHo2xg0SVk3oXzj60.jpg,train,img-20240214-wa0005_jpg,img_50312286fa37f3d3d0b1,868,1156,a1d864560813a52a25401f2998b5f1caa1c322306ee7b44fde78a419f48cc2cb,1
train/images/IMG-20240214-WA0006_jpg.rf.pdkLFNqOcVbDYUUSFebE.jpg,train,img-20240214-wa0006_jpg,img_b9bca59078a60569314b,868,1156,f225884842d050c9b531d351e3e80d7f7e68d580059f04e3c1e6d74cf339751e,1
train/images/IMG-20240214-WA0010_jpg.rf.3TtM9xJmQj8fEzxXUhRg.jpg,train,img-20240214-wa0010_jpg,img_12b603677047c5e04933,868,853,87a3e47cb8f0fc82060e1dd7fcadd582ba0f2b3e63e88face77f293ca9d290e0,2
train/images/IMG-20240214-WA0015_jpg.rf.GuxhYywe27TarrCvwn0k.jpg,train,img-20240214-wa0015_jpg,img_6fd52c42efcc9c02dd92,868,1156,58e8075d96a238cfc849c7998bf1f9a433629df49b5846778d5d88deafaa12e8,1
train/images/IMG-20240214-WA0019_jpg.rf.I8GMa1yla6c2V3y838fS.jpg,train,img-20240214-wa0019_jpg,img_08df40aeccc5581d0e1c,1201,1600,ee99ac9cef39c62a92ec3cb80855a7ee7f23d2fbf4be7a5cea5c762a31377499,1
train/images/IMG-20240214-WA0022_jpg.rf.uUrjpVOZ8H6nM0YyLU0V.jpg,train,img-20240214-wa0022_jpg,img_d75bde1c8e7438109c04,1201,1600,8f58e8d03a576aa5ba79353298e729983425bb16667c239951d40558323ff1b5,1
train/images/IMG-20240214-WA0027_jpg.rf.jJuwu7nJ1q1ChFgRSJ8O.jpg,train,img-20240214-wa0027_jpg,img_0ee47baa15e9fe4d530d,1201,1600,165b81466b41f311cef2eff9b5a5be6feb38d7e294271448122ac438d23d9044,1
train/images/IMG-20240214-WA0029_jpg.rf.4MOElGglbCVXCZCPoJCo.jpg,train,img-20240214-wa0029_jpg,img_f3b5988c0a6556162d75,1201,1600,6834051dedb2448996c437b41a43b11b4bf556b18e5c9b0898ffb4511221aa97,1
train/images/IMG-20240214-WA0030_jpg.rf.C75linRiTHMTll83ctld.jpg,train,img-20240214-wa0030_jpg,img_5fc70d58524bd8debff7,1201,1600,2862f406b05b76232715efb6e49eacb0127eef32641fc9d70d47b67ca115bf8e,1
train/images/IMG-20240214-WA0032_jpg.rf.g7JOpGE0UJBLlGFxkMHy.jpg,train,img-20240214-wa0032_jpg,img_ec68079584b4e6943d6e,868,1156,d62c6e6570d42d300b0b289ad41e5fc75993a38f1806ed7adf774c164ce97e47,1
train/images/IMG-20240214-WA0042_jpg.rf.UhcOJ3hDhwuHXacukG74.jpg,train,img-20240214-wa0042_jpg,img_462a6084f2d37f87f9b0,1201,1600,cfa35a809bb263a3182ce4e46c95bdd614e4e9d1e4d79aa8d9c29b76a994dc75,1
train/images/IMG-20240214-WA0048_jpg.rf.CDLe5bM4njHT9e06K74W.jpg,train,img-20240214-wa0048_jpg,img_a7c8bbb250ab64468161,1201,1600,c92f4633d45456c27e666a61755f5fe362f5c653e8d12c83ea875067da0785f1,1
train/images/IMG-20240214-WA0049_jpg.rf.2gnQ0y4KwjfPKCudkGq7.jpg,train,img-20240214-wa0049_jpg,img_c1f675b019e9bc072e5b,1201,1600,e0c5cfd3a6400ee4ead191d5d54fff84b49312a4a8bc1a882dd96d331adf1846,1
train/images/IMG-20240214-WA0050_jpg.rf.PqWdkK1waSomPAqlvcub.jpg,train,img-20240214-wa0050_jpg,img_330b8ae6ed3a1cd29af7,1201,1600,b459d915a2e7608c53149f662ac40c4807245ed14327729f5e8cf49f861d2737,1
train/images/IMG-20240214-WA0058_jpg.rf.Tz4WxbxwoFNfMatOGXBl.jpg,train,img-20240214-wa0058_jpg,img_83ef4adaf64e95d32f45,1201,1600,1f4123e04823caf3ec4519d213b047817094754e343ba5acda1fafef7d15914c,1
train/images/IMG-20240214-WA0059_jpg.rf.U74JEiloZ2KkU8AxsvBa.jpg,train,img-20240214-wa0059_jpg,img_19e0f2c2362abaaa9b61,1201,1600,4f8a30a993260360c4ec17f4cee7834453e3a780745c2d92a4c049aa4a8b7d24,1
train/images/IMG-20240214-WA0068_jpg.rf.84fGBvGHCj08wxREl0Fm.jpg,train,img-20240214-wa0068_jpg,img_18bb98d417de2b0dcc69,1201,1600,3db32a2c13ed3e4a69b00115126b2d4925d8aac47c09cc2355f70494ff6576ce,1
train/images/IMG-20240214-WA0071_jpg.rf.owAHmNijhhvgAmqrp3oe.jpg,train,img-20240214-wa0071_jpg,img_1bb8372456aa9f188513,1600,1201,901c515f1a37189a961e4f037bfc7af537fe6313b8523d8382e0404ce5fdecdd,1
train/images/IMG-20240215-WA0000_jpg.rf.3x9czd2uSPIqoLg83yMt.jpg,train,img-20240215-wa0000_jpg,img_d49d6ef0e718a012892e,1201,1600,5706725d51fa089994347ba35b46df2e7dea8f2ed3580d655ae757f411f41858,1
train/images/IMG-20240215-WA0006_jpg.rf.HGmVSn3O32tqeHyJ5H5g.jpg,train,img-20240215-wa0006_jpg,img_6f0b7d484028edf1721e,1201,1600,a2d27bd73d72132a176072c7048c277cd269b5c9f5d2b8592cdd1901f19dcf32,1
train/images/IMG-20240215-WA0009_jpg.rf.4GM0lwUATtuj1Qp7Vgp7.jpg,train,img-20240215-wa0009_jpg,img_c2f0ac86440cd3720f9e,1201,1600,a568ea1852ace36adc3d0cef907311a9cdf6a7398f1ed916e6aef59b26d6f398,1
train/images/IMG-20240215-WA0011_jpg.rf.LNgSvuBPSurgar9KQRDj.jpg,train,img-20240215-wa0011_jpg,img_17edc2da941512c346bc,1201,1600,5abee9c225390708a75497afca3704650f7ceaafe314d4c0c9ae905520272432,1
train/images/IMG-20240215-WA0016_jpg.rf.t4vFVzxeGzl8KRKqZFPW.jpg,train,img-20240215-wa0016_jpg,img_25ef61e71fb69f0ece0a,1201,1600,deb4c61908b3c46876818879c2d9446f7141cec8e54cf5f525d4894fda2aaf30,1
train/images/IMG-20240215-WA0017_jpg.rf.lv4xC8TVo1jXVpBmooIk.jpg,train,img-20240215-wa0017_jpg,img_b9a82b200836442dffb3,1201,1600,dea856c49a3c7eb3fc1ed05685bbca1735a41aaa486fc23d8a4f2214cc5c5483,1
train/images/IMG-20240215-WA0019_jpg.rf.uauOIlqKDf1HPMHd3iV7.jpg,train,img-20240215-wa0019_jpg,img_7668ee99983005fa6360,1201,1600,f44331dc2bf7c4ede4e74c8eb2b39c1af265d418ae859c129a6b4fe694351c61,1
train/images/IMG-20240215-WA0024_jpg.rf.IDAXohsB5M8TyoWpfijh.jpg,train,img-20240215-wa0024_jpg,img_acb746593dcad3d8c77c,1201,1600,7bed2fd721cb93d871b9f1bd8d7dfee3351eead898032274950716a0498c5cc8,1
train/images/IMG-20240215-WA0026_jpg.rf.KPYeOqnibJZsWHgwF1kK.jpg,train,img-20240215-wa0026_jpg,img_cd84693a16aca82f669b,1201,1600,3ac19f728471b66cbaad4ea019b023be398a5ddfb5935030a2ddedb7eb85abc3,1
train/images/IMG-20240215-WA0029_jpg.rf.p5Py4CAL5C1u2cuZe2n0.jpg,train,img-20240215-wa0029_jpg,img_f57e1db77be7022b51c9,1201,1600,59ee11f4fdd00e1bb4e3e84ac2ac9cd9b48ceb42c60c8c49079ff8f136e204b6,1
train/images/IMG-20240215-WA0035_jpg.rf.JRIHbmMW1gbQwxH61l4D.jpg,train,img-20240215-wa0035_jpg,img_401474475ddbf6bcebd5,1201,1600,ddb4e97656c5c3a81d2f62d4374cd7a20586100bd8d5f70092010cf835dec4b4,1
train/images/IMG-20240215-WA0039_jpg.rf.31ZJH0IKNkn22afxO1uM.jpg,train,img-20240215-wa0039_jpg,img_c4a46ad3f38f6e033acd,1201,1600,1d7d9b8a83a51d96e083f643d5bbe1770f4c73af6f07ba7b346e566c9955864d,1
train/images/IMG-20240215-WA0041_jpg.rf.azJRXvQ547bLR61q68i4.jpg,train,img-20240215-wa0041_jpg,img_244bee312505fe367426,1201,1600,978c59550f5de6f2b07abab1d42d3dc5354058be3d17638a74a4888d983dbb9e,1
train/images/IMG-20240215-WA0050_jpg.rf.ZNIZntxlrY06xslDzIvd.jpg,train,img-20240215-wa0050_jpg,img_d2e06669dff4f061ec6a,1201,1600,ba50134c73d2ce1c24fae5dd416657af5d32c64317ecb765557c3c5df4e815a9,1
train/images/IMG-20240215-WA0053_jpg.rf.wxsb7UPpjE9YE8MwOg2s.jpg,train,img-20240215-wa0053_jpg,img_4cd4d2c81ee118859658,1201,1600,ef291ae4ae43f121109f5b74a321dd8a812f9f654329fb997bfcfc13b1306e7e,1
train/images/IMG-20240215-WA0054_jpg.rf.5Z7IIYI14cYjHLHL4Iaj.jpg,train,img-20240215-wa0054_jpg,img_a2abbf9812a87b648a72,1201,1600,9b42f9ae62870f4cd2bbe5fb6ffa7694a3424c44b39dda8227f9f5bbe39c9d0e,1
train/images/IMG-20240215-WA0059_jpg.rf.7wQe1656swccaDPxRztI.jpg,train,img-20240215-wa0059_jpg,img_25ec513cfb64afd9aaae,1201,1600,8944cef9a51179217dce6f6ad4c1e1d26528126de05c83f1d863468c9d428736,1
train/images/IMG-20240215-WA0060_jpg.rf.cJRV7GmWsZo7ppQBQeH2.jpg,train,img-20240215-wa0060_jpg,img_4b368936ccb15cbe28e7,1201,1600,9d7558d45eb4b73a4cfd6d26414e47d16480cb72f798e26dd63ee8c0af9802f4,1
train/images/IMG-20240215-WA0062_jpg.rf.bhnbeTfKV2d2dxu6lOFG.jpg,train,img-20240215-wa0062_jpg,img_f5cdaf8ca3616957aa03,1201,1600,ae46d23ebcc8641210d5ea007830fb1d80bbaacaa1c4be3e8a66a37bf1f420f2,1
train/images/IMG-20240215-WA0064_jpg.rf.qqYf5lM77mvxXkQcgYIr.jpg,train,img-20240215-wa0064_jpg,img_86f6c8dfb3fe78a1d1ef,1201,1600,0aa1280386a5a78f8b368621a74680965f640cd1ff71a47b251a1d9f2591e293,1
train/images/IMG-20240215-WA0066_jpg.rf.Zjs93KR2pwgZLNJRC4Ze.jpg,train,img-20240215-wa0066_jpg,img_a91f8462d50c92c63da2,1201,1600,577e7c5ed57a22d0ef2826791110e25b210ae5c5dcd1473be950e3eb3bb6b119,1
train/images/IMG-20240215-WA0068_jpg.rf.yYLr6jVlyKSZZAdOodrF.jpg,train,img-20240215-wa0068_jpg,img_c90c7f790e1bd30cd9b6,1201,1600,51b33b1aab3c4661ace49d212e561a6090daa01ba18b8b3576422aa0552aede1,2
train/images/IMG-20240215-WA0071_jpg.rf.JRNXvjGoWHo3XbvmVGqK.jpg,train,img-20240215-wa0071_jpg,img_1d75152d5dd90ec4b3da,1201,1600,9b293c8ad4451530606b9b7a68643ee19198af74b924d66818cffa7891a5f33c,1
train/images/IMG-20240215-WA0074_jpg.rf.4T4J6Bud7LUzfOa4eDva.jpg,train,img-20240215-wa0074_jpg,img_a977de1d2f979f733b55,1201,1600,6a96be91a1368ca1496ae699cbba1383c14a4406ed659779f72bcac47f82c482,1
train/images/IMG-20240215-WA0082_jpg.rf.Jq5NmIQaNuO9Qc1QyoV4.jpg,train,img-20240215-wa0082_jpg,img_9de65763be46af52e109,1201,1600,fb52af1c3aecc35a482428e6cd0f0ddc9d918f94f30d6c01ec48f5c566f692f6,1
train/images/IMG-20240215-WA0083_jpg.rf.uOXP2fJ9CDPryDzTmumx.jpg,train,img-20240215-wa0083_jpg,img_0336cecbec45373400cd,1201,1600,9df3f28df5b4349b983ad8697caf34b9e759c654b354d2f41c6fa818c7ca7805,1
train/images/IMG-20240215-WA0085_jpg.rf.kufjjFrWR9rvdpTX0UTj.jpg,train,img-20240215-wa0085_jpg,img_0428b43182754b69c555,1201,1600,22ecec8e92aaf4066fc84d6544bf38739ed712e3b26e5be22cd6b0b4eb94a1c8,1
train/images/IMG-20240215-WA0093_jpg.rf.HUac0lcmT9dQvaUpctOc.jpg,train,img-20240215-wa0093_jpg,img_67f0e877b9ed2dc6f19b,1201,1600,450502d7fb4dad2be33f81172cde0e769dc7430ac547811d1dc242f5f4e5e5b3,1
train/images/IMG-20240215-WA0095_jpg.rf.kbcS0WVLeJXXhtILYF3S.jpg,train,img-20240215-wa0095_jpg,img_aedc5b7f97009966f26a,1201,1600,73a7084b32e4d635cfdd22ae9b37307f2591d7eeb6e887f06a333f56b789418d,1
train/images/IMG-20240215-WA0096_jpg.rf.YkohNqwRX4lGBnc7pvac.jpg,train,img-20240215-wa0096_jpg,img_b0a4c7de268296a4d5f3,1201,1600,08ce563775c47656f83f463e8cb49702916b135d15c508c411fd9ee992b36343,1
train/images/IMG-20240215-WA0097_jpg.rf.AE3KwY2L8Y1nGCrpSVTl.jpg,train,img-20240215-wa0097_jpg,img_38da65a921a96adda4cd,389,653,4a4dcb3aa408b9f0fe9046bfa37ff2e016d7b1e8d6d687ad102c5532581e2257,1
train/images/IMG-20240215-WA0101_jpg.rf.aTHbdAaeDhuIf7LaMmQe.jpg,train,img-20240215-wa0101_jpg,img_e7311cc39e9e9bb8803f,1201,1600,0fef06b512a26786830ef1da4e06b6a0327e911e1926428784cf87020008967d,2
train/images/IMG-20240215-WA0102_jpg.rf.5SiPruzsMn3sLGzDgUYc.jpg,train,img-20240215-wa0102_jpg,img_c70481b3885beb3f6df2,1201,1600,fba67d032726f9a69599247a2414062b46e314c85bded248ede2b2d4027743b4,1
train/images/IMG-20240215-WA0105_jpg.rf.HJbKakXujjs1gBfShA9A.jpg,train,img-20240215-wa0105_jpg,img_96914f39d93d31668102,1201,1600,7c86361e6b40864c522b23aa629d0fb21bf0cb8e7f8dfdf5254d75ac2af80b61,1
train/images/IMG-20240215-WA0106_jpg.rf.KrGm0FcieB1V1yFtRtvN.jpg,train,img-20240215-wa0106_jpg,img_6834768942a351674eef,1201,1600,979194b0a49b142aea7ce0d4782d47a5345fd45790da20dba9dfbce5971e18e4,1
train/images/IMG-20240215-WA0108_jpg.rf.IPk8gm5GFlkzeNG0PHck.jpg,train,img-20240215-wa0108_jpg,img_9992c31150da7b5e34fe,1201,1600,42b7a65c20452ab48528c68fa7030326fd64b0413fcaf9532119f89a9485f306,1
train/images/IMG-20240215-WA0132_jpg.rf.LbXacHQNwOvbSBXd5mBY.jpg,train,img-20240215-wa0132_jpg,img_a61a5e5757918f71e873,1201,1600,5348e95a5a2a455f8c55043e8329dc65a0d249de4ab2d4267f377c011b96b555,1
train/images/IMG-20240216-WA0001_jpg.rf.uzfw6uzktUiEAzaTMvf9.jpg,train,img-20240216-wa0001_jpg,img_a78dbb04ebdc20a0d07b,1201,1600,18c83f0a312321f655cc0a06c72dbf511a9cc9d391d6054dd4785bfe83b77ab5,1
train/images/IMG-20240216-WA0004_jpg.rf.KXF3I7E6tfikyW7k2wHU.jpg,train,img-20240216-wa0004_jpg,img_edd7abd02c073a8d2b2e,1201,1600,89a785802bafc635e5e1ddf74f4273c1930579088ad7bf18ea6ffa790f996c4d,2
train/images/IMG-20240216-WA0005_jpg.rf.nCPtzsug4GtmgvxqeqEH.jpg,train,img-20240216-wa0005_jpg,img_ce0179a62cc3096386a6,1201,1600,40d973370848760c3a488d3cea0eafe18655b236dd6fbca256250cc71c21f865,1
train/images/IMG-20240216-WA0007_jpg.rf.9273OEwjarDwziCjfwVW.jpg,train,img-20240216-wa0007_jpg,img_2b622355fa66deff27c3,1201,1600,f414e3933cd99bb396c5fa678ecfb89ab24e85da2b4f497947bb6435b6160833,1
train/images/IMG-20240216-WA0012_jpg.rf.YaazexPz0Dbod1FZitlY.jpg,train,img-20240216-wa0012_jpg,img_2818fede8736accb99a7,1201,1600,1907db407c1238cc31c345529812d4e2b73b50d7b9f95f4e1b177ddf8b322d28,1
train/images/IMG-20240216-WA0016_jpg.rf.8yN1zY0mHhh24qFi0kmM.jpg,train,img-20240216-wa0016_jpg,img_dceb02e74784e5c10caf,1201,1600,3beb700f406a3e0a65537acf4f44a2cd18443cc18a97ab25224fc80a1be9b766,1
train/images/IMG-20240216-WA0021_jpg.rf.ftr7kga2bifZLpb8Nbs8.jpg,train,img-20240216-wa0021_jpg,img_39129add080446dbd161,1201,1600,775e37b93ce23c6e5f39d982be3f4fdcb0ae720aa92d67d06d658fece518bc94,1
train/images/IMG-20240216-WA0024_jpg.rf.TxWF2O256rbixF91N0q3.jpg,train,img-20240216-wa0024_jpg,img_38abf5f1edababbb59b8,1201,1600,68a4b72da11a565d41502eaf2f25c731d208ac71b09083ccb974906fd6213655,1
train/images/IMG-20240216-WA0026_jpg.rf.tDbEA6eLx64vVHvzeEfH.jpg,train,img-20240216-wa0026_jpg,img_c95e7548e2f84319b6c8,1201,1600,955b3fdb5fa8438326c31ec7baa5591d5bdfb899d0640fa71cd674a99b089f7d,1
train/images/IMG-20240216-WA0033_jpg.rf.cp7xi5Q9kcudytwjsyZ9.jpg,train,img-20240216-wa0033_jpg,img_be9e2b7feb73b45c3f38,1201,1600,49df5892b096f4eba01e7d97eeccc007f9aad89ce9d4851d16f512dda27537a9,1
train/images/IMG-20240216-WA0034_jpg.rf.bzuDsTSytaAaxZDmKmof.jpg,train,img-20240216-wa0034_jpg,img_f072c22d9f1bb1ba5c84,1201,1600,0c1d9cf65adc0bbbc1cd66ef96498da941a14fb5cb627722b76b39afd5cc12f5,1
train/images/IMG-20240216-WA0054_jpg.rf.jUTwqypkM1J5lMwPBKys.jpg,train,img-20240216-wa0054_jpg,img_da946c99ec7cc36b475d,1201,1600,1e0c0c36361ca31b531144978da2ed6d3db15765f984579f6056cfa3078c763c,1
train/images/IMG-20240216-WA0055_jpg.rf.pWJ5YEW46wnYccgcGjnI.jpg,train,img-20240216-wa0055_jpg,img_830eb0b71f90b744f9d1,1201,1600,fa7abf958b96eeba821c7a19ab6e5d856e43fb451e1acb8ffe2d293ff7692f0d,1
train/images/IMG-20240216-WA0056_jpg.rf.7R8uANkplBfM6RsQWlkf.jpg,train,img-20240216-wa0056_jpg,img_6ddec2a543b8c5f64a4e,1201,1600,873d2fba3c5fa3a19ca3f2a5b497358c0a85dba997931b8d5900dc7535c6cd85,1
train/images/IMG-20240216-WA0059_jpg.rf.HdbnZ9L8EzwZVr6DtgIy.jpg,train,img-20240216-wa0059_jpg,img_057ddb5ba04494763a88,1201,1600,3673f098f8e858bf60817d3e9333fef98bdcc4279cb5eeabf30a2e9d3599f036,1
train/images/IMG-20240216-WA0061_jpg.rf.5zqu3Zl4CjRUEtqSeCRc.jpg,train,img-20240216-wa0061_jpg,img_315cddcd370c80b6797b,1201,1600,33b58fe2c39db8cac67f4425bd249733156114726e8080529c2f1fbfccb38d5a,1
train/images/IMG-20240216-WA0063_jpg.rf.pSPq70SENyejvkTJqbPm.jpg,train,img-20240216-wa0063_jpg,img_e66779a31a14350bf693,1201,1600,c475be34e8d277b48bc3266e5f43516afa4c78478cc1c6f821da8c5fa8cd1cf0,1
train/images/IMG-20240216-WA0064_jpg.rf.7z7sKHZtqSjzVCpZmslC.jpg,train,img-20240216-wa0064_jpg,img_7fb6658dd17bb850d2f1,1201,1600,92ef71315b3280e7d0f1251e92634ecd8fe65a6cea51644f5ad8b017cbbf1b8b,1
train/images/IMG-20240216-WA0078_jpg.rf.vJ56RH6IVjqzXUMqONtt.jpg,train,img-20240216-wa0078_jpg,img_e2df07cf67302c007e61,1201,1600,c60ce92da844928aebeea8557ed2ba89d4a48ab68f1fbb8d72e705ca26697187,1
train/images/IMG-20240216-WA0083_jpg.rf.s1NWifPbHWWXy3dhDaQQ.jpg,train,img-20240216-wa0083_jpg,img_c98813d5c6ab36c9c50c,1201,1600,4f724fb4059e1f0a06e7e72303306c3a38d8a9893fdd28ddb1aa8e27bb0aae6c,1
train/images/IMG-20240216-WA0086_jpg.rf.iNElTIIYiJ3ymN2tIFet.jpg,train,img-20240216-wa0086_jpg,img_04dc2060c741676d5169,1201,1600,7ec45cc3cd8d9c49ae73269f6b505307b911119392edffd5a1b58267ad2c7063,1
train/images/IMG-20240216-WA0087_jpg.rf.LibSYpg2cce1v09RCI1b.jpg,train,img-20240216-wa0087_jpg,img_1a064fa666f1677316fd,1201,1600,f233f190f37bd537bc02a2339ff673d63828971e6b94c19dfccb32531256c333,1
train/images/IMG-20240216-WA0088_jpg.rf.G3RTrzJzxB4psNxpEVBT.jpg,train,img-20240216-wa0088_jpg,img_36cc026d28f94bb88398,1201,1600,109752007651272aa6719af660c7e61bac38a5068d86bb7a318d9fa90a2653d7,1
train/images/IMG-20240216-WA0089_jpg.rf.A8rILjs2C0QBvy61ncjV.jpg,train,img-20240216-wa0089_jpg,img_005d73d91427810e951f,1201,1600,7e520f05e57dfc6b03d561277c7b38fb3f65179ed753465a8cf46f9c1f32fdca,1
train/images/IMG-20240216-WA0091_jpg.rf.4yFiLY4p5ydY9Pkueebk.jpg,train,img-20240216-wa0091_jpg,img_3bdd2e2f8abbc5ca7ef7,1201,1600,03698b0a2a223c015b9f552a33eca811f8c01b8a5cd9c88967062cc293e7364d,1
train/images/IMG-20240216-WA0092_jpg.rf.ZLyYGZiv7OkWlcrUG1um.jpg,train,img-20240216-wa0092_jpg,img_ef27c5677bf9a1085e50,1201,1600,2737fc8e47ab1e4b15b8c35c1d4ced80bec195fed15d9c731eff02729746216c,1
train/images/IMG-20240216-WA0095_jpg.rf.tq1r6ZIGCHUI9MoNiFCy.jpg,train,img-20240216-wa0095_jpg,img_eb5b5d9a4f822f845d9c,1201,1600,6dcb22f118d240dde262aea78adde6d405c27300b7d272ab699e20b532910b52,1
train/images/IMG-20240216-WA0100_jpg.rf.q3K8ZHPsndTL6i0UYPNr.jpg,train,img-20240216-wa0100_jpg,img_c3c25ffac3092cfbc0e7,1201,1600,1b85afa5ccc6f12c198393fc07d9c89d01b7240cded8b2d70012d4b3b2e25514,1
train/images/IMG-20240216-WA0103_jpg.rf.HQC0dEOuoTEXhbBrjkhV.jpg,train,img-20240216-wa0103_jpg,img_5675255ddc9617be7c6a,1201,1600,1c56e140350294fe05e02b7358ffefb91a1e0a09f57f612c21040e641a8d5b7e,1
train/images/IMG-20240216-WA0109_jpg.rf.tr2K2x4UaCcEzECo8kem.jpg,train,img-20240216-wa0109_jpg,img_b2c590f80e5db08ddeb2,1201,1600,19b0c97189eea3797e4fad8413eedce47d98e7f4adce8d6baea7d733f65aa469,1
train/images/IMG-20240216-WA0119_jpg.rf.XwdJTn8IDBzGIHnTkFqs.jpg,train,img-20240216-wa0119_jpg,img_0763f314cb183149e2f9,1201,1600,35d3fbf28787a47ac3dc59c95ef21fc9e54fb8fd862583b3bd3db8c688a7cbef,1
train/images/IMG-20240216-WA0120_jpg.rf.7jzjWYcrPxcVOmaVV394.jpg,train,img-20240216-wa0120_jpg,img_2c08ce7d63b55760aed7,1201,1600,7bc669b6d66df12b650b416151588d31210184fdc8a86aa11b43ec2ba6dc14be,1
train/images/IMG-20240218-WA0008_jpg.rf.Mu0HXBKlLokQdIQGBSLs.jpg,train,img-20240218-wa0008_jpg,img_56bc22ba0dc181e7f329,1201,1600,5fe7daf46569d9de58d0307c2244989a8808eb167f94e7abc98532e380a75fe9,1
train/images/IMG-20240218-WA0010_jpg.rf.fwvw3VngsBTMung9IAez.jpg,train,img-20240218-wa0010_jpg,img_abf128179005251ee336,1201,1600,ce87f50bf71079d0351b462cc13ecd36513a23e5d35b2c760a28570f56b9144f,1
train/images/IMG-20240218-WA0011_jpg.rf.Rg1qkN7761qwKsCVhc1O.jpg,train,img-20240218-wa0011_jpg,img_6cec6f9e575033122745,1201,1600,55e83cf37d7d0b0033d163b788cf44813c2851b6bbcd9161dac31fa73f0c11d6,1
train/images/IMG-20240218-WA0013_jpg.rf.qC6MglTUDPRMfy04UIfe.jpg,train,img-20240218-wa0013_jpg,img_7f339fd2792c61e6c5d6,1201,1600,dce8877675ff54b4747f4558af678f16bef58bcc8fbf646ede6cdf81f534873d,1
train/images/IMG-20240218-WA0021_jpg.rf.6Vl6OgBW61bcJeXh0V32.jpg,train,img-20240218-wa0021_jpg,img_8c7e3c068cba96b6b486,1201,1600,809420c3c700f44974986cc507ce14848e43fc422ad2da9e210177ea08d51db4,1
train/images/IMG-20240218-WA0023_jpg.rf.qh9KQh5XG0M6rBlgSNi6.jpg,train,img-20240218-wa0023_jpg,img_5496649aaf786fc059bf,1201,1600,2ed67c01e9d3d9cfae6e7abcc3a8d631e71eb40a7f9cca0a7416fd72193bad93,1
train/images/IMG-20240218-WA0024_jpg.rf.dt1U3lJk9G2SXoG0vLND.jpg,train,img-20240218-wa0024_jpg,img_cc61f6eac9e4c6fc0a79,1201,1600,0e327c62b486734bc87951b7f76c29e17cb766a4590c98dd053fee1593201d04,1
train/images/IMG-20240218-WA0026_jpg.rf.fjAMIevrVzIayjwpivqf.jpg,train,img-20240218-wa0026_jpg,img_bd2bfae50f30adc50d5b,1201,1600,fb115be07fc3c0d7fe675af615a9e61edec6423cf42027ee8b55e08a15844e41,1
train/images/IMG-20240218-WA0027_jpg.rf.FHEl66RNbOMnyU2Mtvbd.jpg,train,img-20240218-wa0027_jpg,img_2495ac4418e38952d508,1201,1600,2ad97fda3f541fbf651f4173df0a7417497b86df99905a7ab7a42646ba05f820,1
train/images/IMG-20240218-WA0030_jpg.rf.5Vwr2AQF4C1pSw5TUupX.jpg,train,img-20240218-wa0030_jpg,img_90f01dce2aafee3355ce,1201,1600,26e5d795a7a77d55b95b9e626265890a00608bcd565b8c1d7c308e2be262bf6f,1
train/images/IMG-20240218-WA0044_jpg.rf.32IGIfpgos75jEGTa9GB.jpg,train,img-20240218-wa0044_jpg,img_6698cc58fa854d89a039,1201,1600,58c0e905748c4aeda05f8db1e38d75a79a090ab29f43edb4571f21b687470239,1
train/images/IMG-20240218-WA0047_jpg.rf.zpk8qAUE3b3jgRCCBRlM.jpg,train,img-20240218-wa0047_jpg,img_8608cb9fb76e47a92f0d,1201,1600,02ef986a0c083675d091b939cf9a645e2feabca5e5702781d6a9ecdf1fdd57c9,1
train/images/IMG-20240218-WA0048_jpg.rf.GiPW2pJRogB5C4ReCwCV.jpg,train,img-20240218-wa0048_jpg,img_b59f60358dd0a2963bf3,1201,1600,d07dcb1372492415647622f1244fe7fbf9085c4b39b858c91613558367e4246d,1
train/images/IMG-20240218-WA0050_jpg.rf.vPGgC4Vuz585bhRTYKO2.jpg,train,img-20240218-wa0050_jpg,img_82b0e9a0b8c84e22e7c4,1201,1600,95f564467004acdf9ae028622e3c274e672e8dcfed552679f612082d1b50a9ee,1
train/images/IMG-20240218-WA0058_jpg.rf.vDKWl1uFUK48EiU1yXJu.jpg,train,img-20240218-wa0058_jpg,img_833b2358c9bb7c8561c8,1201,1600,34e57015f71063ae4f2128ca0010449640f7309292124ce5006fbb9bc6edd619,1
train/images/IMG-20240218-WA0059_jpg.rf.OVGQKhjK7UWJ3L7qXsW9.jpg,train,img-20240218-wa0059_jpg,img_bf5c7877ec25059baaa5,1201,1600,5fdeb09e1aa41e16634e33cef1606b00b8dc5beec936aa3f19dfe835c772daf8,1
train/images/IMG-20240218-WA0064_jpg.rf.B4Cvtqey9fNUjGp1AAvb.jpg,train,img-20240218-wa0064_jpg,img_d989ca1a530da9f4f67b,1201,1600,541a034bfc6c00ce7c6711e094d198f401a66f4b7470c31ca91485d49e909da8,1
train/images/IMG-20240218-WA0066_jpg.rf.ZwFrM0OWXyOznGxmsagt.jpg,train,img-20240218-wa0066_jpg,img_c7afe42f16ae7985e7da,1201,1600,cb422add385ccbb0d85bb1d70fb2d44fde23b6774e676717ab734622f4c7d69a,1
train/images/IMG-20240218-WA0067_jpg.rf.iliaoHKGppghcvSUyiwx.jpg,train,img-20240218-wa0067_jpg,img_3572c391de1b345d515b,1201,1600,2ed6fc9012a6935eac2b12f4ca3cd210b77534bb00f6428213abc78e6d03916c,1
train/images/IMG-20240218-WA0068_jpg.rf.HtfSsAJpHep7GvcCWMvZ.jpg,train,img-20240218-wa0068_jpg,img_1e0d3e7e1f3b88022f1e,1201,1600,0f46c8d1091586b3fc48892901b66ec956e4f2b908d9e840d5dd8fa4183dda55,1
train/images/IMG-20240218-WA0070_jpg.rf.860AfP6FEqk5v04sRHut.jpg,train,img-20240218-wa0070_jpg,img_ea5e7199d3ce28a2be6a,1201,1600,105c95e910b2ceb7b64cb4ec3c84f5decb9408add631b7cc2c42213dd384d9f8,2
train/images/IMG-20240218-WA0073_jpg.rf.im5IqIiyMFidIxlX1CkB.jpg,train,img-20240218-wa0073_jpg,img_c082f020b1027f7caf48,1201,1600,2fbe15f9d8d4eac9ededfda52350e075d437a7617b7dd31f8df75b171d5944f9,2
train/images/IMG-20240218-WA0074_jpg.rf.mxQivdHndyoNMDZzJ2YE.jpg,train,img-20240218-wa0074_jpg,img_7377c40e112baff1df1a,1201,1600,bd1fff31101a7b7489a8e45be1347b3292d75641621fcc9f81d093f3a399db92,1
train/images/IMG-20240218-WA0075_jpg.rf.uUOoClKCmvf2inbjS1nY.jpg,train,img-20240218-wa0075_jpg,img_0556089bb3087c66e23c,1201,1600,43ea767088f0f5aa70621a2220d0bf2c5babe69268625ffc126194bec1c5e4f4,2
train/images/IMG-20240218-WA0077_jpg.rf.D77PkwWz0PY45MHZMWwa.jpg,train,img-20240218-wa0077_jpg,img_16a5ea83e1cf529dd22f,1201,1600,3dc2ac16b6ac149425917523adb8ea18c8fca0ad4e5f0c72458c25347721531b,1
train/images/IMG-20240218-WA0079_jpg.rf.vzqHr1zWlQNRULOmXMYD.jpg,train,img-20240218-wa0079_jpg,img_eb051a7eed422c134830,1201,1600,727b73081bc554dc2f3ef7e71c1182fcff7b1ec882bb688d27965d097d0d1e00,2
train/images/IMG-20240218-WA0082_jpg.rf.uyvGgMtnPb1QZt08Dw1U.jpg,train,img-20240218-wa0082_jpg,img_4a4c84033c65d7ddbb00,1201,1600,c16d7a8729506ea16927a85bf897582f5cbcc2b8ac76207a733f4a2fe8a0e410,1
train/images/IMG-20240218-WA0083_jpg.rf.ls38VFFqsp0G8ZCiTRrA.jpg,train,img-20240218-wa0083_jpg,img_a966e603f4e6302354c3,1201,1600,0cb1455b8a3e5f322480a2804b40f12ee3ca1d31046e442cce48fd21c0416d01,1
train/images/IMG-20240218-WA0084_jpg.rf.oskzQuIJB6RGk1STVv71.jpg,train,img-20240218-wa0084_jpg,img_fa7125c5c52d5c0aed93,1201,1600,e6cbbaac9cecaafc89bb7dffb313bafa93e153b6d1b59092c9f60463faab1bb7,1
train/images/IMG-20240218-WA0086_jpg.rf.SJhTT9yXpAB5u9YTbLEE.jpg,train,img-20240218-wa0086_jpg,img_4eff36c5dea41100b6f3,1201,1600,15a32970f6d79ec1dadb397ee3219fe684772e7719eb8f475b386f654de288e2,1
train/images/IMG-20240218-WA0092_jpg.rf.vgQYjTYlR1uEvRQB5naR.jpg,train,img-20240218-wa0092_jpg,img_17be4d8f1983388745c2,1201,1600,1872558ac9ffda3233b04283d83a88afff832a4fe36c4488ce4ce1d1de71d2e5,1
train/images/IMG-20240218-WA0094_jpg.rf.GD7qBsOLJ17QlzggiUTd.jpg,train,img-20240218-wa0094_jpg,img_124333620bad26436ae7,1201,1600,2389e7f9ebca41f339f6b826173dbcc1b2f0a36c14031fc611cdde8d14b32ba2,1
train/images/IMG-20240218-WA0096_jpg.rf.ugXpF4LZQsmwFrCXq5V9.jpg,train,img-20240218-wa0096_jpg,img_716aa5769aa40d70b466,1201,1600,39f5a8fd72552656b489e87a4de3558adbfe639ec029ef949549838f39005624,1
train/images/IMG-20240218-WA0107_jpg.rf.Wp3h1j8wXCSUf5iCwfbK.jpg,train,img-20240218-wa0107_jpg,img_b3e360733a49ba66900a,868,1156,116225dedc047db7642ed05b6399238550edef26e0e41d750d20ff3af219f8cf,1
train/images/IMG-20240218-WA0113_jpg.rf.L45tsmLgN2GyCCFxrh9b.jpg,train,img-20240218-wa0113_jpg,img_15144584a0b879587511,868,1156,9ccef2747bf783b9290c2713c22ab8018dbb86e625c4cca6999fa73d84cbf2a5,1
train/images/IMG-20240218-WA0114_jpg.rf.mZbAhaR1YEc6n4VUIt5r.jpg,train,img-20240218-wa0114_jpg,img_77d3e2e7d4a48b00b6fa,868,1156,de04b288bd7bc669c971bf6a60cf468bb70faf759f4b7ee888613a58945e9b54,1
train/images/IMG-20240218-WA0115_jpg.rf.K7p9V6KV7VV4MjQneyjF.jpg,train,img-20240218-wa0115_jpg,img_6e84c125bf9f24590866,868,1156,3e3b1538dbcf5310b8391f89f96c6bec0cecb53a5ac996fbe1ba124efa7a7638,1
train/images/IMG-20240218-WA0131_jpg.rf.TJYUaDm90iRey6ZvygsP.jpg,train,img-20240218-wa0131_jpg,img_d35333e52c35abd4172c,868,1156,a309255217640d0213d59ae9c313a17d224020680e9cb9ed784fdc2d2ff8d548,1
train/images/IMG-20240218-WA0133_jpg.rf.uwrMlfndcui21n9ABObH.jpg,train,img-20240218-wa0133_jpg,img_284cdff5ae23069b5362,868,1156,ac41f8dd8cd770f84d3ea491930add8358f9de62162d6a89c5eeed553b4297e1,1
train/images/IMG-20240218-WA0139_jpg.rf.WhVpYHSuZGheFgOomHVe.jpg,train,img-20240218-wa0139_jpg,img_5c04d7ad41a7244420cf,868,1156,7d18be0c15e7a4e838c93224e473e5584c42dc8391c755054480505d337da35b,1
train/images/IMG-20240218-WA0147_jpg.rf.KjA1mnTNC0h3k8wY4IiQ.jpg,train,img-20240218-wa0147_jpg,img_2cae7ed974e76210dc1b,1156,868,28e76be8e92a61d5b9734c15d3fb6c006561b649814ac9289aafb42c96391407,1
train/images/IMG-20240218-WA0153_jpg.rf.V08EPF8Md0H7Vg2AsKug.jpg,train,img-20240218-wa0153_jpg,img_920d3129f2183756d867,868,1156,23d3a125f7d61c2a2aa880138b6ecd78bd340e4becfce5785b1e797131ae1d72,1
train/images/IMG-20240218-WA0155_jpg.rf.yPyHwaQMxTU0YVF7plKI.jpg,train,img-20240218-wa0155_jpg,img_44bbad7b2b9de3e63c2e,868,1156,d713be5e90b4584cb5dc9d14b661e429c716aeedde5ff633ad353fb93e2737c5,1
train/images/IMG-20240218-WA0159_jpg.rf.53yGno5X1isvkLCzBG6C.jpg,train,img-20240218-wa0159_jpg,img_663d5d8796264a57120e,868,1156,6e42b2e16ae60cb94d6ddb20f7128fdd0974df94bea4b00f72401cbbd21342ca,1
train/images/IMG-20240218-WA0161_jpg.rf.vvL5ljY18dMcJJqpeOO6.jpg,train,img-20240218-wa0161_jpg,img_034598d34550698251d5,868,1156,bd1b8ebdd9c8e45f1e7603cb7a7b06e443db56d1fb1c985bccdbb29aa1407dbf,1
train/images/IMG-20240218-WA0165_jpg.rf.71WMawEcalYUpPyAeWes.jpg,train,img-20240218-wa0165_jpg,img_49cb40065b8bed11a6fa,868,1156,5ea451c83ef03b839c72681d184774864534af31641a139cbd817ec85896aca0,1
train/images/IMG-20240218-WA0172_jpg.rf.spU6yIfQtFIkXggFqRV0.jpg,train,img-20240218-wa0172_jpg,img_c5e8d3bef9a153841fd2,868,1156,8babfc1e775c4c3b91b4153d0a0864e27f526b7d0a61c08a3cb8e1a40e1f024e,1
train/images/IMG-20240218-WA0178_jpg.rf.oDh34394HtuJGJX1eqlb.jpg,train,img-20240218-wa0178_jpg,img_51a5864a986b09f8e6a1,1156,868,4aba9f6c34faf83ecf78404cf157d052f834833a80d737edc0c100b67cedfadd,1
train/images/IMG-20240218-WA0179_jpg.rf.p0Ebv5OHyDwCEfCuYR2t.jpg,train,img-20240218-wa0179_jpg,img_e1449e20a8620738e3e1,868,1156,7c13c04f928bb73380d44ab0800f0625e2459bdc5e4e5ef3d30a290c215f4729,1
train/images/IMG-20240218-WA0181_jpg.rf.KPzhF5D7b6BcVPLJcX74.jpg,train,img-20240218-wa0181_jpg,img_35d711bb0ec407a5e8b1,868,1156,0639554d24e2b13f98d45c493e22dd7c312c8561d4138340ef6ad59e7ac614df,1
train/images/IMG-20240218-WA0184_jpg.rf.1wGDlnCEebGlywrow3UQ.jpg,train,img-20240218-wa0184_jpg,img_380397abee99e0b2a5e5,868,1156,f30c5fe5ed0811dd5f5024872e16b0fce96641513fb050bf44ef7ec1e1c78231,1
train/images/IMG-20240218-WA0187_jpg.rf.UvwuDpg7NrQgG7KKlWbz.jpg,train,img-20240218-wa0187_jpg,img_d0ecad95d2d7eece81ed,1156,868,76e9710d19fbba087fac24f984cd86d463a7847b180f271b2dd665af6c94de71,1
train/images/IMG-20240218-WA0190_jpg.rf.nntgPU24XSi498kh8Blh.jpg,train,img-20240218-wa0190_jpg,img_8adde71cd03efe519ed5,868,1156,d999b53acadc8d01eb8bfa082e61966c2fda20909dde0f0b086ca3f7a414e348,1
train/images/IMG-20240218-WA0195_jpg.rf.Dm5k9NKaAGoAOjVjjXlD.jpg,train,img-20240218-wa0195_jpg,img_21ae7784d23719b4799b,868,1156,291798629a8c4bf719e456772004eff003bd7d8a4003fc558427381349a8003e,1
train/images/IMG-20240218-WA0197_jpg.rf.5htmCtyGvbxMpy6k6gvZ.jpg,train,img-20240218-wa0197_jpg,img_30aee18b5730d0941681,868,1156,fea9b468f70cd91c8a09bdeee7b6dd389cec6ccb5d62a6065387a8cb302aa7c9,1
train/images/IMG-20240218-WA0203_jpg.rf.Yg8NTMbn7j2VR8kujTSt.jpg,train,img-20240218-wa0203_jpg,img_540581557952e28705c2,868,1156,933172f93dc18546bb3d30240204737a5bbebda21bf3ccbf704024556b4cd626,1
train/images/IMG-20240218-WA0206_jpg.rf.jc38e9o3wVuA4AOP6d2T.jpg,train,img-20240218-wa0206_jpg,img_c98a94f0c8199c8542c9,868,1156,2d2f175c0cf0b4a34575c082f20e243ab0c7687a0ee1e79bc7c15324db3747ec,1
train/images/IMG-20240218-WA0208_jpg.rf.fbGI16rNPG9k73wib1rq.jpg,train,img-20240218-wa0208_jpg,img_171da16c830bda8740ae,868,1156,ba4a7f8f42a0baa2d7c36f529083c2ca30536ea7291fcd3acb1edb401fe76d16,1
train/images/IMG-20240218-WA0210_jpg.rf.84fJa6D7o9SEMD8Haia6.jpg,train,img-20240218-wa0210_jpg,img_cffb4822b75dd6b92616,868,1156,92b0f9e16ec35e680b99fee8b3e4a2b3f68d11bafcffee33266e11f2e0ecdeeb,1
train/images/IMG-20240218-WA0212_jpg.rf.UX0LNt5DlcXZTfmfFfCj.jpg,train,img-20240218-wa0212_jpg,img_37ee6f728559c8399585,868,1156,c79191b06e5fa5cc575b2bc9326c6e55646dd1e54cd2e540cf89ad6d87ba996a,1
train/images/IMG-20240218-WA0217_jpg.rf.U7vTVNdZqu5YNmaTvCKi.jpg,train,img-20240218-wa0217_jpg,img_f30d956e51b3f3dc0e39,868,1156,491f4d180c0f7f1c98b4b264faafe42b6ded02c9cd6462a2ac3942a9540f2c1b,1
train/images/IMG-20240218-WA0222_jpg.rf.vFfglth6pXMgK8ZgBPRG.jpg,train,img-20240218-wa0222_jpg,img_0467399e8f8d01703290,868,1156,6a9593b01312c67f73fac04e2184fa6bacb5ffb443cf857854e344c05d477add,1
train/images/IMG-20240218-WA0223_jpg.rf.F1oFjCOem6PNnx7X5dsK.jpg,train,img-20240218-wa0223_jpg,img_9a99871bbadf19b07ece,868,1156,ceb2f0dc71dab6be4229413e8f465d6b717a8f374deeb5b655ec67ec0d96341b,1
train/images/IMG-20240218-WA0224_jpg.rf.TiIv2yYPx8umQnjcMsA2.jpg,train,img-20240218-wa0224_jpg,img_e1c809e2f01dc4bb2b8d,868,1156,90c426b7f2d5144747a67fbd25ff491e87440d9fafb563d76c8d97b0fc90db45,1
train/images/IMG-20240218-WA0228_jpg.rf.wDk3frYnouQwxAYQ3cnj.jpg,train,img-20240218-wa0228_jpg,img_68a1e065097f3e9e02a6,868,1156,1f837e0b534a3743003066165d93afbb973081a5fa24e0dfd6efb7d969cff463,1
train/images/IMG-20240218-WA0229_jpg.rf.DXwB01mSptoB8rHxTu9t.jpg,train,img-20240218-wa0229_jpg,img_71dce3a733c5ccc3c4e4,868,1156,1c9faf0a2bc471fbae2a6dfef3fe54b8f86412602a2417502906e5d5e0fa2342,1
train/images/IMG-20240218-WA0230_jpg.rf.Jfi8ZHePmX2Fz05VtGt3.jpg,train,img-20240218-wa0230_jpg,img_eddea6a6fdbdec76d868,868,1156,25a2a08c82ba810578f5bbbcd81373ea1e0aaaf6bcb7e8493be5940b2a3aac74,1
train/images/IMG-20240218-WA0231_jpg.rf.FE9r1yuaDifCJ6nLf3JQ.jpg,train,img-20240218-wa0231_jpg,img_ad64a2131d5a51d47846,868,1156,0f7f0ef9b942088ea75dc9ed3e2e775b1a0e5e7b7f37d421aef8c1bf312373cb,1
train/images/IMG-20240218-WA0233_jpg.rf.DJnOOVDwaNRExhOeVhxe.jpg,train,img-20240218-wa0233_jpg,img_6dfc336877f0911273ca,868,1156,23c2a051c1a457b8b55279e117c89cfee20913f2cbd9903c88f595517cb801b7,1
train/images/IMG-20240218-WA0234_jpg.rf.6D2ZSiSNcD0HIJhYH0q4.jpg,train,img-20240218-wa0234_jpg,img_53005b6e35295628ad1d,868,1156,8a3fa7f57f5a4b25aa4769ef87bd914f50dbca79368208da3406cb856086fd7a,1
train/images/IMG-20240218-WA0235_jpg.rf.edlsbTOQ6JJOzmSBRean.jpg,train,img-20240218-wa0235_jpg,img_5f329cd61998a52440e5,868,1156,6c79e17a3ff36f87903185228f85e57ee406361c7dd9ad76b45df28b15d91fae,1
train/images/IMG-20240218-WA0237_jpg.rf.Y1BVAWDOW5qpubEslpjA.jpg,train,img-20240218-wa0237_jpg,img_a8e49d4006f5540edf3a,868,1156,63de106216db408f231d9feecbbade5239c88aad6b1676f3b194d8b01509a954,1
train/images/IMG-20240218-WA0241_jpg.rf.HdCCrKKfmtwpyrWKrsCc.jpg,train,img-20240218-wa0241_jpg,img_5b5e3f2d8a35d9b7cba4,868,1156,ea5d29604ff40630224c8661f4c7a607080da175c1c7a68a40952a614ba734f2,1
train/images/IMG-20240218-WA0242_jpg.rf.FKvvQ2h6IZ5U2DaiHyZD.jpg,train,img-20240218-wa0242_jpg,img_c0a6b59db0268c9464ab,868,1156,d56de1cf3a519943bd70d38f471f6f7a94f23cc4c0cca58e15d017cb5242c12f,1
train/images/IMG-20240218-WA0243_jpg.rf.uYoNz1W0aRpwADZfCVuB.jpg,train,img-20240218-wa0243_jpg,img_5b138fd5968abb541ea4,868,1156,8fe38d4289c28f5dc893356fa37c4f822083ea899162018765f02bb54298a80b,1
train/images/IMG-20240218-WA0244_jpg.rf.i4pd99IRCY5jffITLAVX.jpg,train,img-20240218-wa0244_jpg,img_c007c75b4f5e8aefdb6e,868,1156,12e22a36b77e85a5f927f68a4dcdb591ef69a47fa76ff6efc4c22332bc43a84f,1
train/images/IMG-20240218-WA0248_jpg.rf.HVcB12mbuvGdyPndfmw0.jpg,train,img-20240218-wa0248_jpg,img_9c6a493cdee0beef4064,868,1156,5240f7732c7c8e6f2b685419e57f170001a01024502c9785b5e9866212a720db,1
train/images/IMG-20240218-WA0252_jpg.rf.RMfiW3YejsDRmoCnZCgU.jpg,train,img-20240218-wa0252_jpg,img_e2d5a567c10c595199ae,868,1156,36f700be30dad1a06f4d11fff0b0fe0654ec393b6e24c3d4a488f82b5f313534,1
train/images/IMG-20240218-WA0253_jpg.rf.d7ud09jyQY0z6ZdNxsOP.jpg,train,img-20240218-wa0253_jpg,img_b787bd19452148ca512e,868,1156,91941bef70e35948e7fc738af84e1637351e1a44d23074de961c4691fa46f950,1
train/images/IMG-20240218-WA0254_jpg.rf.TWTkmbxeaOmPoGZKWloE.jpg,train,img-20240218-wa0254_jpg,img_81cfd372c3f02f854a88,868,1156,d2ee44e33462d09ebfd219caaa682bb2b1b19ee81ac26d8b23c573c29115d4aa,1
train/images/IMG-20240218-WA0258_jpg.rf.LUZmQthvDWdwZxA7m9hw.jpg,train,img-20240218-wa0258_jpg,img_faca41a887d41078a84c,868,1156,1efbb9840a7f974161281a13892fd2dfa6ee5194023ee6cc64a5310b11cbaf9d,1
train/images/IMG-20240218-WA0262_jpg.rf.6wIXpGanFbqfz1caCYFC.jpg,train,img-20240218-wa0262_jpg,img_813da730d23f627c47e7,868,1156,9fcace6418474e577a3375878cb86f828defb32257ad7ec39627e29c7d24f23e,1
train/images/IMG-20240218-WA0265_jpg.rf.iEaYASSNTbYAYK9Vpql9.jpg,train,img-20240218-wa0265_jpg,img_51b383a1c60fbb1e3d2f,868,1156,84b88fd9ce6381e8213e9b8b7a13d7eabe893cd2c4128ee868fa60ca9700552a,1
train/images/IMG-20240218-WA0267_jpg.rf.y1KjMMH1TJmIsaQWLyrq.jpg,train,img-20240218-wa0267_jpg,img_761ce249eccee6ab7c99,868,1156,321651df521dd9e29ce34cd313ca164619aed67e9f55512daf064e7a5c842104,1
train/images/IMG-20240218-WA0270_jpg.rf.HbqVROBxLYcV7I3LV8RP.jpg,train,img-20240218-wa0270_jpg,img_1eaff36176161a56cc3a,868,1156,d05a2e99d500698574fff66f2cbb3d562b0236d08f55bb02e493a8283877af47,1
train/images/IMG-20240218-WA0271_jpg.rf.UOIHSdUq6twRE5HSgw3H.jpg,train,img-20240218-wa0271_jpg,img_f2dc912cf481e67a184e,868,1156,bcaa1abfbe84b8315a62495c91f6e429f6bcd49f7f0ae24fb594abc589f2cebb,1
train/images/IMG-20240218-WA0274_jpg.rf.Z4cxKQJDTH40axNI4iEl.jpg,train,img-20240218-wa0274_jpg,img_95f85eb0a5eed5ad2600,868,1156,ce619691302423085c6b10c1ba2a205199f81a4e2be1e8595f476bb48c69b8c2,1
train/images/IMG-20240218-WA0277_jpg.rf.MywnxHqReMCcWCkqi4lv.jpg,train,img-20240218-wa0277_jpg,img_93edecfae53471b421b1,868,1156,7bc4e839357fbb49f32b69cfac34df97633293c39fc2487044993630ac160f2f,1
train/images/IMG-20240218-WA0280_jpg.rf.dllo6MTNXKaw8qb6fuUr.jpg,train,img-20240218-wa0280_jpg,img_7601413379a5d6a2996e,868,1156,18f91f2e06bcc04e869572e188dd24ae6ab30b8c2f22be79310fd0f2361294e0,1
train/images/IMG-20240218-WA0283_jpg.rf.3hpdVFWxcqn0SByqjAYn.jpg,train,img-20240218-wa0283_jpg,img_8f9460171181f2f0796a,868,1156,d77a7324f8fa1fa216bbdf9dc9fc3bf8c8b674f7ea5cda9d06f8d829a4ae1781,1
train/images/IMG-20240218-WA0286_jpg.rf.8YoA09P7uE2BEUenDVyq.jpg,train,img-20240218-wa0286_jpg,img_9020efcb741e555c25df,868,1156,30df40593698e643597820df3660c5ecee80354c65d64872db90ea3dbdd20531,1
train/images/IMG-20240218-WA0288_jpg.rf.CSJKeBMCrK8gL8jj8Ttb.jpg,train,img-20240218-wa0288_jpg,img_933903a85ab1c7724619,868,1156,4ad8d760f5eac927cabf6f558b4cda08430ec165ef693643d0b2e54ded2e7847,1
train/images/IMG-20240218-WA0302_jpg.rf.JYQ52uvLiTgF8vhsXzLo.jpg,train,img-20240218-wa0302_jpg,img_fe61a9889501ea58f390,1201,1600,764ad218a097ed68d3ff3e6cc9f31c84b5156f540885feec63d5bdb9adb10406,1
train/images/IMG-20240218-WA0305_jpg.rf.JOkiW3fnHR5PL02hqu6s.jpg,train,img-20240218-wa0305_jpg,img_2a21ef7255777f49b048,1201,1600,d0fb96e989495141a6855ed80cec3c53445b359ebdcdbcd13d1fc5a4b54eda7a,1
train/images/IMG-20240218-WA0312_jpg.rf.IkHM7xE73xmvNcSDOJUB.jpg,train,img-20240218-wa0312_jpg,img_90400bdda2075da51c73,1201,1600,30aa1435e9b2fd6f39ce4ebfc87f496d38164bf9a9d1fc7720687a274efdb0fd,1
train/images/IMG-20240218-WA0313_jpg.rf.wIgCmIew2PQrrihJAcVh.jpg,train,img-20240218-wa0313_jpg,img_c2437993b23bd91ea973,1201,1600,8c7d7571eb32ee03fed45c81be00e4cdb164e7068956b742d1393dcbf14d1c5e,1
train/images/IMG-20240218-WA0315_jpg.rf.aovvuPULNnT3NVebXrIH.jpg,train,img-20240218-wa0315_jpg,img_f87c799ea157fafec8ec,1201,1600,c2b959842f1d3d3c98f9aea026ac41122cceb1c026dadf57afef9544058aa830,1
train/images/IMG-20240218-WA0317_jpg.rf.wgQNaQ9YSKjVMupQVwzy.jpg,train,img-20240218-wa0317_jpg,img_34ee3afe180eb1d2d93f,1201,1600,8c55d46c143be72db11b37013e5c2ce68b08b2eafec677ee6eabcd616d1f18bd,1
train/images/IMG-20240218-WA0320_jpg.rf.Yex8NFNTS6kn9JwBMVov.jpg,train,img-20240218-wa0320_jpg,img_29c04326c2fa47f7592d,1201,1600,08a878dddabf1743ba92b28e22ef8b5449ec47d2f32d4f6ea588b68ee3acff88,1
train/images/IMG-20240218-WA0323_jpg.rf.8AjG22gn4Zud4ZbwJuFy.jpg,train,img-20240218-wa0323_jpg,img_2438f168f220baf4ce38,1201,1600,2eeec2645ab0565a384fccc4faf67db8925b347332efcc32785b07caeffa99a6,1
train/images/IMG-20240218-WA0324_jpg.rf.57CUMVKNTiRHvr2DIFH1.jpg,train,img-20240218-wa0324_jpg,img_4143d9ec9625ba597095,1201,1600,855906722854260fb48e17ecd58ee04bb5fffd1720ba0eec9ed7666d38fd720b,1
train/images/IMG-20240218-WA0329_jpg.rf.ijszMlDRYlcIripKYZKu.jpg,train,img-20240218-wa0329_jpg,img_2ad824d914446e048807,1201,1600,681dbb14b0f5d14841f434be69a3340ebb94f26be829df82495e6cf45ef04184,1
train/images/IMG-20240218-WA0330_jpg.rf.e0LNDRy7iyxU4S9mg7kM.jpg,train,img-20240218-wa0330_jpg,img_73ff7255a32a1fac2e1c,851,1232,b7e43a41e52901d9acb7ed6b1edb517545f595c887ccc6edc6932a157120d48f,1
train/images/IMG-20240218-WA0347_jpg.rf.HwjoF8eItAtfZ08SkcNr.jpg,train,img-20240218-wa0347_jpg,img_73596f7316ff5088ea34,1201,1600,2e7167a7b4effa08ae122ebb322dc43b71db247f487064b1916bfd5457258bc7,1
train/images/IMG-20240218-WA0360_jpg.rf.SM095xoqwWsHcEj2jRdb.jpg,train,img-20240218-wa0360_jpg,img_f552d4a3d1d90309dd31,1201,1600,3ac9c1df41b37747b0f600e95dfbe997b2f25c2945bdaa8c5cb3b1bc04864c44,1
train/images/IMG-25_jpg.rf.4QLfs6vQCdJ5GMcBggdO.jpg,train,img-25_jpg,img_47a96b4b747f3d4b1dfc,4000,3000,1e72e8f6a1c366645a32c55cb2f843964afb049f1d3c317554da9f6110ae1a98,1
train/images/IMG-29_jpg.rf.4sNC7Lh0JiX10QGnyC3u.jpg,train,img-29_jpg,img_f38a688cf8c9a748d4e4,4000,3000,5ce0558dd3d81d0045e9bff6382d8a81f2b1b89863f1f8727e960d1b33d72334,1
train/images/IMG-2_jpg.rf.uvoJOZt0n918e8wbJ8Te.jpg,train,img-2_jpg,img_64fff60483e356a37931,4000,3000,24788dbb7ffc59e3838bdabbd9b845bfe9d5bb731d1fbf54e54d181e208664a1,1
train/images/IMG-34_jpg.rf.eTKIDnov3EA9VXPTwH9r.jpg,train,img-34_jpg,img_df7bacff647eda0b61ae,4000,3000,cafbcd0aba6f720cea8060ab67ef0390f320d8560ceed5cccb81a84783cfbc4f,1
train/images/IMG-47_jpg.rf.9CjzUPSG4fe8RKYlbBWn.jpg,train,img-47_jpg,img_432d6b1fb0567e912a9b,4000,3000,d51df9a26db9c37b128407122f2cb2d921cb8d613efb8a32a2cae0d5cdd75ecc,1
train/images/IMG-4_jpg.rf.BBVbUumrvVXWvu5oiYsy.jpg,train,img-4_jpg,img_d63f6b9627f3380b550c,4000,3000,ac20c3bccbd2e2a81fa3232bac4ce4ef5dd446e4556ed714caa09dc352b1cef0,1
train/images/IMG-51_jpg.rf.BFA6NQ6So4J1QQaYrwsb.jpg,train,img-51_jpg,img_b108ffcab0b91c3186d2,4000,3000,328c8eccb8840ab961d0390665f08122a6d7aa9c2fc3b5fce5a5a2bce98ec101,1
train/images/IMG-58_jpg.rf.aWrB4CHlp23eQJUtpvbZ.jpg,train,img-58_jpg,img_d60e525140bdc72bcebe,259,194,6067c7cb88c42fd19650623fa6d9c1a15a1e45978e12bd7d6717dbe3ffe0ffe1,1
train/images/IMG_20190412_105106_jpg.rf.v7hHnUOeG3mGJhOr9ITu.jpg,train,img_20190412_105106_jpg,img_2f4a015aa4d952ed8870,961,1280,aa6677b607b6bed4cf4e2a2b44939903a24a78023ab7ea854d09be5c02310f54,1
train/images/IMG_20190412_112230_jpg.rf.efaP5Pd9o0a5PqMZ5THZ.jpg,train,img_20190412_112230_jpg,img_e2c2359619e852282625,961,1280,ecb4fc83906ca0566d4442586652650cf04f798cfa82577f485d7f6eebd4ba2e,1
train/images/IMG_20190412_112513_jpg.rf.J9ZfSaWXAlt6g7vEX6ib.jpg,train,img_20190412_112513_jpg,img_16eb725dbc081c5b5fc0,961,1280,53ca010f71bc9b941ff9b8501894ee741937e22576a24e1be7559bc652cf5bfb,1
train/images/IMG_20190412_113153_jpg.rf.vqVgDxAoCIFS7QvOT7ph.jpg,train,img_20190412_113153_jpg,img_f4a3dd41e5c9a72c1d44,961,1280,839f15137ace424dbf0c0abfdb71a18c4ef5f2c93b89f2547cd3fcc8259b3a0d,1
train/images/IMG_20190412_113251_jpg.rf.4aG0ncqJfT1zH96e3qpw.jpg,train,img_20190412_113251_jpg,img_f7104da928f866f8954b,961,1280,13a47d01ab228d27ec1bbe2c7116484651324db11fed5e388b884e9ba4fc96cd,1
train/images/IMG_20190413_121712_jpg.rf.icIskLukarHog09yGJSu.jpg,train,img_20190413_121712_jpg,img_853f25c95082c84a434f,961,1280,4b83959c352ff3473b3189e2587d553c9f158f155c765e89537acb2f0894072b,1
train/images/IMG_20190413_122349_jpg.rf.8ByhDW1sZ4pdPZHwWPaB.jpg,train,img_20190413_122349_jpg,img_bcfdd17261a787b69288,961,1280,1a8761693222aa03cfb69b9f9cd53e11e8a872a30d213d359def0321f6c54b42,1
train/images/IMG_20190413_122728_jpg.rf.DZGwFMpRxG1IV4mo3st4.jpg,train,img_20190413_122728_jpg,img_711fa5dc2eea99d269a5,961,1280,90b15210b210ac3efd2fc7eea24daf61a54f12aafcb0754879bca54b5f5aee36,1
train/images/IMG_20190413_122948_jpg.rf.5ovxg5qQ4VSAkrWlmcfP.jpg,train,img_20190413_122948_jpg,img_d0dccddbc1a80ce5dcaf,961,1280,69f3bc7446ff12cc1c9585fcd00d28672bd5091206472d76cadea7e1c901535a,1
train/images/IMG_20190413_123604_jpg.rf.UfAchMJZ0V6yW7tETOh3.jpg,train,img_20190413_123604_jpg,img_a16b29f36e11a78fdb45,961,1280,bf20ac28ae9d0dce0a8676c3fe3119137ee1f36de139e714bb6f237830ea9132,1
train/images/IMG_20190413_123810_jpg.rf.pF1eIYvGNwCyqr6wXvd6.jpg,train,img_20190413_123810_jpg,img_6b4ba89974d44dba9b14,1536,2048,6542dda5c4c3d4db0c211452984583b8c965b1633843cf562c040b098ebc69d6,1
train/images/IMG_20190413_123942_jpg.rf.eIdxVGfkoOH8RwZ7jW89.jpg,train,img_20190413_123942_jpg,img_9df690e4c3dd520ec832,961,1280,6342bd61ae603108a72493931998bd83308ddd9a80620372567414cbe524b51b,1
train/images/IMG_20190413_124148_jpg.rf.XEBgeS2dGbHR02K1RIoS.jpg,train,img_20190413_124148_jpg,img_e056a1d1be24f6b61d19,961,1280,e563063171d44ff7038d8327c253f7799ad8115891699b891f7d0eedc8438422,1
train/images/IMG_20190413_125033_jpg.rf.9o9ptYogfgWFXkgDKvBO.jpg,train,img_20190413_125033_jpg,img_59b59d950dc81dc8c008,961,1280,e4238c62eb55fe3d3fe956b88fede65daba02f2e3b44dcfaf990dae9fd56df41,1
train/images/IMG_20191220_153504_jpg.rf.ywIb5LKVL3sa70TRAyit.jpg,train,img_20191220_153504_jpg,img_b21c4732c565f1c64c6d,961,1280,b5d2da55787472a2a5a3efe84b43773d6dddc1200638b85effeb53d05f2d216e,1
train/images/IMG_20191220_153714_jpg.rf.57p72J04OHZ2j1faPugZ.jpg,train,img_20191220_153714_jpg,img_9a25b9c2912ee3b6c02f,961,1280,7c560a122289326ce9eb52d91b7ad7514df368586fc78a1b939a7d25c36d7a46,1
train/images/IMG_20191220_154133_jpg.rf.wKDRbTfZkpX5URBDjKc4.jpg,train,img_20191220_154133_jpg,img_f35549432e738d27b867,961,1280,93f956ac626d19ee5b57bf29fb2651a55083f383ff4ba2b7d87b4d889b808f2f,1
train/images/IMG_20191220_154503_jpg.rf.P0g5AaJJ8B2Ucvem0tjV.jpg,train,img_20191220_154503_jpg,img_bd3c35fd44445b88f4f6,961,1280,43d7df7a04c1080d3adfac49eccf7aeea7150c52cf666d4e0ccd6b3cc449fd4e,1
train/images/IMG_20191220_154728_jpg.rf.NdQdMPzngwHaOEHyvV0O.jpg,train,img_20191220_154728_jpg,img_2dab0069c53c89598062,961,1280,9082adcba0c61d7e3772e9586ab6d75966186d73c3e761229d19ecc599d38d5f,1
train/images/IMG_20191220_155146_jpg.rf.e72jVqDhafDgBlQEtPXv.jpg,train,img_20191220_155146_jpg,img_3c83a41d2d12d090b082,961,1280,fe76f0530347dc7293599f6bc1b3fdc8b373f02982e3e2c6b51f03774c228ff2,1
train/images/IMG_20191220_155342_jpg.rf.uTtxNb30zQvH0M1hhREb.jpg,train,img_20191220_155342_jpg,img_af50d7dcf11d84ceddca,961,1280,af5954db4dc7053d6d554855cfd2bdca8cb24019807bcd9950f7791727edd6a4,1
train/images/IMG_20191220_155624_jpg.rf.siJI0zH0jrzuF0Y0GSp4.jpg,train,img_20191220_155624_jpg,img_8d40a3a4eb0c95b39904,961,1280,05bd4dcfa7b354e975200ca0283c147c4baf7602c9febdebbe84b5882b8acd63,1
train/images/IMG_20191220_160448_jpg.rf.SXU7Dnr8h5c8KjOXtXIO.jpg,train,img_20191220_160448_jpg,img_3ef3214e44e5a2dc5e4f,961,1280,79f24d6e7209e0a0a35897d6f887382bc8a3e8c7e9acad9e6befa01ddf573bd4,1
train/images/IMG_20191220_160610_jpg.rf.5e5dKiy97NMBCUoIxCKC.jpg,train,img_20191220_160610_jpg,img_e068454b4a819b00c416,961,1280,5f65288b046f5f0d3a501f8d5a45959be675c695d217d31e69e85df185ba9096,1
train/images/IMG_20220707_114321_jpg.rf.800cOH5gyJMyFnsyDWqG.jpg,train,img_20220707_114321_jpg,img_b3518d696f23c95161fe,1080,2665,f3bd587cc287dbc428e06b5b818bd91eaddea145c550e81c0cc29d63046abacf,1
train/images/IMG_20220707_114910_jpg.rf.CuYaYWH89ihcwFGuhG1p.jpg,train,img_20220707_114910_jpg,img_f4bc9e052e0b4c0bd012,813,1990,ac2ed3dbb8648ab89d5b3f46aa0f52f137c2561541f6ee82deb375c7b2ee81a1,1
train/images/IMG_20220707_115112_jpg.rf.D0gkTakCqEqjG9SBJnqv.jpg,train,img_20220707_115112_jpg,img_530a7b35b17355e39329,3000,4000,2352d6eb2fbd732539596e6182e76662af63a4cf75e5eef45fe4367728e31de4,1
train/images/IMG_20220707_115249_jpg.rf.28GLT5Zq3hAb2Fn2HKIG.jpg,train,img_20220707_115249_jpg,img_d9904a077e828ea01e07,1013,2351,9e05c432165b16fdb804337f7764b8148d228a3fad40b9aae2f44e1f09aef654,1
train/images/IMG_20220707_115309_jpg.rf.6kcY4Uqcv1pAGorCAu22.jpg,train,img_20220707_115309_jpg,img_f5c3a98df9066a6061b7,2865,2771,d6d22a06c0504b859a4ee50c029839159e332ffb73d29edaca2636c2b8219f34,1
train/images/IMG_20220707_115317_jpg.rf.L0Cg2BstxXwHCUq2BQWA.jpg,train,img_20220707_115317_jpg,img_ae431fa12fa2ca165ee3,2975,3311,c2f0cf256a2eccd9e737a7443bd7f29c62bb6c99a071f5502b559fa8a22d4dc4,1
train/images/IMG_20220707_115700_jpg.rf.6YB9ixTBe7y9neo6CqEW.jpg,train,img_20220707_115700_jpg,img_82507abb62be1a0affce,3000,2965,238db361fee4b02f0cd534efc958fa0d80ff27a4f6580cc44f15ea93fb772f0c,1
train/images/IMG_20220707_115745_jpg.rf.8nqqPFsY9yrjrjJtxArg.jpg,train,img_20220707_115745_jpg,img_0bb485248ecd85a6309f,3000,3052,7b376b55af4590718cfdcd45e781e57fb11c5cbf8c4d057557aa2dc9cad9b8c8,1
train/images/IMG_20220707_115844_jpg.rf.qm1lvb5qdBTdGebw6qZF.jpg,train,img_20220707_115844_jpg,img_8ad895cf099bb321315e,1590,3172,e1c124f547cf3708cbdc4c77c302f529be01019b45e63cc83490a836c2cc68fb,1
train/images/IMG_20220707_115921_jpg.rf.b7LA9bzdOwscmIUKmyNr.jpg,train,img_20220707_115921_jpg,img_fe5304eee93cc206dd34,2155,2964,330e7955e85d649d5ab27765df37cdab6c73fd3003182709b1d602ae32b2a427,1
train/images/IMG_20220707_115950_jpg.rf.ys9eHrB1yEvacKA3zSr8.jpg,train,img_20220707_115950_jpg,img_7705d0e5e50b3d6bf6f5,2305,2568,864ccf3f53833da0dc6a608bc02926c59818d637e7b7d28be759c74d12ee22a0,1
train/images/IMG_20220707_120120_jpg.rf.s7if1r75Qa1AuOWbpKF6.jpg,train,img_20220707_120120_jpg,img_2013697712f8171f5fb6,3000,2600,571ad4c4a5f206aa7982eea16e09bb015c1963d7c60e3d80a2f2e7c887b22e91,1
train/images/IMG_20220707_121135_jpg.rf.uMyduRLXOzXfynTFZM9r.jpg,train,img_20220707_121135_jpg,img_a6252f9996bd5406a712,1166,3577,267964d72a0a8ff7eca83a38d18da1ff2fe62f4a45eafda3835969c28958c0f5,1
train/images/IMG_20220707_122612_jpg.rf.xlqIML4aeV4jDeCfH4El.jpg,train,img_20220707_122612_jpg,img_76bebd6bdfe2177a99e9,991,3844,abadc6327b8aa6af05df29053852ccf69b1fe9f69a895b423c4cae482354e2aa,1
train/images/IMG_20240211_144943_jpg.rf.C7Z3eK74Y3lgB04I7caR.jpg,train,img_20240211_144943_jpg,img_d48f44e006a59290cfe6,3472,3384,26995eda80cabd5042d2cb1946d5791b2781adf148c7613ec9854c419d4cae4d,1
train/images/IMG_20240211_150111_jpg.rf.IZeQyvkmTeR8bnuMdJu6.jpg,train,img_20240211_150111_jpg,img_17719b07575cc863484d,1531,2867,ac042908b9807231f597d02ad8f08073906ff4248fd99f98cea58ba7ce72bb3c,1
train/images/IMG_20240211_151147_jpg.rf.NQ36Oav6BD9LVIyHHRzc.jpg,train,img_20240211_151147_jpg,img_a29eeeef1f904ae2db53,2349,3155,fa3ee9b4df8fbc5c62ec250cbba87830b0d894bfd59a648776f10c119131003f,1
train/images/IMG_20240211_151220_jpg.rf.fFe2pYCNARJnsbfKDesI.jpg,train,img_20240211_151220_jpg,img_00d838d6ec1605cd7339,1543,2315,4f89e8023aa7af5d26f0dc4f4f342b834ca35658fd9c478d1dded07eadd45fa3,1
train/images/IMG_20240211_152458_jpg.rf.yTWxnH8cyr9nFkTmb02S.jpg,train,img_20240211_152458_jpg,img_fa072c53110a074ece83,1885,3406,d48fa3b07e220e10e98bdf40a283b7f96832f05001b1acd8515db09cae192656,1
train/images/LPBD_T-38-_png_jpg.rf.03oQ8mOLSAtOVLdSfQMD.jpg,train,lpbd_t-38-_png_jpg,img_5b1a8dc46fcc19ae0425,712,375,6eb840ef7ea77822d407919727ed3cb4932c5951089a56d861d25f806f4dbc0a,1
train/images/Outline-of-the-Bangladesh-license-plates_png.rf.fbMpLwNj5FEJQResRGcG.png,train,outline-of-the-bangladesh-license-plates_png,img_77c82acebde2a9a2f92d,850,233,160a6f341c106a2c5bf541573d0e47e3c668b86b48a26fb2744d10c886d63597,3
train/images/Outline-of-the-Bangladesh-license-plates_Q320_jpg.rf.HCn9GlI99NMxKuXd4GxY.jpg,train,outline-of-the-bangladesh-license-plates_q320_jpg,img_d62e760b2190de046ab3,320,320,4c2ae57704b3a25d174ed421b86a9b510d3d97875a1de63ff9221db086064e72,1
train/images/received_1064900108147455_jpeg.rf.kfotoz4M1TbCR7noadZR.jpeg,train,received_1064900108147455_jpeg,img_8718fc42ed40c35238f2,1536,2048,9b24ea1bf59d453d9c5537acb6176d5e58fee84465cfd8190b3724d04bf11aed,1
train/images/received_1065599734657765_jpeg.rf.D2aN1H5Nsgzg1QyJ7Glo.jpeg,train,received_1065599734657765_jpeg,img_0831788a7b4c0c2e7ab8,1536,2048,0ceb3883551f12b84766f0d9574a5b0ec25a7f21a704023fa5dd1fd9b0b2bbaa,1
train/images/received_1095930648275904_jpeg.rf.tw3dvn9vSUAhIVqWl97h.jpeg,train,received_1095930648275904_jpeg,img_74c6faa01aa90925af9a,747,417,2082de7fc6b6b3dda00b3d67f5a084a1a757a552478c567b028efccb2d7d3d42,1
train/images/received_1336414137071274_jpeg.rf.LrtssBjzLeYZL6XZMfzq.jpeg,train,received_1336414137071274_jpeg,img_ac9e46fce8543d375cfe,549,567,1267748b0e499e5f21afbcd4a5a6dcb7cd68c216a3711bbf759181d06a027b26,1
train/images/received_1586130212220154_jpeg.rf.es3lwO3YjTyClBCJbFVU.jpeg,train,received_1586130212220154_jpeg,img_5cf6165f2410e681049c,1536,2048,c12459a71a5208725f1eb41c0bfea36fd11522473b0708cf317a8d0c1943e617,1
train/images/received_329950509440987_jpeg.rf.r3pIUn5O3F7W3pdOlP6q.jpeg,train,received_329950509440987_jpeg,img_c60a714321f6b0ccba33,564,702,0d30a735d33735e84bb8a37470236796f26263c0cf162a0f680d459fc2051cf7,1
train/images/received_3695884487334584_jpeg.rf.gP4uCW2I11kAjinIrvnh.jpeg,train,received_3695884487334584_jpeg,img_81ce269b1782b85418fb,1600,1200,96d1159e4f619c1ec65b4d04949052f7ed5388c83efb90d7439ed5ea81209bdd,1
train/images/received_379192911404183_jpeg.rf.p4xHq4TyMYKfi2orcbpJ.jpeg,train,received_379192911404183_jpeg,img_7c9e369cd4cdeec7583e,648,563,b9fe77ae7d354812cf99a9823411ed434a81236b0a6aa2188ec3f3b491c933f5,1
train/images/received_706545264972350_jpeg.rf.UMxUSTPNWWiZsNk8yIun.jpeg,train,received_706545264972350_jpeg,img_76a11dac408fac53cbf2,822,946,52644bc683db726cf2c09b3dec72172e56a8a33aba9c17d0f0b7abc07e846d59,1
train/images/received_7151369414899207_jpeg.rf.2sbViDmh8JFzjLGeWUOP.jpeg,train,received_7151369414899207_jpeg,img_47608d1124d71d2294ba,840,1240,d09ad900cba7ca3445d2524c48138a0198cdbb2640df714890858e8d2696c7fe,1
train/images/received_776454177865516_jpeg.rf.IRI1QgOC6FEpR236hDNS.jpeg,train,received_776454177865516_jpeg,img_d4c09fbee91a7123f659,949,856,b91b8ab52bebbd9dd3d80dc72abc50ace10634174d20066dd63a37a4e1dec2eb,1
train/images/Screenshot 2024-02-19 131101_png.rf.guQjJt3FnejSVMV2pyPu.png,train,screenshot 2024-02-19 131101_png,img_a729d6d6ff69a036577c,489,325,2b9b76a60c54c222fcf98ef807e5519c1603de097fc99535547fb6a21f319467,1
train/images/Screenshot 2024-02-19 185742_png.rf.wmdzqDvAJabpcLx9gEgW.png,train,screenshot 2024-02-19 185742_png,img_2273a4a7e3aef89535ae,227,158,c79385cd7b30785116fba08935bb75fc2ccfd9154346876e2348af0a20c889c8,1
train/images/Screenshot 2024-02-20 003524_png.rf.ey45ePeAWIdBWDZExBX9.png,train,screenshot 2024-02-20 003524_png,img_11195411e937b0e62100,937,580,c88cfd0b431d92c11c696968ef1e173747b91da67ccdcae4da836aaffeb7d740,2
train/images/Screenshot 2024-02-20 004022_png.rf.ehQ7kBrLVZrgViUb8Li1.png,train,screenshot 2024-02-20 004022_png,img_34d02d411b08fb3d4639,386,307,072bc377b94b1cea2f43a3bd92994bef0967d5058fc3a1c32bdf31505274a054,1
train/images/Screenshot 2024-02-20 004104_png.rf.CFXGdZq5KBomm9zIt6o7.png,train,screenshot 2024-02-20 004104_png,img_4ffc422461c736e405e2,389,288,b6d602f671481b5905341e4205357a071ab1d7c4b05cdf389f5eeac6ca9b92b3,1
train/images/Screenshot 2024-02-20 004429_png.rf.EuvWqN0M5S4Y9cbpz2MN.png,train,screenshot 2024-02-20 004429_png,img_c17872611b0c5d707530,646,516,f814800be21f9c065eac6481db60ac21475e1696d2ce4ec6b49e047dfe15c84a,1
train/images/Screenshot 2024-02-20 004453_png.rf.wMHGqPQNsRkQifLxPRXX.png,train,screenshot 2024-02-20 004453_png,img_4b1e439798c3e0fdfdbf,636,456,ff286844de38a07d3c69550109affd4b7f88b0aa1e5ee33a4106e22125612cd5,1
train/images/Screenshot 2024-02-20 004513_png.rf.I4YC2VhltjJP1htHrJlj.png,train,screenshot 2024-02-20 004513_png,img_520ba6d2d11c9cc4d8de,484,277,ca5efad4bff2dbd78a29a3d17a7053d68c02b2fc025fc3c9ee59ac895158a77c,1
train/images/Screenshot 2024-02-20 004751_png.rf.JphSSNJzY3cVZ7X9HTjC.png,train,screenshot 2024-02-20 004751_png,img_89c9914668cdf6b569c6,614,401,55db3da98bb9899c52e790ea60f9cefa42d4e8b4c6258208d254a7ee9ff47987,1
train/images/Screenshot 2024-02-20 005105_png.rf.LxLZR9d4wr7wLtXb1OlR.png,train,screenshot 2024-02-20 005105_png,img_2d78c54670dc9ff6e734,712,454,33be7f103bd0e10c27002e2fe8dd809bb0785877622e7ac49922a4abc54f2874,1
train/images/Screenshot 2024-02-20 005230_png.rf.fYmehaUe7nGIfsm8ijFW.png,train,screenshot 2024-02-20 005230_png,img_7b9680d6ebcb36dc17cc,893,467,4416cf7a9739f19083597697e044e17afe7abc2a0193b6239abe07d71078313c,1
train/images/Screenshot 2024-02-20 010313_png.rf.hMq5WujSRbz7Kzxxf8B8.png,train,screenshot 2024-02-20 010313_png,img_1611a225e8cd99389524,294,188,3978629c2f72c0f922c56b75fdfce002ccb84c2809594663ee1fc6b5f25f5d97,1
train/images/Screenshot 2024-02-20 010340_png.rf.uQcVtW4EpXjqzr8EdaAL.png,train,screenshot 2024-02-20 010340_png,img_1a176ee1be387fd61ad5,276,201,ca57951147508b8ce7a16b808df530bcf46c7749f0ae0e2c1915ebba3015c6eb,1
train/images/Screenshot 2024-02-20 010439_png.rf.wVgDjTXnitXKPKtrpVyl.png,train,screenshot 2024-02-20 010439_png,img_dd03f8528f7cbb9d9c5d,332,174,8e58a11622c23be64946afbef4811efbf8c053b0b78c2a9f862485f661d04ad0,2
train/images/Screenshot 2024-02-20 010954_png.rf.JZNrYV7wOHSz7JoEQyJv.png,train,screenshot 2024-02-20 010954_png,img_02e1b8da9768b18a69e1,382,266,668e3def850cf85ca4f0ee8e0deaaf60e3f6519ebf9bcab88b7ee77398ecb1cc,1
train/images/Screenshot 2024-02-20 011009_png.rf.7it81iv6ld4Y0dGVfwqU.png,train,screenshot 2024-02-20 011009_png,img_76af44f264924189b5bb,246,172,b1c5b178b087b20b4acbde6b77dd2b98b4ba5da753268f1e4ceac26abaed8b23,1
train/images/Screenshot 2024-02-20 011234_png.rf.Jv7NqMwoybbdTW9nVepD.png,train,screenshot 2024-02-20 011234_png,img_8defefef0fdf7f531504,514,347,a8c7edf3a07091e5c846771cfd1ae3603cf8587ae95af5068eb82ae2347504fc,1
train/images/Screenshot 2024-02-20 011724_png.rf.gkPaPDm9cqi3gExjqPwz.png,train,screenshot 2024-02-20 011724_png,img_647896890500c702e70e,443,180,480ee0b2e23ddeb8667ec931d69726e1a3011ebae60c294acd8886615edafeb9,1
train/images/Screenshot 2024-02-20 012119_png.rf.uSdndY35Ujy6MR5SsniG.png,train,screenshot 2024-02-20 012119_png,img_13a9578b9b3ef7d814ee,620,378,91ae972a0d704172bf31385d077d21702c2eb1ffe854c9cc4d9d98777131653b,1
train/images/Screenshot 2024-02-20 012656_png.rf.tESQmRtn9i1D26iHOGSB.png,train,screenshot 2024-02-20 012656_png,img_7be2267512c2da5b64e8,824,564,7947033056f2a42a77c4d79232f7a3c0d15de3dc7750d528e553330fc58184c8,1
train/images/Screenshot 2024-02-20 203706_png.rf.Y5pJmp9yZwiXTK3HbajY.png,train,screenshot 2024-02-20 203706_png,img_845f3a5a450d9a1affc8,1290,641,7721349ce37d0e6f03060a5bc1b57e5b6721b78eba4274240a4c3fa84b17930a,1
train/images/Screenshot 2024-02-20 210201_png.rf.VzsZDBMZZPKCvqolrPSU.png,train,screenshot 2024-02-20 210201_png,img_4b0fcd7db32467ac0b71,770,517,6549f401d71cff0d7ff0ff27c8013d411b47eef15475a59eff5a451a7fa7b9b9,1
valid/images/10295_png.rf.qWm2akIRDZOVSrNCxLn6.png,val,10295_png,img_21e8141ce7a3549f8078,903,707,34a1b31498be7c8d2d5f08e27fa3aa2446c5162df83cbef3987b335534217e87,1
valid/images/102_jpg.rf.aGlzaJJBgkwn6hba5pjU.jpg,val,102_jpg,img_63c0857c8ead7b767b65,960,781,49b2b42d3b8ebd7b00ba5f56bae42578da80b2f16ff828a5b053c5fbad89f9c3,1
valid/images/104-jpg_jpg.rf.2CujaPEuoxgeNURBNOPr.jpg,val,104-jpg_jpg,img_bd6331e711aea8232573,4000,3000,bb42eaa845f5044eb752b01edf4a1c394306b84c3fa048c426d548bbf0be9083,1
valid/images/10518_png.rf.qWqGRWZgPvUuUUstCmGl.png,val,10518_png,img_973329cc3d6d179c1316,471,305,b8f56316902f4486f3868806a3298a7ccb556d50d63e92d563829c193c1f6960,1
valid/images/110_jpg.rf.SU4t5kH8cEnQFUTHEoHh.jpg,val,110_jpg,img_3967673275eac8f9c25d,800,960,d40c33b6b40e2b1fb571a8597f5254e996accac653e9a3d220df0c287991832f,1
valid/images/11104_png.rf.L9OYZHaxN1hlG5gDgTY3.png,val,11104_png,img_758e830b05bf17a2f02b,1840,1265,43adafd3658c6a00770fa4a8e075b469a91d21b99d6cdda8675e7559eb04e862,2
valid/images/11212_png.rf.XvZEScWieXLyfNYD8gN7.png,val,11212_png,img_1017a3d857ce03b1688d,812,906,7866a5067923652f6a1a9110dcc543f992f93248a0dea0932e7fa17a26f4324c,1
valid/images/11282_png.rf.Npp9zE4m5b3xGLx9B0SK.png,val,11282_png,img_762c174381e2eefac15e,626,331,1e242b5cd302ad04d39382396c0d36b76a807af336480d198aa80d9707c32b89,1
valid/images/113-jpg_jpg.rf.olBsUFpIwwZxhC6gX1SR.jpg,val,113-jpg_jpg,img_e3c63d30e2ccc6f4c892,4000,3000,524d328ba20e6427c4474c20db19a6459e45da7b7c967dd99a0c79e7ddcda911,1
valid/images/11564_png.rf.MzEF6soi7KQ9QuZEAeR4.png,val,11564_png,img_5130374470cb3526ad45,861,942,66c7a4c6e64c2642fe04fdf4ff3eb361acfa5ec651dc12d9f9973541021de24a,1
valid/images/11591_png.rf.oe4cWLFKOeZEY1Gjlfft.png,val,11591_png,img_c4f5e6bbb0404fde5935,897,692,ac4d4e7d6cf905233af73692ec8ffb9005a81323fc0e1fb8a7761f6cee8a788b,1
valid/images/116_jpg.rf.P9kIViqIEQwRCHttkOMt.jpg,val,116_jpg,img_196fc7e6475715778802,943,960,6cb5bc65d7edd963a65b228f012efb88cc5301674d945a20f1051896630424d5,1
valid/images/117_jpg.rf.6WDN3sL7e06FGRxYSW3O.jpg,val,117_jpg,img_1a28a1613c8a87df7fb3,788,960,db53ae4917fd607cb4e81e7a7fbbc526912d98197fad5a639a4682e23f0b7e02,1
valid/images/117_png.rf.v31LFSfmSDirlyzLvmQa.png,val,117_png,img_94d910a6e197ca97e3cc,601,359,dd6d5c954307300e3f3adc75b7e28ee4af83ac23a2cb031ad064bd67b3a0ee4b,1
valid/images/118_jpg.rf.6R2qx9M5a6czMzaI20hd.jpg,val,118_jpg,img_0ec777358162b39e96ca,960,830,e002c63fb3bf7c32cdc9bab967d7a185293fe4b3a8a0c88ec9c1b907675a4471,1
valid/images/120_jpg.rf.3fipNWByzMEWPGIKXvIS.jpg,val,120_jpg,img_a1daa646def185bc69db,960,640,ac95f0f9684f6fd3a25b0f4afcbd9657cf8a32b3ec548b4e7702786e38c95406,1
valid/images/12319_png.rf.eEY7PCsdLVMgYhgk1HJT.png,val,12319_png,img_ef59a138a7b522aa8187,841,1098,1808488860742128f80181a4fcafae51d879e1a3afed6ab31014c50cbfbaeb97,1
valid/images/12590_png.rf.P29aktvKWLI9812QPzev.png,val,12590_png,img_d8cfd648688fc6db7318,988,1005,b0e9d605f5d046b216dbcfd5efa50ff2dae731662ee2582e7707b97e8e4ddae5,1
valid/images/12782_png.rf.TbxUxpSLOS1Yx2zXTOsN.png,val,12782_png,img_04eb757d75babc6ea7dc,628,412,d6246aedd932368a9500fa21902fbf67b351118f0712799ae251ff5e6d184fee,1
valid/images/129-jpg_jpg.rf.oqhGGHI8APQuMQmKlwhj.jpg,val,129-jpg_jpg,img_3b24ba8bbe611663ecbe,4000,3000,a20c4d5033ccfa51ead43c70029a440d1d0ad3a3b736a0a1e912199f5dd448bb,1
valid/images/12919_png.rf.gGyVqPuHLcxcurcTOUXy.png,val,12919_png,img_3c2fca47668aa111bda0,797,591,20eea72519b685470651b6d498c4d993c311194156f08d00f77c9bb7fed3ecc7,1
valid/images/13764_png.rf.WwA64o35PCNCMKTIQduR.png,val,13764_png,img_be5c1a4d61e62383330b,698,798,38b7f730aac1595ee48268a167e7c3edd2841f534fcd30c258f843cce80cd5c0,1
valid/images/14064_png.rf.tLA6rpTGv8d6DlsMvSm6.png,val,14064_png,img_318d7679a8aa6f4fdce8,722,631,f0dec08257c3060509968bb471d8a7055f72bee4d766bc6fd701ba4acb3d8886,1
valid/images/14228_png.rf.wbwhwa7sMt2qucth5YY1.png,val,14228_png,img_e29887b3519d98108e2c,577,419,aff8c438248ee4edfcf697f7d8b880b036bd163201a519a38f82c0b7e2bed049,1
valid/images/14291_png.rf.4EP7ZqkQkWz0ItFLwz3a.png,val,14291_png,img_d426ed27feafe8006999,677,851,ec8705923f8edd5e986ab0a62ef91bc510c1544723b454d9e647d0a63731de85,1
valid/images/14372_png.rf.0LR9blvJhovHc6xWJv79.png,val,14372_png,img_21214920b2dd1ff7f5fd,3840,2160,507474c1245765326107e0455d239639b670ccb6a77d8d8df6df80ed66c84b70,2
valid/images/14426_png.rf.YUm5RaNgKIUDTDsolRMj.png,val,14426_png,img_745f62d61f44e97adb71,997,872,ebd56d55eea35464e80c9ac260178942934041ef2c510244e497e717ae530001,1
valid/images/146-jpg_jpg.rf.yu8zdj52wRoJEc3pkWWx.jpg,val,146-jpg_jpg,img_c905afb3cb71c55a112a,4000,3000,8e7f6a044e0fd81d48f82c5adc96ea2a83a36086ef1b37d47d145185b52ca353,1
valid/images/14615_png.rf.MiOKEORvjXRBGA9ymNE4.png,val,14615_png,img_ef37d7a6d74db6b60dd2,658,767,9caeb44b6c3cb1920f4aa4f55c922b2c4fba682ad079fd332494e483b1310d0e,1
valid/images/14719_png.rf.dDJR2ILKQ70k0YXHAwhp.png,val,14719_png,img_3d078e9a52f35bd0b10a,651,372,ed0d0dff08098f3fab0b8078dd9a0e3c9c770c6130893661ac3d2007b1744772,1
valid/images/150782734_3644719202263316_5954114851194364716_n_jpg.rf.ys6hFzmbMvjIpDXwmui3.jpg,val,150782734_3644719202263316_5954114851194364716_n_jpg,img_ff55c46ca27a9d0e7bdc,2048,1536,9c04a6215f91d90e2716d682ce499b3ea9c9f194c5a7b36af86fb179ad6e9921,1
valid/images/152282963_769081250324256_4109239558475832462_n_jpg.rf.dLb97dQCS99R8NEQGQ33.jpg,val,152282963_769081250324256_4109239558475832462_n_jpg,img_f08da3a0cf2877441744,2047,1535,7da9c56855aa4a7f0871c5efb3bf82785a7a59ce35500659fa703c4c3e66aa4d,1
valid/images/152744027_1724817781014211_3040522288348315630_n_jpg.rf.QYi3QJjLg8YWaTPuvscw.jpg,val,152744027_1724817781014211_3040522288348315630_n_jpg,img_772cf087a92ae01439c5,2047,1535,121e3b0da61183ddcbe99708f562b2bc74bc89db9b333f135ca31fcf712ef792,2
valid/images/15344_png.rf.AXOqa9w5VqsoiLjydvaF.png,val,15344_png,img_300e79c2f2f18ed7c8dc,1006,1315,84e6172126a08be930a9b12f345d0e3e760b5f17eff9c4fe818c8fa52072fd3c,2
valid/images/16355_png.rf.y3p8j7kdvMAbdHPre1is.png,val,16355_png,img_697bddfe1a950785eb7a,750,518,a796a5ef1ead7e1559907d0fca9ae13030555dec555f31a3ce041a6aed80a007,1
valid/images/16695_png.rf.Doqu4mdgi5GZwELVzecg.png,val,16695_png,img_e2a6f50f085992e1b2c2,812,797,deea6b3ecf9d25e43f776f0fd36e26ccd5287519cbf1e26205fcd63283823857,1
valid/images/1701_png.rf.en2Iv6JL8izgh0tyyyoB.png,val,1701_png,img_1c09c945035d84c4e50c,1183,808,d25bd622d51f27686b9de6d6eb6a70dc7ad5ebc05bdd36a3b7e89469b3f33ebe,1
valid/images/17072_png.rf.RyzADF6KRYM9pTmtFEhy.png,val,17072_png,img_8d267aebf64e5f5e31dc,746,658,b42112f70cca0dfd2a3dc51fa0ddacf6d57e3aa1fae9e658eb63dac3e32eeb42,1
valid/images/18125_png.rf.0JiM3X2ZilaO0c0Y9iF7.png,val,18125_png,img_698f20856ab2f6e60e0f,1686,1041,91701174b039cd6076033192f544a705ba2b2013fd949a1bf7b29ba36c693ac7,2
valid/images/20240211_150255_jpg.rf.jCwvXQhmoNBzBEWljtaa.jpg,val,20240211_150255_jpg,img_ada3bfd6824c83799f9d,1487,2493,d98a9fbc956d1c9ccffbd0cdbe390f06edd3acffdd5cf137bedf632e5d1a1c2f,1
valid/images/20240211_162231_jpg.rf.cUJ75fP1kKL9zAnWkVLe.jpg,val,20240211_162231_jpg,img_4339cc365e535aef0840,1758,1914,0237dc170c15503a02f91160133e1ba22f49aca47f20dc57cf7d2f27fe1c697e,1
valid/images/20240214_135745_jpg.rf.RSg0p7B7U6jua5LIFgZO.jpg,val,20240214_135745_jpg,img_13d03815237862da925b,2452,2764,47a47f9fc64adfd46f24e809d75ada89e57bb380bbbb4760105bceb798e483d2,3
valid/images/20240214_141110_jpg.rf.kvYjKaNUAMh5ehlkKgW8.jpg,val,20240214_141110_jpg,img_4f09226296d00d4d64bd,1661,1985,e0f7bd17ffa9921944d1ee1a11291f96a5f3f4230e3016d366ba416294af533b,1
valid/images/20240214_141147_jpg.rf.DrFwEMgLRWZPZL4WQrFL.jpg,val,20240214_141147_jpg,img_23a05a5b3b30b2ee27ad,1054,1258,54aedd1abb25b4a57b95642697161d00bb9cff3ffde54dcbb9af475339a04895,1
valid/images/20240214_141152_jpg.rf.ZWZKAmk65E8Q5R8U67ic.jpg,val,20240214_141152_jpg,img_cec6d97fd5b52d5ee76a,702,917,41630968142d9b73bbc2586e50daa46158bba33f92eae7d9f1b5c0040fb866a0,1
valid/images/20240214_141230_jpg.rf.JS7f7L9tsoc4ALLBw9kU.jpg,val,20240214_141230_jpg,img_bb0a4be452045bc328c2,1645,1697,8f33c7a5dba46e1609667bc5f555825741f942f563f6db7d33d931d140556f5b,1
valid/images/20240214_142347_jpg.rf.ClpsqOEq9gYNbytHBWHH.jpg,val,20240214_142347_jpg,img_95e8607b83134ec8d408,1093,1773,3fe5a95ffb2d90ea0697a2adac628faf0457d53e04a7bf42d312a7c4fe7e0ea7,1
valid/images/20240214_145609_jpg.rf.0EFCjYuLwUFxS590UCmH.jpg,val,20240214_145609_jpg,img_8b029da2e7af7ad9059d,1843,1772,46e9d283011bc9db3c515a68d67982abdf269c926eada45328c4f7c9b95c6f84,1
valid/images/20240215_173122_jpg.rf.uqUer5zpDlDVz5bxVBCN.jpg,val,20240215_173122_jpg,img_2faaac8125a1d9858400,2080,1817,19c6a76aa7f940c573a3ffdf5243bb69e8afff2219641dc0429aeb2295f0cb14,2
valid/images/20240215_173200_jpg.rf.gb4LXT1bRy6UubTylDrh.jpg,val,20240215_173200_jpg,img_36d5e43afd41729afa94,1066,1268,694af9ba3db72013f68df2ad06b2caa757a305f7a178e8f994074b3d97a39052,1
valid/images/20240216_101921_jpg.rf.AyqssJVFOQ0uLHJEan0g.jpg,val,20240216_101921_jpg,img_22ec234a768dd61a7235,1382,1689,a254fb2294a18b3f4a5a3841c00c310cf4a64c6924eb46c0a9382337896b83cc,1
valid/images/20240216_102019_jpg.rf.rTY1IJ3hlYhHGhwTLHbZ.jpg,val,20240216_102019_jpg,img_1122c1fdf1abe533340d,1562,1594,657446cae5dfe1c9923ca833d256ff92ab41725e80844c2411a6682f2478ff10,1
valid/images/20240216_102053_jpg.rf.J1Gb7Y6pDJtlI3j6PRx7.jpg,val,20240216_102053_jpg,img_9e5759edde72e2a4844a,1364,1626,bd6bc6e276fc04db0ca730980168fa54dc03f9aa6c28509ca6c50bfa8c475843,1
valid/images/20240216_143630_jpg.rf.c7TGHspY9XKGknMhgsPO.jpg,val,20240216_143630_jpg,img_8d3828b8af5217860b4a,1453,1938,6c44e6eb79ef19c585f495ba7b6be8f733fa071b1e554cdf23542dfd652eceb7,1
valid/images/20240216_143745_jpg.rf.syrOeD6lv9buPzqJ6x3i.jpg,val,20240216_143745_jpg,img_085841ab659ac3ee04ba,924,1267,f366ca8c13fdad80d5d7a411a02e91d9d6b09f06d61137e0adabd4c1e1f705ba,1
valid/images/20240216_143759_jpg.rf.t5TbQJPe8DSnu2kNxNVb.jpg,val,20240216_143759_jpg,img_0d56ebb17553446624b9,1870,1282,dd86d302f709a00d39ca8c6015755c75d6f1ffb57c809fabf75d7ac2903bed09,4
valid/images/20240216_143837_jpg.rf.rngF5JH5Ij8DOBPxGzWs.jpg,val,20240216_143837_jpg,img_250076c089451eaf4bba,1182,1577,16142032fb1f36188179c0fdd2d8878b835d219b8fefeeabb4a8b3830c3462fb,1
valid/images/20240216_144031_jpg.rf.plfSan4dQVxF29fZ8UXB.jpg,val,20240216_144031_jpg,img_c73caeb4aad4af4856cd,767,1023,e509ea6eeb3b3198fa8f8610aa099c111bfbe28f86a4e12d26b1faf88a4be4f0,1
valid/images/20240216_151828_jpg.rf.n2uYtmgFlny0VrGovJyP.jpg,val,20240216_151828_jpg,img_ed9101a80bdb4c40fb06,1847,2462,57617b924ba045f04a27f7010d2d376cc0a7ae1026af70f1916e0bfef78cc784,2
valid/images/20240216_151831_jpg.rf.1wHhky2JvX9a5xNTkaZ7.jpg,val,20240216_151831_jpg,img_0a873992f61876134aca,1564,2085,2920b8e68e75c87c7f18ce199b4ad5e880631a150dafd7e0e691fb58d3680be4,1
valid/images/20240216_151932_jpg.rf.uNuX5C4BNwPXIkx53W5l.jpg,val,20240216_151932_jpg,img_96e6eae775c3b22ff716,1574,2099,618d6a3c434ad618cdb7f4fd3020b92e5392702d928aeb69732dc1c17c4ba421,1
valid/images/20240216_152053_jpg.rf.wISO6aKtTyXnWK0h3eyw.jpg,val,20240216_152053_jpg,img_b11c3de3189e7eb6e8ca,1049,1398,23ceb734399e7e022ba628b68b639ece1bea2f766b468da28b57446ff98d983e,1
valid/images/20240216_160510_jpg.rf.O3f6rOYIi2pCNJbrfsyn.jpg,val,20240216_160510_jpg,img_68f5ae577d1ce2fe3843,1859,2479,d979c23419756d044c0d1cbf5459c3dfbd8fd88737b5766a17f9ac7658706d7c,1
valid/images/20240216_160824_jpg.rf.A9Q92W8sFOahXaTdaKs4.jpg,val,20240216_160824_jpg,img_76d6caa9f0b98b43ab08,599,799,589da7335cc70dded31f01e1f7647c874a6cb1b017f672d5633b3c27e48c4434,1
valid/images/20240216_160848_jpg.rf.xMjQiidwwPWGXVj3AMwU.jpg,val,20240216_160848_jpg,img_aafff2806881014582c9,1049,1399,2679c884a504107bbd279ac702f696ca92d194d6cffb02118ed9710c445d3732,1
valid/images/20240216_161226_jpg.rf.bq4LVzWb6UOktndcApus.jpg,val,20240216_161226_jpg,img_b6453907ab7900ddf36c,1239,1652,dbf86902cdcacff6a4f45856d3d1c3b373e099bd2310e14b31ce8fd076642461,1
valid/images/20240216_165127_jpg.rf.6ur4u7d1lj0F1YGL0Jmw.jpg,val,20240216_165127_jpg,img_b5bc95ce35938eb2737f,1574,2099,a588d501121d25ca90510e364702481a97fbd39e4be36e9028d8689c232022ab,1
valid/images/20240216_165312_jpg.rf.Z27i48YEHuM7njyRQFVd.jpg,val,20240216_165312_jpg,img_2792d6befaca766e82a7,1751,1925,e79aebf807aab878e751f0ab2407423ce9dfab4cfdf1a320eb9c719d0311294a,2
valid/images/20240216_165320_jpg.rf.bcPBOoUBLB4nhJx3yrIm.jpg,val,20240216_165320_jpg,img_c7a684dd6849646c7b26,1463,1951,ae3e54c1504834f5b7d2d446c032e8f1d5634aba0fb66f2bd610e30c2bc9e222,1
valid/images/20240216_165503_jpg.rf.s0eM3qbFXkq7tNWJW4AH.jpg,val,20240216_165503_jpg,img_411708ba6f6f399ed53e,1432,1909,ed7a0e131c3e510447f78906c3b8bd4959226d9148b902d308cd3c6ea71f64b4,1
valid/images/20240216_165710_jpg.rf.aZTbuU1Ebq60RfcJp7lj.jpg,val,20240216_165710_jpg,img_c80fa23487ca9a4e8aaf,1693,1777,1a44cbc9608c4e966eb26f35454ceca7e82039c387bf628cab9f7fa6346e4673,1
valid/images/20240216_165724_jpg.rf.TGknnSVNwIyL1Tk0AsEX.jpg,val,20240216_165724_jpg,img_34d4cfa96d6912a14173,2014,2685,3ab22037bd65ce64d2100c1e4e4af9e5af2b36da186fa797d9054f3761e5b332,1
valid/images/20240216_170548_jpg.rf.8Dcv3LTafi613d4dLIlM.jpg,val,20240216_170548_jpg,img_af1d478f91163c730c56,1342,1789,14c0862fe1c743adec2641da27575dc8b76f050eab0caf1b0ce61df1b7b533f6,1
valid/images/20240216_171449_jpg.rf.nYdGw7erOl0oyNWp31wJ.jpg,val,20240216_171449_jpg,img_74af15568291e012a15c,1971,2089,1c38da5946b1b5416c2881822225f1df899d18fe6b48a2b088f1656f45dfa41a,2
valid/images/20240216_171518_jpg.rf.XHFEWV7BjFycTRJprHyx.jpg,val,20240216_171518_jpg,img_e357212ba56dbe39225a,894,1192,5284d59b21cd582f2ad80d78ff53892d7ebf534eb73cb5ac40639468c304b8c6,1
valid/images/20240216_201657_jpg.rf.RZiewyeh1SEWR0bTjbaq.jpg,val,20240216_201657_jpg,img_ab9a93715cc46a96b709,1902,2273,6b1db7df1fb073cb8571fc59c6feaab0be2602f9454f5bbf89227e3d6fe21021,1
valid/images/20240216_201925_jpg.rf.zHkgyXtfdJLTDhiEsoxo.jpg,val,20240216_201925_jpg,img_f3c6ddc4e9a092f450ec,2000,2667,24da742a6366a9083d9bf2b05b6ed5667dddd9c38c3ac2c48966247f2f377a4c,1
valid/images/20240216_202225_jpg.rf.qkLwjMQiL8qFYODO4iZ9.jpg,val,20240216_202225_jpg,img_34a2ce78c1470b020e12,1971,2628,52c92b82ceb0e94ea656c5548a31109bc7fa5a15338596e755f5b47e6af5eaaf,1
valid/images/20240216_213116_jpg.rf.VHiUMf9OffdVDDSj6MP2.jpg,val,20240216_213116_jpg,img_0acaa92384c4fefe6bf6,1705,2273,d551f82c47642bee00d977bed42023cb37c1d29b7779b57c2e05b8bdd8c9b620,1
valid/images/20240216_213241_jpg.rf.w38QWCC0csrDiacKWQ8P.jpg,val,20240216_213241_jpg,img_f0ab1428272964f6286a,2166,2888,4d248e96e942a320454fae396c68947bb0823e8e94af5df9d6d9e847fe5dce18,1
valid/images/20240216_213457_jpg.rf.lHZlyyHYIMKk0YXDhrRl.jpg,val,20240216_213457_jpg,img_688868fd1093c6bef2a1,1705,2273,bab38e24bdec109ccc0deb627df37216625a2190fb92fc9c30dd5f2b0e8807c3,1
valid/images/20240216_213511_jpg.rf.Q9YUYXdlAtURkeqE8QAD.jpg,val,20240216_213511_jpg,img_d176a4fc7b12f4b37f3f,2134,2846,12bd992e21e4c49017b4210c4d210178c0cab5c6571d63235136f9b8f2b7eb92,1
valid/images/20240216_213531_jpg.rf.E0E3L3rYqfV6J3nDYSai.jpg,val,20240216_213531_jpg,img_58bb0e11d277d24f1614,1333,1777,cbd973f7b21260e29a197060548551f0f0e7abb67dec3d42c7331980b4d1fde9,1
valid/images/20240216_213739_jpg.rf.Dnr2SXnaJnEvvuhVd49Y.jpg,val,20240216_213739_jpg,img_cc437598c11cf2b3c7fe,1056,1408,2008eccf34bb4b90ac98f655eab2bc79d57b2915cd675e08a6b082b014cb43f7,1
valid/images/20240216_213835_jpg.rf.KVUuNsODjWaDyYvjsicx.jpg,val,20240216_213835_jpg,img_f385ba22009e2ed6e904,1574,2099,b32ef967b36b5a1b4138d9a5c2719354f81e14ad84dfa938ce06f83777d75c9c,1
valid/images/20240216_222457_jpg.rf.1APe2DL8bkD9UrgGRw1Y.jpg,val,20240216_222457_jpg,img_deca9a0da37a9059ea64,2779,2406,f14f596e596fa89ae4b43d0355cc1d7f35f10320191ae639d1a5b6865102a157,1
valid/images/20240218_152338(0)_jpg.rf.eFOrRpZ9md4TRXPjSJQD.jpg,val,20240218_152338(0)_jpg,img_be9344bd4abc698daf05,1551,2133,756bc60b0a410ed72707fde2558dedc4ab5975bc4c0ab3c9aa47091ad7dcb5ef,1
valid/images/20240218_152947_jpg.rf.KFiOVEG6cMWzCoAygo9n.jpg,val,20240218_152947_jpg,img_be7c3c93b2ac72e8cad7,1705,2273,34af8a153d5f59f1751e788b268f7a8cdc6da3aeb5aa0d8cf252e1a14b6c7fa5,1
valid/images/20240218_153352_jpg.rf.qMKqTPoRUMPLk6IyYWTI.jpg,val,20240218_153352_jpg,img_6db51580411067a05f5e,2014,2685,a023c59cfefa5a53dfc43d01dd4f0ce8df835b74f422cd7c46226d72ac6b58ee,1
valid/images/20240218_153414_jpg.rf.Iyx5H7cv1n713lWNse4q.jpg,val,20240218_153414_jpg,img_7369ca013cb3548efcde,2003,1819,45950b88ffe8cc4e8c9ebe8951312ba926b3823e8fb054a5ca8e96447bd2a7f4,1
valid/images/20240218_155319_jpg.rf.4BPgZfgwgB6AOkmf4sX4.jpg,val,20240218_155319_jpg,img_e2549425a63c1735bff2,2257,2180,b346d8025f09299550edbb57792e77414fa61df6b5aef81c534948ede3051dc0,1
valid/images/20240218_155323_jpg.rf.xD07GKbdmXWwIS9LwvEu.jpg,val,20240218_155323_jpg,img_fb51ec678ad17529771f,2422,2435,b6f9a3ade79fa70a1991c91d99d6b2a5c94e185655042b0256bd957f44c7a0cd,1
valid/images/20240218_155449_jpg.rf.h16bbh23ZnvS2cbgjXiy.jpg,val,20240218_155449_jpg,img_5fc0e085a68aba918216,2181,2908,001f816aa7a8d645fefbaf0f45201ae8b2b11a99ea51faa0a0a84b44c71d80e6,1
valid/images/20240218_155645_jpg.rf.YgqpM7ItwcukcwBgH1QG.jpg,val,20240218_155645_jpg,img_a9f79d3271b6e1873b40,1423,1897,36607a2201c6098c8b51844395a377191c30f7d322290d8f3ac3b42a03903cf8,1
valid/images/20240218_155819_jpg.rf.a5FjQcte8WKFZIlCRhil.jpg,val,20240218_155819_jpg,img_f6a26406c1d2819389e5,2172,2508,f4863c84aa35bf395daa87ed4222d6bfe2b0fb29033f22c03d95e54dbbcf6a23,1
valid/images/20240218_155824_jpg.rf.SWMbMxGww6MmkJjAiHCF.jpg,val,20240218_155824_jpg,img_6a712ead0a29e21ce635,1967,2726,51c80a00162c08266ac01e71cd8e1c537a040b57bb8f52bd5fcae36ae40476d9,1
valid/images/20240218_155839_jpg.rf.HLEbcnpbTsVsvNmnT3YQ.jpg,val,20240218_155839_jpg,img_24edfa0cd4a64f8a34e3,2300,2752,f011af5efaad0281d482cbafcc5b25031f829eb18174eca6035a94d5ba556a5e,1
valid/images/20240218_160351_jpg.rf.QJ3sJmDP81WYgKvlnb4b.jpg,val,20240218_160351_jpg,img_e055bc90f101c1a642cb,2353,2763,eccbe352c9aa1fff6af12be1b9d325ade84c76360fe78d35081728446e2de670,1
valid/images/20240218_160401_jpg.rf.ii1MDeeG6Ln5nxHdHXXT.jpg,val,20240218_160401_jpg,img_f7a32e3dfb5c801825a5,2637,2085,06a1e166917b87d97dd7af540ad37253b3df92f473cc2f85936418c072f92a53,1
valid/images/20240218_160414_jpg.rf.PRoGqlydvkO1eVsCXOxN.jpg,val,20240218_160414_jpg,img_b12917282aa501d2b91f,1955,1822,0973564bb76363823ded5770a4cc13cc054a3a736b5a65ac8ad1ac6c544d439b,1
valid/images/20240218_160509_jpg.rf.6YQLLxoZHprtSNqj54UK.jpg,val,20240218_160509_jpg,img_13bdf92e65c3e710de5f,2741,2923,796d378d8086596211f9076709c0d28f43ad745ba0046bc39792d2e56971a03e,1
valid/images/20240218_160542_jpg.rf.dkXUuKdA3id2BNEG1seK.jpg,val,20240218_160542_jpg,img_59f31d2c300ff9c3e872,2641,2600,1e5fd2f9517aa9d738e314d4860bcfa6f41b0ec2141b88efc0d0cba0a191e0b5,3
valid/images/20240218_160546_jpg.rf.P1Uqw7YsGlrbUWu3hGl3.jpg,val,20240218_160546_jpg,img_69c414e0f91c592c527a,1979,1996,e65f5f71a9a44f24e387ec18f3befc7974995e24ccbeedc2b7bc8c65a53ce694,1
valid/images/20240218_160549_jpg.rf.a8iqKuRzlcSq2H4AWdNd.jpg,val,20240218_160549_jpg,img_a958bc577f7b9c2a4952,1904,1583,a2cb7ba7710b2c8918110c6468bea04b879b6585ea50fe3040dd86f8f8e76ce3,1
valid/images/20240218_160556_jpg.rf.xcw5deIKyTzHTL5VvoOJ.jpg,val,20240218_160556_jpg,img_2045d4a0278fb6ba890c,2000,2667,2f93d9f1bf93d20246a6c84994fa732045fa193e9e471430ee58aa6391f9cfe4,1
valid/images/20240218_160600_jpg.rf.yO7AIB9Fg7nJyJ8z8jfQ.jpg,val,20240218_160600_jpg,img_b6a5d0f9141b52f08f04,1705,2273,3bf0e8daad311d42ed09441a5401ffb1716a6ec534a2bc28e94ed96a2630a6d1,1
valid/images/20240218_160821_jpg.rf.rDAv92NVyU2pF234J2zk.jpg,val,20240218_160821_jpg,img_901b9c2cc5d7c503651d,2994,3062,fc08e1f8c2f1c15546be0d5b1436d34ce7100c24394636bb709a4cde74b86413,1
valid/images/20240218_161050_jpg.rf.Zgjah2Dy82DFF1rfhFN6.jpg,val,20240218_161050_jpg,img_fcdbc63d7cc791deb264,1987,2649,2f51c4b6fe9fe59dcfd12a49d50828bc6433dcba2cf41d7f5c64b03fa4b7a867,1
valid/images/20240218_161058_jpg.rf.kdi7oyQ4syLOZbrGvdvT.jpg,val,20240218_161058_jpg,img_7f6c7a346d550929ec82,1463,1951,94dc3134601936aa0e739637ade8342b09ffd4930658217da2b472c8ee13d843,1
valid/images/20240218_161159_jpg.rf.4kuhKUhBk1efkHNK1RsT.jpg,val,20240218_161159_jpg,img_7673b2ba7cc3c3293263,1579,2105,8352879d3fd53e55d3771c5c2e2e0b6f419c3823269ce3965c3371a301b2a345,1
valid/images/20240218_161243_jpg.rf.tQoGcD3c8PyX0vDYzFEC.jpg,val,20240218_161243_jpg,img_79da70fb434b7eab6013,1705,2273,f8a27eb4e520795e36786196adc8fab7abad0da79a1d066fd1e20e1e12b675b4,1
valid/images/20240218_161356_jpg.rf.Z3CTrQVkR0kpkWuWbhDh.jpg,val,20240218_161356_jpg,img_b45329fe3faa21ba189f,2071,1997,83d7ece95485d363f0ca4bc9498b6706bc32a9e6925a1b3a4d15bdd0dabda982,1
valid/images/20240218_161844_jpg.rf.sTMGPYSPy9XHK8fuAy3t.jpg,val,20240218_161844_jpg,img_d8df80bf8bc14a5cf6dd,3000,2898,4e48a9afb4c022e35b72b31d5a18c7a2f75d9c80adae4ea5175f3cec232c58dd,1
valid/images/20240218_161909_jpg.rf.ecJjmwnEwpNqz0ubNqSR.jpg,val,20240218_161909_jpg,img_109375ac7b9e5e2eaf10,3000,2533,66f0170e70aae42a4c4a084b711cfa440cd52d2618e849f750296086a24dd8fe,1
valid/images/20240218_161958_jpg.rf.frtxEJ7xJ9YT3HdLzh5K.jpg,val,20240218_161958_jpg,img_dd5ba277e5e7e5ac819b,3000,2626,84a31581c762c6a489a8eadcf2ef629444105de90d94270db5acc701ccd4471f,1
valid/images/20240218_162053_jpg.rf.NG0EgEsNYAJTpwwB6eA7.jpg,val,20240218_162053_jpg,img_e728b848f6e689ea1f44,2196,2174,036324175b4e0ae1c2c2aed917296b11589ae653a9e2d82d117b5e188957f5e6,1
valid/images/20240218_162140_jpg.rf.vRFBjgzLPI05cUInt7RZ.jpg,val,20240218_162140_jpg,img_8ca54f434e471edd7c04,1680,1892,aa2cec24412f3ce4fd484fbd60ad2109e3c7c9d879b224b67bdc6b2f19c40f91,1
valid/images/20240218_162658_jpg.rf.4nOHWEOPYShzh2uEGMt4.jpg,val,20240218_162658_jpg,img_9ec0d55374e4dba9e82c,2010,1951,9430b3a33489f27b2462c5b2a06278601b9e5438ffd7306eac2cc99d4a7e7e13,2
valid/images/20240218_163106_jpg.rf.Cww9P7VP5Xf0F2pruEAl.jpg,val,20240218_163106_jpg,img_f29fe823e44fad7c3707,1447,1352,a484485c77310a602e20c52b0e79cd48d919809778218e9ec6337d1688252415,1
valid/images/20240218_171551_jpg.rf.jYr0Ysx9g4pv2cFxoH6p.jpg,val,20240218_171551_jpg,img_7fae385c2486804bf5f5,2982,2667,ece0970877459a5e8bedcd7982f02b7af74785e6324c193b5fcc6be5e6367d03,1
valid/images/20240218_172246_jpg.rf.OmpZieKkW3W5meZCsLa7.jpg,val,20240218_172246_jpg,img_9e94cfeeb28aee303ac3,2307,1921,567d55d3e47a9f2ebcf30792213106e4d22adb997073783bcffbdc8171046bde,1
valid/images/20240218_172249_jpg.rf.lH2i5PMuJt2Z5aMKYHcN.jpg,val,20240218_172249_jpg,img_e5aa3df89ddaeddf1f2f,2493,2278,0534b0e31765f0c30dbadee563c98eee1c67e0d4a8f295eb2687b521f9a77bfa,1
valid/images/20240218_172257_jpg.rf.Jj3rXtW6Vti4ZyNg08qi.jpg,val,20240218_172257_jpg,img_783eb0d3f8985a047b02,2726,2569,5cf3fa84f8ad2c71db2b64b92dff3d5052593096df73cd4870cd86544188746d,1
valid/images/20240218_172650_jpg.rf.v5JGtMjg41OjRQliqYpA.jpg,val,20240218_172650_jpg,img_45447fe2589df2654768,2720,2983,a3d2aced69b2cf96bce1c00b2db4ece6371b64fd608801c7c8b4a3450018b9ce,1
valid/images/20240218_173015_jpg.rf.lMAUgEQlrYW2OGPhoayZ.jpg,val,20240218_173015_jpg,img_f9516d039c06aa4e12d9,1342,1789,6a250c2f8cbd2e327ea33f5133045b8f4a4624159adbbd69cafec623b1db05d8,1
valid/images/20240218_173232_jpg.rf.BSV7EuyaxhogWLblukCU.jpg,val,20240218_173232_jpg,img_ba385a0e0bd7d9ea5ea8,2184,2398,4772a4dfaa3cf7c1eff3c1491beebe0b7c776969d0f757d61cb43cfdcda37fb8,1
valid/images/20240218_173236_jpg.rf.JiemOHQf5OU6gKkMjFdt.jpg,val,20240218_173236_jpg,img_43f21dade0abaf1fcd18,2609,2150,41fed9c12950a34419568e735ee903ae7f2045448fd093b29c633bb3209fd58d,1
valid/images/20240218_173311_jpg.rf.vzdqYmrawAZSROADg6oK.jpg,val,20240218_173311_jpg,img_39c61ff873574137f442,2082,1674,7e360eab9e79079d794cad807da765d3c16a5a4b8f8aca76119e3f65cfdcc231,1
valid/images/20240218_173414_jpg.rf.nbgAvjWRGNWT59dEUZBZ.jpg,val,20240218_173414_jpg,img_154a13cf37a7635a404c,1453,1938,a649aee10edac1dd74df0cb0acb249ce70fb70a8301a5495e07353b2b2a3d9b7,1
valid/images/20240218_173416_jpg.rf.IIJrltcoYmh3bYiZmdVM.jpg,val,20240218_173416_jpg,img_bcf655b4d3396134ba3a,2013,2206,faa282073df1a7768cb00e5edddbcb7461b96a3845af7a3cacbad5c5cbb8ed2c,1
valid/images/20240218_173516_jpg.rf.8fA2UCB6KRpWOTgscMZr.jpg,val,20240218_173516_jpg,img_81f7a99d656f2065b509,1646,1446,f9169480a8ac2687afdf856de7dd2fa115aef6fc8830cbdd5ef313c54dac91ec,1
valid/images/20240218_173519_jpg.rf.8mTg7RU3FyZtQDHn1912.jpg,val,20240218_173519_jpg,img_e237f15494f5e785448c,1716,1735,64c3e089de3178390cb4bf2f215c75f35f3d0a8136c07be88e81336b1d36833e,1
valid/images/20240218_173606_jpg.rf.q2lti7GraHfxmBWGkX3B.jpg,val,20240218_173606_jpg,img_a4fa7ce6d895586c4287,1291,1156,0280056ae348d3d8207b053a50d240edbf9138c5c2bfdf4743929a482dd77913,1
valid/images/20240218_173707_jpg.rf.XPNsxBAeMAxhsZ0fcuci.jpg,val,20240218_173707_jpg,img_9d456ea9c97049621d00,2142,1858,f43100b507bce4a12c7a1ba2953927744ff0ea1c78f4de92728365a927c94b4c,1
valid/images/20240218_173737_jpg.rf.E8qIrgQkyYVPhloiAxCi.jpg,val,20240218_173737_jpg,img_23763f10efbf9a59d561,1601,1741,5450471bb70eb76ca2457272a1a358d620303db45abca7c968ed29bfc3bea746,1
valid/images/20240218_173838_jpg.rf.0jo0J3DHRvgUjnVpuRuP.jpg,val,20240218_173838_jpg,img_a82652897aacefc4306c,2939,2393,c6c03b4f655bd75bb6b468d4ce0a4ff29ba48b1e73b151a7a73c3fb94df27532,1
valid/images/20240218_173856_jpg.rf.w6gGUazCG53mtLFXxGAm.jpg,val,20240218_173856_jpg,img_29c5bef374a80c540d3e,2915,2706,87e187befe608619d5416e71bc58595d4d84fce8ec28a756763a5787bcfb9dcb,2
valid/images/20240218_173938_jpg.rf.ey7vKwIPk53npjw84d91.jpg,val,20240218_173938_jpg,img_625f1d675e34704a4b67,1719,1925,ec1c528793f186a5564a952173c090c3b51043126285e162d015e912442e4c60,1
valid/images/20240218_174006_jpg.rf.8r72mSUDV3tMNUB5obfZ.jpg,val,20240218_174006_jpg,img_0fc718c32ef4fad072e5,1971,2563,d5f62769025abdff9f001b81093b9c75a0489d93554ae3858be4706cf533fd60,1
valid/images/20240218_174028_jpg.rf.d6P570QC6fWLr4gTNUmA.jpg,val,20240218_174028_jpg,img_25ef27435979012e5045,1324,1765,22921fff80153e669e5fd4db4e41cfe7c1d7fcdc7e7b917dd261226a8e1b0150,1
valid/images/20240218_174101_jpg.rf.hA4X5mtLJBj0GX4g748x.jpg,val,20240218_174101_jpg,img_63d557eb171012126454,1847,2462,b46c18016d66bfc649c23b5d0a5976b09d7a70693c385379ea94bc999f1755ab,1
valid/images/20240218_174147_jpg.rf.2NcPjDlkmAYHOZl6iO7e.jpg,val,20240218_174147_jpg,img_d05ccc8ed184145eb910,2227,2667,35b12f984e88881d925968df0a963a3a79577e2edfccd3d73a380d66061f834b,1
valid/images/20240218_174154_jpg.rf.Je3voq1ggs9DsFRBPMW8.jpg,val,20240218_174154_jpg,img_95d8fc8049c24dccae6d,971,583,cb903f3de91510f80c094f95d28ab9bcb2d8866f8957fc83279572168d5aaf3d,1
valid/images/20240218_174237_jpg.rf.ogCVmjAgk76aKEdkkcxj.jpg,val,20240218_174237_jpg,img_dd40495435c202cd561e,1818,1759,9767d8fb595670de82688fb5290be6eb18bc38ffb8bac767c07a4b79a9ffc215,1
valid/images/20240218_174329_jpg.rf.BQ4bMHPX6gLecuLXs1N3.jpg,val,20240218_174329_jpg,img_3f67cd1a634675fdca4a,2810,2738,ef4a9ee369d738232f8580042946120fb9d01c59671713fc7fdf7e14fe666d07,1
valid/images/20240218_174432_jpg.rf.HQhpZNkEBjlKRd35uXoj.jpg,val,20240218_174432_jpg,img_b8111d6fc89993837bd2,2263,3026,9032ef46643214ecdc584c250086d45f1d78b80da27ba201fd3ca01c62f372a5,1
valid/images/20240218_174441_jpg.rf.Zn9JrPclItILzdAq0f4c.jpg,val,20240218_174441_jpg,img_d036cb8c33d9208263c0,1472,1650,6352bad289963dfc27b62aace7ae4e44bd84a137f0b6f8c289236d44afa7ec96,1
valid/images/20240218_174509_jpg.rf.hXMY0cqWeJynn7zsjJbM.jpg,val,20240218_174509_jpg,img_f28af95920747a3d677b,1868,1705,34c0352046498f8507555371c0976271cee1c9ed1aeba5dcb153ab55968999ed,1
valid/images/20240218_174603_jpg.rf.bpUCcCT8xuIGqtS3mLPd.jpg,val,20240218_174603_jpg,img_fe1c190b7536bf537983,1852,1633,51230c852621a7bef2d9ab8d029b2cd446f2efc62f36670f019a54c6cca734cc,1
valid/images/20240218_174720_jpg.rf.VAait6rmb2L4rrvTn2CR.jpg,val,20240218_174720_jpg,img_65eb6aa9f024991104b5,2592,2654,9211534786f61c0c9ade374990d7e0ba5c294926db82d0bacb4be0a44b8096f4,1
valid/images/20240218_174938_jpg.rf.7kgRPszElOFG0tpTSOc0.jpg,val,20240218_174938_jpg,img_b056180eb9a9d7c7e421,2114,2085,b975664f0acf11ed7937d411b81f2a9e354fee19d83c6cd23567d6857ea68b0d,1
valid/images/20240218_175030_jpg.rf.tngAz0nIyLw4Zuqz2tMx.jpg,val,20240218_175030_jpg,img_c7d0a14994a7fb85cf6c,2184,2289,769fab5d260d932e9550d742d791d04e3aca0cbe4ab127c113fe9458732f8adb,1
valid/images/20240218_175035_jpg.rf.c1Ndiq9WcnFBQDpNoAOk.jpg,val,20240218_175035_jpg,img_f649594dbfcd4802b928,1202,1482,6d4898e1ded9aa90876d5c62d7e61d622d9e0d0845b92be68ccf2bed2bba37ee,1
valid/images/20240218_175341_jpg.rf.YJpQVCiguk5w96N2zpUN.jpg,val,20240218_175341_jpg,img_4c41194831bf89c45851,2461,2271,99e58d712e17a7345e86d581cd7bde59c6d718053d65a95b6f11c24523f8ab40,1
valid/images/20240218_175537_jpg.rf.0DuyIHrvVKAHnoWKsDAI.jpg,val,20240218_175537_jpg,img_0744fbddda8c00eb8bb2,2304,2580,18e3200884916e83f53ca80ac64b94f7da917c93f0f03676ccdf0337ea93c4a2,2
valid/images/20240218_175544_jpg.rf.oOWpsI2AWPGndkAJWC1N.jpg,val,20240218_175544_jpg,img_2905e50f6088886d76ef,2134,2302,b0a6c9cfdbb43bebb4a13889dddf409be02299d562f1a3463fd203a38798b910,1
valid/images/20240218_175607_jpg.rf.dXhgeoYguophhTBRIg6N.jpg,val,20240218_175607_jpg,img_357d51a23ef72cd7184b,1563,2085,ea786b64fe36635b3faca959f9b79734dfe6102b6b9100c00f2d4fed0c198a2c,1
valid/images/20240218_175807_jpg.rf.5BhlljbaJjBMeybJoUOG.jpg,val,20240218_175807_jpg,img_017e356634330ae3f17f,3000,2773,35e0ceb1f13386046a4e1f09b30b5b092582c7ef988c8226db5e413569e1b3ea,1
valid/images/205_png.rf.MWGa3vtvTyvgE6pVe0gR.png,val,205_png,img_d834f7ea16474f7cbeb1,459,397,5945eca7ceccc9b454d81f06371678c5ddf1599cfbd6799664527517ac5406ae,1
valid/images/2211_png.rf.D3ntNYmG6rHztuhDyuex.png,val,2211_png,img_d22238662f8a9176f63d,501,309,af1129a5bb3b6289b89495a93b882bf5845f781c94d684a155ada242308013d4,1
valid/images/23_jpg.rf.aUk5bgGb2AfZurQRyoLP.jpg,val,23_jpg,img_d6fa4ee07d8433e9ae51,4000,3000,98786a8bb0bba93f830a76156c7e0df8c6aa2a5b95a709605428b0bca445d578,1
valid/images/2528_png.rf.HDmP90VQbvsDsvAyKuQq.png,val,2528_png,img_7641c5b1a4b5497478b0,850,1030,3bfd29b6e4b9db7feda58c43b6d687637d8ad31289d32b8e18a067f2f9f245f9,1
valid/images/25_jpg.rf.hDjKLBiCX9s18Te90p0T.jpg,val,25_jpg,img_235ac5986cb9b942da27,4000,3000,5d5d1019524f202aed84cdbbbcc145bf72cf49f02a94b83409a575dfdf8065a6,1
valid/images/2738_png.rf.7UKKEYmAT6M5Z962zT6b.png,val,2738_png,img_a9e5809f5a7b036e835d,805,963,19782f4efff9c47ddd636a25ea8fdec1d47f8ec837500ea87f3e6244b4f29b36,1
valid/images/278_png.rf.wAUK4V0SsSL5qdWg0N2v.png,val,278_png,img_eaa7b2a98b4dfb1ea08a,749,455,73abfe5e4b4b41bb54378b8435a2edf8bd940015e7c84fb680f184a6f075786f,1
valid/images/2806_png.rf.yvLVAPkD8WkYIqeDPm4H.png,val,2806_png,img_5c26f94a23797f6649f9,836,404,c55c96802cd4571f78b0eb9355b5e6c7e83e610ebd99c4bd640be4c97bb603ac,1
valid/images/2833_png.rf.xqHatkzAim7trU1zWrEh.png,val,2833_png,img_6bb1384aadacce7037c3,372,358,0dfd95382b5c0ec17c51fbef3b092769423721c40825790b80d0a424de0316c6,1
valid/images/291097554_505864367982233_9010382564709467172_n_jpg.rf.Ljoihrz1pizqED1nghHR.jpg,val,291097554_505864367982233_9010382564709467172_n_jpg,img_8ac011ef744ef045c761,922,700,afb487ad6959ca92d1f26d1f3cc5f0db53e7da72c85dc4c05b75139fe36dfd2b,1
valid/images/2996_png.rf.46RrerXrlTNidkZrs7dA.png,val,2996_png,img_6af7b6cdc568963beaa4,443,401,ab5c03789841c018487676ceab66ab91fbf9cd5d041ff8caf413163e2959ce95,1
valid/images/3038_png.rf.oyS0gJcvJnQnqCx8Tt13.png,val,3038_png,img_a57afab778b0c47a4fa3,1111,674,668c80cf9b100d0a973217e3d52569b36dbb83a9c9985317f75e1119f45ac8ac,1
valid/images/3238_png.rf.AO9Gp3pVmErX1fxpxFUw.png,val,3238_png,img_1df3716178230d3b1c3f,503,256,09bff0ca75d8a08fc443337c9b3a99073e1a660e34ebc7f9b6e594a28917309f,1
valid/images/3308_png.rf.5IvdEc4ursoM1FpiaMQe.png,val,3308_png,img_5435fa618dec0c56a9be,929,1056,3abb70cba5a048f139d0d970bff8d2ff72705d1a0dc28d0096f51303087dbf64,1
valid/images/3535_png.rf.ihd5l3kNCDbNVPhzSi60.png,val,3535_png,img_b3b39a4ceae118bf74e5,582,422,ed74030c760b8e11a33bb4b6681f7e98d8a044671c5cd5af8283e064bb95f7bf,1
valid/images/37_jpg.rf.54QLU2GDdviWC1oXIL2H.jpg,val,37_jpg,img_e1509559d07ee5165927,4000,3000,2b3aa8fbd4b1b6deec059e2e34c4b0a525a1f5cc549afe61e2b7684e37670696,1
valid/images/38_jpg.rf.YXcK0aJvXlFUbTaGx6SF.jpg,val,38_jpg,img_c6c2717782b7860edb51,4000,3000,b62af364bae47dbd81b550878bacf429114dd9b8daddee923f5dec3cf601b5b4,1
valid/images/3938_png.rf.q1Mjtvss0wP45Bo997l8.png,val,3938_png,img_dc49f35b736ec7e1a84e,1019,1323,8a6153a820dde84ae0149b79ab1696dd854abcadb20855903277068e11569531,1
valid/images/40_jpg.rf.H7qM0jXo6WZOvgqDOqRv.jpg,val,40_jpg,img_95f0c62b3871a5541964,753,960,b0f90dee234a8705a076691cfb59d53c5a232d2010fda1ef45119e1a08ae0cef,1
valid/images/421_png.rf.1mIcjhpZOY3YSwiwZAPe.png,val,421_png,img_d6e36581faf1ec467266,597,426,aed35a380567fa6183fe2f48bc67edbb860de456fb6949901563e64ca6ceca03,1
valid/images/4237_png.rf.Ay526HTttvmAlAOFXXy8.png,val,4237_png,img_d2f533554b4aacad3d1b,646,411,8486f13e00c4077fb10a0818a63859ac0d38b24467fd3c37f3630886b37cd1e7,1
valid/images/4328_png.rf.58pHTXAYvuzP7YU4essO.png,val,4328_png,img_5dd8227833a85c8d07f7,830,637,9078934255463f2b30c8331c7fe6d0b9953720b654293fb6f1de8a6a9404b67f,1
valid/images/46_jpg.rf.nCV9UM68rLYpTQjtdpuC.jpg,val,46_jpg,img_1ace0aa51200738ac562,4000,3000,0a246801a7689668decab049c6150e25283848edccb1d00ad9f7862747e72e5f,1
valid/images/48_jpg.rf.guK8HMQMeauS8Ji9GMLc.jpg,val,48_jpg,img_206767ef4834db38c54f,582,960,30d3d3e0f21c5b45cbe604567bfeb742bed4990b35c0e96b309609beb0e200ac,1
valid/images/4928_png.rf.MMSsXMcAJi9mPS0Y8vZT.png,val,4928_png,img_839326b5a2e7b428ca81,1305,883,178ca0fd09432c65d4b75cfc8090be06635352491340924c6ae43fa6211d938c,2
valid/images/50_jpg.rf.EF2FYd3o7PKAUHZGKYIk.jpg,val,50_jpg,img_d647f8131a9fd682b7f4,4000,3000,8218feeb910f4ba1fb1f91a0756305f5d15e4b6b21623d146429142ba9c279d9,1
valid/images/50_jpg.rf.yN22WGIceJFqGuFXJwKA.jpg,val,50_jpg,img_be1ae56c7b1b51968e18,769,960,6e0fcf64e754e6b3a3550e123aa335960f3f5c6643089009824d13091eb9e467,1
valid/images/5155_png.rf.9irApzkuabrBtPv66Tf6.png,val,5155_png,img_a4c611c3d97449066e47,842,681,d3804232ecbc3d0f88d8ae20838d5d43a0d5b150a141aa0a031623b46517bc9f,1
valid/images/52_jpg.rf.KumqPk9nmSyo9vSZ9PA9.jpg,val,52_jpg,img_779603d42023fd96c925,4000,3000,279f639521bfa85b6a53b4cf7709c9c45bb31024f2f5c73d7f21e14b572fef3e,1
valid/images/54_jpg.rf.tcxlYORhETv1nD893tVb.jpg,val,54_jpg,img_8363c534139a038d4303,4000,3000,133c7342a84e19edbfdc42c59be1b1c2b56719193d64f5174a17bfbf5150cc4c,1
valid/images/5669_png.rf.Qbbd8JSH9lxRJnRme3aq.png,val,5669_png,img_62e6c3571a921c3d54e0,441,612,2a0f26ca0e2a676a05e0e0a76fd7693815982bf256d074b3432ac52c45f0333d,1
valid/images/56_jpg.rf.a0CsNmRU3qSgyn6CSuax.jpg,val,56_jpg,img_a4c5ba25109fbb9001d3,744,960,d611dce90722fc1ee555a4e5451003d51c81209836ade16f4be323fd1ed396c8,1
valid/images/56_jpg.rf.r2V8rEyVCAnfSr2QmLee.jpg,val,56_jpg,img_3ac0731ab43fcab27dce,4000,3000,a3bda43124015252e60b0646d140eef1b476a7544d8937c83a19f38aa7831842,1
valid/images/58_jpg.rf.goMDiZZ1PjfVoFc0PLWm.jpg,val,58_jpg,img_a1ceabeb6c5928bcf8d0,1080,1297,1394bd0d49e453ff84afc54be820755f01e9b82264aa96b51aebc74a3d7aea43,1
valid/images/5978_png.rf.eXxY2L0NadTEn1LUBQGh.png,val,5978_png,img_c752988b8d3fc30266cc,792,349,f4f919616f9b92fc978496608a3dde001fc12604deb9d837b2b19456af24bf70,1
valid/images/59_jpg.rf.CwcGFUbfB6LgtAzfSd9u.jpg,val,59_jpg,img_fb42ebbb15cfc3f793c6,960,532,bb67a108ff9ddc3bc666b77564886f19131a67a58b8a0987fd443d8eb7c23962,1
valid/images/5_jpg.rf.w5OI9IKXZanYt1jBPvPx.jpg,val,5_jpg,img_94d13406ac4b33a5782b,1261,1219,940e3fb9a4f352078b3bb9ce1f58bd406b3371ba6014d98d63809946acd71325,1
valid/images/60_jpg.rf.hGKoaAC2tGPafehNFvrG.jpg,val,60_jpg,img_b44505cc05fa1083b24b,763,960,d76462311de41054fc0be48d8c2ab7d7ee4c8be8d4a9efed5b7cb1cd0a63a879,1
valid/images/62_jpg.rf.nO8TjvWIz1GDEQjk1epJ.jpg,val,62_jpg,img_27b3bb1fd486ddf3e060,767,960,673afbf33d6c165223a2cd1ca2916bb6ae29d941a68d0721e686ecc87d6e0dd9,1
valid/images/6398_png.rf.kBb2BDUsMGiivMaxhhXC.png,val,6398_png,img_6e5e9f74af761512cb83,944,819,541d858bb4ad0a022341df84fd56f81521b4c4a90a398d5e0a7e0fca69d92ae2,1
valid/images/64_jpg.rf.h5jX3dGfGHcCyKeVjVY4.jpg,val,64_jpg,img_6ef999e8aed7daff1ae9,960,699,58a29a0cd4c2e1199a40de5082846a0c3a3b4dcb3f63a3e3e1c7a8a78896b33f,1
valid/images/67_jpg.rf.6Vxeb5kq5wZFzhKPKFK4.jpg,val,67_jpg,img_9440e05fa63613e59f85,4000,3000,a6ab919bf841a217842dcb5f45b72acd180303f7fa177b85bbded27e8c4870d6,1
valid/images/68_jpg.rf.JnNPxM9po38LOPIaYAKs.jpg,val,68_jpg,img_0d0ca3776a784f6c0ea9,960,684,bbedf13523537858ada1fc54cbdf3d05c0a7d3975344801023db32f68eed1901,1
valid/images/6938_png.rf.bWpWBPsn6DUvR08inEdO.png,val,6938_png,img_a1ac54f46109a89e8e9e,487,495,e28c21096ec1079e92135e9ad12e43a3d3e2f0acb5559566d2c1ebd1be30aa01,1
valid/images/75_jpg.rf.es6qldlQZAwrxEUv0shJ.jpg,val,75_jpg,img_4fc8c6292d44d42ae62d,720,960,dc0b1e73373c315849d98cfb0fe89a5ccc4286a585784fd91bb3a3a4e7401bf3,1
valid/images/76_jpg.rf.pbfObokvleyG70Y08CiC.jpg,val,76_jpg,img_1130efe3bb54cc0ed893,939,685,6d092198b15089110442c666fc3bd54cb11989e0a7624a0cd294c52ec5ad1894,1
valid/images/8152_png.rf.YR6mRDijwtnM8ZrPuq6s.png,val,8152_png,img_3ac101267a27cc72a0c3,947,1052,bec56552f8f6fa2717eefc644199afd19024ca0ee5b3d3aa07501cf764f698ca,1
valid/images/83_jpg.rf.7WuM3QIMztpiA516HaqW.jpg,val,83_jpg,img_b845caee6ed9a7ff511d,4000,3000,398f9c2375137d18e4a9c97625dcb273c6e55acc2ab72182de1ccf2da31c2dec,1
valid/images/8747_png.rf.9YNsdrD4zqrVQ9rY2j5H.png,val,8747_png,img_27686c089c98f843b2cd,566,467,1ba4f1cc869125aa16efc587013b765d0c3e8367210e9a8f87e180c4b0f90e61,1
valid/images/8774_png.rf.1aVDsJgujolAoIhoNeAO.png,val,8774_png,img_f1ed8ee50ca032909278,841,684,e7065e1bfb1b3123979e037c50bce53a89f6e1f19bf16bad13f4f3b964d9604d,1
valid/images/8800_png.rf.FWI7WdiI4ECuUi9rMbi0.png,val,8800_png,img_966fe4f8108cc867533e,880,929,5fac292c3a2469b2c52e10e96f59f5f313045f09265f228b0f880dba19d0464c,1
valid/images/89_jpg.rf.E08oKmTlRtZvdqJSLgTx.jpg,val,89_jpg,img_1117e2e11748c76eaa64,4000,3000,93fed7ccef33d75ecd63e9a9ecae780efee4956482739dcd145fd1de1d00f17f,1
valid/images/89_jpg.rf.pRT0U8zdhdZr3tvwCAXN.jpg,val,89_jpg,img_1a7593a54f645169b28e,960,695,491560159ecc6e6ff015a65c9996d9ec762e11e19111ab0e25499ed24e09f7d1,1
valid/images/9070_png.rf.nocRHEK5JoyJmrv3NTiJ.png,val,9070_png,img_808abedce547c9e15b98,1097,1440,270741b98d8503f6da44e92fedfd7537bbaec8deccff5eff227255c16923fe21,1
valid/images/9124_png.rf.gQ0HawecMI8UjzOSMxoJ.png,val,9124_png,img_7788d9828fddbd328a9e,1670,1029,ad68a08e3b7fef9e77bcd90ba8a263334b604cf0637f1d1f603b1c918acf9b33,2
valid/images/9340_png.rf.GmeMBvJxKF8KlKHOiDu6.png,val,9340_png,img_9f3cd33b981eb7dcdc68,1469,1567,82070aefa2cee87cccac617e786408b8bacc9630acd7a2544aeae093071231ba,1
valid/images/94_jpg.rf.xGjMRMpgTti0tnftunoC.jpg,val,94_jpg,img_f7b732cd6cf293f5daeb,720,960,15e85569170cb0d69849e347d255cd0f9ab293c809a34d145be72d80b9b85887,1
valid/images/953_png.rf.D6pkDr9VADDgFbhn15e8.png,val,953_png,img_58fa6a557f134723919c,676,557,234123ec5fc4046fb5d20231d153fb47841d0858231836e33b23620389d170be,1
valid/images/95_jpg.rf.6i2pz3r4gY9uxmOIQNdu.jpg,val,95_jpg,img_66c17d08caca3f4ab081,4000,3000,70b68c107c3fc188be9d906ec367abced00a5a8c04001033c57233dfabfbff8f,1
valid/images/9610_png.rf.wQYozsZBSErGyWdYoLD4.png,val,9610_png,img_a8ec466783d81db2eea9,610,778,16f52c2f1c0cad517992deed2a78619c26345af58f1e190ba654f97289535603,1
valid/images/96_jpg.rf.bdD2EwO1jcbedJFT6Rgz.jpg,val,96_jpg,img_1cd64b5902a09eb17ae9,4000,3000,e0ab11e8464938b46115bb8ded3310b0acb75d9f794a615bf1052cae6d13de54,1
valid/images/96_jpg.rf.QPbknx04UFXr5uSkJ3Ny.jpg,val,96_jpg,img_533ddd8d4ece00494c1b,755,960,8055a7925ebce51b5023b5e80ce109f3c96afa5dce78c29e1600c37a3af1062c,1
valid/images/97_jpg.rf.v1ZYjJMbI0GAmwCKluZA.jpg,val,97_jpg,img_cf7de7636bd06b21d23d,782,960,5d4fee79d2359e13f2c8ed356927754b8519451b6999e004f7e797765cab2beb,1
valid/images/980_png.rf.sXxoQfNN6GOOYDyPgNF4.png,val,980_png,img_15d02e6596f374434ab4,623,454,eb42857886722ecf0d6eb97946614bebc2d1a52a31d6afaf3fc05ce6ba1bc152,1
valid/images/98_jpg.rf.ETKvdH1jGNYZwBS7tvxu.jpg,val,98_jpg,img_4f63411714c164658a56,4000,3000,b03fd34604b1941ee889f843de4cca118d745b7e48200a34be3ea10bbb88d39f,1
valid/images/9998_png.rf.WOENzEJmo1o0DLqxlxip.png,val,9998_png,img_90c0f5a8e27bc0f214f4,659,617,57c1f01a0c39269afab1f82e5ab0f7da2584864a2ae0544d56d68f1d06e8c184,1
valid/images/99_jpg.rf.WXvpaFWg3m0TTyHT0rxt.jpg,val,99_jpg,img_05d98b52f366e35bb7c9,4000,3000,08414eddd875bfc97595c242966dae28a00509c88c66740874bd9e5adb36ba9b,1
valid/images/Bangladesh_jpg.rf.UBQDLyVAOuSkRoV41RpO.jpg,val,bangladesh_jpg,img_b8b1c694a7d04378dddd,800,577,8ca8c2f1345a5d447005da4ef7e9e4139f7ed6397c8792b24aef5c9514ee563e,1
valid/images/car-1006_jpg.rf.LagJQFZXBFsXTdJfEXMy.jpg,val,car-1006_jpg,img_37338291ab734288e1f5,1093,835,38b0fb4c405e174f247221bbf81d30492da4b7c60b4d696bbd0a7bac11a7f582,1
valid/images/car-1009_jpg.rf.IID0zdLTJs5G8u7DFIjm.jpg,val,car-1009_jpg,img_c7739673b6443ef896cc,516,385,53c934fd5bd5d627c03c62a084849b21a6c294313de3a200c7cfc667f881211c,1
valid/images/car-1010_jpg.rf.8EF7HdbOUt05zkvNGajz.jpg,val,car-1010_jpg,img_1ad7611e12fab3f47f60,960,720,4449495239692936cde9bf15574709909058370850b941dc5a6e23fc77fd7819,1
valid/images/car-1013_jpg.rf.JcbkP0pHP1yMZhZ2w3hF.jpg,val,car-1013_jpg,img_136768a9fe3eab136a31,455,286,6b883ac7febd0d53d51c6f63e5d63a50732abc1032db36af74e0f2201f86a749,1
valid/images/car-1028_jpg.rf.qL8LJMjf4e9Gvzn26HRo.jpg,val,car-1028_jpg,img_9ac0b16ff3c54cfa6a55,960,640,43bcb042e23e763e0b39e67897880d5f20ce9135d787e82520ff8c8253538f56,1
valid/images/car-1029_jpg.rf.Mrt3hpSveu80Fg6ijTzD.jpg,val,car-1029_jpg,img_e3609043d71324ac0e8e,1280,960,52b8c3c5cb07618f5d14d0c55764156dc27d8e61f6baf686d29eaccc4a2b8194,1
valid/images/car-1060_jpg.rf.gpE4TLYaTb0I5QXH5etd.jpg,val,car-1060_jpg,img_19ab7cd44db2fc852ed5,960,540,5a1b7eaa117b480da5ce7967138573ed71d83611c0a1961d183b5c40aeb32fed,1
valid/images/car-1066_jpg.rf.wDs1MwjXpkcXJkINkAEY.jpg,val,car-1066_jpg,img_9c10538129070e2c9a97,1535,1645,51eb55e212c37f4b85321938e1cdd2d5844faf86b0efc0bbada9a4444e8fc566,1
valid/images/car-1092_jpg.rf.ss3mOdBIyO947sO8IRwa.jpg,val,car-1092_jpg,img_d7f63e69fc37b381ee29,946,658,a3c635e2cb283b69b52e2d2119c379d8bc466dac68b489c39e04c123828104ed,1
valid/images/car-1093_jpg.rf.io3JAIhwmQscwybp10K3.jpg,val,car-1093_jpg,img_3e68c25c5f1f207e9729,673,520,22f1c42671e55c70c518917d6b6f0c72804dd4c968c1544c93e4a5e4f58bd3bd,1
valid/images/car-2016_jpg.rf.TQIBSVevNSf3GD7gd3LG.jpg,val,car-2016_jpg,img_207063883ae7a5e98d93,768,1024,c1e6ea057df6fe91f801123de61f4389994c4a8597c9140ad238040be35ea49b,1
valid/images/car-2032_jpg.rf.A1AKV0JMVPl4YoNn3OUf.jpg,val,car-2032_jpg,img_d703a1a78c8cc6bfa4e7,1776,1019,93cc54b4299394ee1b328d18fac24b8c38d1ac33f3aa9664759abad816898649,1
valid/images/car-2042_jpg.rf.I8L1xMIu9X2zNkiZ2yQ2.jpg,val,car-2042_jpg,img_fc55e1775df655ed03fd,863,543,048651ecb3d80f3c22d532583b3455d370f49a2c65b6925193820eb53a986a4a,1
valid/images/car-2045_jpg.rf.EsF2CbqvYxWYAt3YiGTv.jpg,val,car-2045_jpg,img_b9635f6d408f0c6bc656,1055,710,d4f7606cde7687d747c77301e615ff3641d88b1f6c3e99d3a6a84b41da2d0af1,1
valid/images/car-2055_jpg.rf.JsQWlZfT7rjY7oW88NUn.jpg,val,car-2055_jpg,img_d5fd3f7209febb6d0b9d,701,501,fd4dac4c205972f27c56c5addd50058989363bfa98846b2471329c7c3f4b240f,1
valid/images/car-2063_jpg.rf.gVTN2Bp1GbnUNxv0SSB2.jpg,val,car-2063_jpg,img_75a3c71bdac24de91eab,633,498,ec52a7f2a9bd4a1471d34bf3ca4a756dd4fd796618561ef9d1cb06cbbd873505,1
valid/images/car-2067_jpg.rf.YnCiRTWgcW87yLiSlPKO.jpg,val,car-2067_jpg,img_060a403562b88cedf097,1182,863,657662a4c2c6ad2949c575e80e6d18f5b9ac2ec6aa6d292b218ed549a3a658ee,1
valid/images/car-3010_jpg.rf.5XHooa6P8Qbok6o1Q9Lz.jpg,val,car-3010_jpg,img_a2257aeba2f890883f93,960,640,e05069c9c782d38371a1874f9a40942490cf609a9872b7dd32141736703ba01a,1
valid/images/Dipto_-297_jpg.rf.yssCke5U3W5HfmTPriKb.jpg,val,dipto_-297_jpg,img_61e747b654ceca9280d5,1920,1080,65c7a702ce17a80ad82339a9e9c8509900cfc1a795d4c7d91127b1bd11687b28,1
valid/images/FB_IMG_1709378896322_jpg.rf.sjmFj8SQVd6jE8Y59edw.jpg,val,fb_img_1709378896322_jpg,img_6c8988c7498f7b51b288,1080,1214,dc21d9431f90d7eec9bc4a595d7791f1b3d206709e3a2b957d07bb4ae1e03baf,1
valid/images/FB_IMG_1712165305349_jpg.rf.AMwLkCV3xjQoXSTDc24m.jpg,val,fb_img_1712165305349_jpg,img_3929417026244c273514,600,800,e3ff0d833779fc98956e9e38b5b96f13c60c74e1732b0f1073099d3162e442bd,1
valid/images/FB_IMG_1712257415003_jpg.rf.dxn2rCcwpfLk60iA4Zcc.jpg,val,fb_img_1712257415003_jpg,img_619c92838c8beefde481,1080,810,db33b333cc6076c94a6a8fafe736dd91ac70ce7f19d392ce31e0ab37f515639f,1
valid/images/FB_IMG_1712383789891_jpg.rf.JahifhQHOI9h1WMgRR9F.jpg,val,fb_img_1712383789891_jpg,img_c1eaf7a8818c8702e239,576,1280,3c4c7f90532316e3c217454cd6c66ca6ad46796291365ce4484ce1ed684fab8d,1
valid/images/FB_IMG_1712386009748_jpg.rf.9TM6wr2sMaozZE8pPzXp.jpg,val,fb_img_1712386009748_jpg,img_d401095a573bcb4e6bdb,1080,1920,16cd0b58fd40863d2378443a6e339a42c3280dd53dae3303ae3aacf542fda524,1
valid/images/FB_IMG_1713036912376_jpg.rf.Mqo1Mbz6Pb7zlxx0Lmzi.jpg,val,fb_img_1713036912376_jpg,img_8e89e0a07cfc19a4733f,1080,1440,b9aea0aad21f7babb85e5ef5df486c412eb1c61c139fa6ebb81cb3f51b47b602,1
valid/images/FB_IMG_1713349118171_jpg.rf.mEAtQrK9cVGFSJVJVmfp.jpg,val,fb_img_1713349118171_jpg,img_e4549816f2e0fc5af557,922,2048,e6234f6476968cfafe39036a0b935190372f586df7eefd0158715e122047025a,1
valid/images/FB_IMG_1713632565219_jpg.rf.cdPsubgaThnELoHg9gpd.jpg,val,fb_img_1713632565219_jpg,img_28f99e960bb6a254f275,1080,1440,a618426fe1ee2062a87d0dcce23532dd859a52791d30b0f4a9739b3fe23a769e,1
valid/images/FB_IMG_1713644694940_jpg.rf.dxRcY98VLDc19rOElr8n.jpg,val,fb_img_1713644694940_jpg,img_d6e849ed069841b043de,921,2048,e669e9c64c95ad080a9bad3c8acd3fa61733b366ce7a8b94dd3a973bb7336010,1
valid/images/FB_IMG_1713694122950_jpg.rf.fqm12t1F1ptLN6hOtwKZ.jpg,val,fb_img_1713694122950_jpg,img_810acd202756adf0bc53,1080,1440,9c8006ffcd8e2c23c889fe870104312a6699e896dc66ef1e23558e230260e17f,1
valid/images/frames1_png.rf.FXkqqtzvGJzpSLTziTV9.png,val,frames1_png,img_1ca27bdf0b9a24101024,1080,1920,6ba9cb1fc844a4847279d8e38f7ef389f9f8b10c2faa38d991557355d63fb31a,1
valid/images/frames209_png.rf.ONxHAJhuwQpwLwVgaK5Y.png,val,frames209_png,img_0ad24153b7cd570b5184,1080,1920,43f29e72c30580622f71dca9428d11d38c81e6d556730fe16ba5b41976d216a8,1
valid/images/frames4013_png.rf.R46pqSu7wRC1QfOxNyRC.png,val,frames4013_png,img_54591b588ae4bc0bc302,801,616,dbc2d37290866d926ea18eab23062408f6b973ac0600dc1567ebc898d7d03756,1
valid/images/frames5010_png.rf.1Usvvj42LF2PgMwu3Zw2.png,val,frames5010_png,img_09ef36da2e8835c25258,1080,1920,d067929aec5141e69e29b4e502f92ad9d924d14a8339fd85b1feec0298dddfb2,1
valid/images/frames6172_png.rf.xinC4IUH5LpB5uo22oTV.png,val,frames6172_png,img_7aa1ff4108d0373bcb08,1080,1920,c7fcc0cc72f8e4a3ceeafa088f01dd686b1636c5357c2efc4274bfc6f86df0f9,1
valid/images/frames6291_png.rf.fC7rgG8wdPAJfScjgTOU.png,val,frames6291_png,img_8d1ac3cc75c2e7abf802,1080,1920,e3ba6980a7ab34bc44a1da956c3ac2ccba4e740ca5ffe27601f240f43d219e82,1
valid/images/frames6865_png.rf.V4fvxN7RYACAgYXl7vAY.png,val,frames6865_png,img_bcc8c985108e93a3fa27,662,605,19298bd1bf2bb9e6191c87079d2cdbc76ca5681dae71b3069ba6e42ada570e9f,1
valid/images/frames7216_png.rf.iIKvHxIJCqkwS26qTEUx.png,val,frames7216_png,img_428e1d69eb0e2b1fae03,400,651,6651c47b260c64a589037bc46e75f207e1f78d427fd0b1017dea5b006df5d35e,1
valid/images/images (8)_jpg.rf.ecHxCwfOuijP4gIWU4uA.jpg,val,images (8)_jpg,img_bb9d077147a08920f228,286,176,1223d00ebcb82898eb7d46d7d193b85c0e10165d25a2b38e0c701c0f3c15dad9,4
valid/images/IMG-17_jpg.rf.ixWPzH0pUt5fDUndsQc1.jpg,val,img-17_jpg,img_d5e81534eccbda581b13,4000,3000,9f722b33a5dcab7e4610e037b4a5363c7df31596698a959c38147c9bc9211f2b,1
valid/images/IMG-20240214-WA0016_jpg.rf.IRGhU61dTwKVIPl2VyiU.jpg,val,img-20240214-wa0016_jpg,img_c68a99f85b20ec6dffbb,1201,1600,e4ef07b783f4e9f5682b5a58a7f6cb39c41e2bb752e36640aad52b1ff792eec9,1
valid/images/IMG-20240214-WA0023_jpg.rf.J21jNc5KZ0k2MLva4HNU.jpg,val,img-20240214-wa0023_jpg,img_dcb7ac98ada245ef0a1e,1201,1600,3b96df6c97984752f5ce8b435c1de7e8731a223a3f8916aaf5ec28061967ba57,1
valid/images/IMG-20240214-WA0036_jpg.rf.w0FK7UBfj5oa5mQM445G.jpg,val,img-20240214-wa0036_jpg,img_c9ec78bf4f0dba7e8720,1201,1600,904163d388aff088ae2d23015d7e9157e21a80d8fa1d1897e2f4b6e2138ef752,1
valid/images/IMG-20240214-WA0044_jpg.rf.p64Xy2HKWcajMXNfk6LP.jpg,val,img-20240214-wa0044_jpg,img_559a1f6ceabb25c97bff,1201,1600,bb09e21e02f2bcf7237204ffa666d3a6189e0bd88492dfd1e6c40aa21560a6a4,1
valid/images/IMG-20240214-WA0046_jpg.rf.YomjfrR2wWGTxksMjbJZ.jpg,val,img-20240214-wa0046_jpg,img_5d17535b8932f548b75e,1201,1600,c01d4d860f67e6dfb9a91bc7280d32a026bb8e1a487ef6b5c74c75f33de88389,1
valid/images/IMG-20240214-WA0056_jpg.rf.D0jjDiTzIo9AblmyAkJf.jpg,val,img-20240214-wa0056_jpg,img_b0cd6b943ac1d1797fcd,658,1066,71964b51167bee71bd5354f8bfb097a485c37349026d0c36d7427d4638d35122,1
valid/images/IMG-20240215-WA0012_jpg.rf.BOVImidOG4EiLubmlndk.jpg,val,img-20240215-wa0012_jpg,img_da1844a66a28331bdd4b,1201,1600,bd5867c053c389211c00614f0273aef141e56020c9de8c725cc3e06912eefd01,1
valid/images/IMG-20240215-WA0021_jpg.rf.oz6OdyVlu3UbTDrgyEya.jpg,val,img-20240215-wa0021_jpg,img_e7fcfb75e82aa66841b6,1201,1600,831263f7f6bc03bf5efbd42f48d3f8e3949300987ddd24c8c6d7bb7494d25652,1
valid/images/IMG-20240215-WA0022_jpg.rf.YNgvWNaoXGJjqEIJGlLO.jpg,val,img-20240215-wa0022_jpg,img_8684d001d1221a9cbb57,1201,1600,b3507ca59d8bdb8a6500eb557472ca25b997163302b469b599efd481cefcc2dd,1
valid/images/IMG-20240215-WA0023_jpg.rf.wn3CMsQimwCS2ZZfW9fv.jpg,val,img-20240215-wa0023_jpg,img_1e8a8ce35fbce5009bde,1201,1600,2d834f8d12442c5e3147376faf82a28222a2e06bb11ee46d9fabed77e25e74fa,1
valid/images/IMG-20240215-WA0031_jpg.rf.nMnEzRpWGpCaYJakWQZI.jpg,val,img-20240215-wa0031_jpg,img_c5c258e866a36f0f7cfb,1201,1600,7005e3fc4869a395ff5ffb236d8623cb043423807b12e00815a06a6695f07084,1
valid/images/IMG-20240215-WA0036_jpg.rf.tomigozzFjVIi299NZez.jpg,val,img-20240215-wa0036_jpg,img_28abf0b47f6e1228657d,1201,1600,90683ed2537204c41e78980cf091a863e91da6347de210ade14950e24f114ecd,1
valid/images/IMG-20240215-WA0042_jpg.rf.Q0KsWdvK2EuhXueR614J.jpg,val,img-20240215-wa0042_jpg,img_7e2674e4a22f06cb5c40,1201,1600,9c7ae2a6c5a4a8b45d5e055d92eb8dde0c00f7234f35d7eeaafad58bcb6a4fdc,1
valid/images/IMG-20240215-WA0045_jpg.rf.jYV0j4eotR6Fz110hbo1.jpg,val,img-20240215-wa0045_jpg,img_2f3265db8796967134bf,1201,1600,edd3d20a41bb6866e05a34b6d52a872f4ac8367f4423fab54c80ae738700cb5c,1
valid/images/IMG-20240215-WA0046_jpg.rf.OaoSe5slVmDcyzzfocEj.jpg,val,img-20240215-wa0046_jpg,img_d7f7f656ef1fd5a88292,1201,1600,c4818c4803352bace1c0f0f051d68eca6b37083e7782b2a098b2b839abe38b49,1
valid/images/IMG-20240215-WA0072_jpg.rf.HzVKiCE2b87GI9kNAnxW.jpg,val,img-20240215-wa0072_jpg,img_41c2a46c351d9de9cb4d,1201,1600,7aab285f746e99e47c137268b53ef4a1d8e6b6d32fdfbba250d4ca3ee79208b7,1
valid/images/IMG-20240215-WA0081_jpg.rf.rZrsHHHjjFV2jJi8t8V3.jpg,val,img-20240215-wa0081_jpg,img_09f1ccc4fd4792c7e752,1201,1600,46b6e6f2fdd2e07a71b5203c3e04d052fad886cc423379b94fa1b4e3921f1f67,1
valid/images/IMG-20240215-WA0094_jpg.rf.dSqTLFSqEkasP1fhitVZ.jpg,val,img-20240215-wa0094_jpg,img_11b5cda22925ee4baa97,1201,1600,2dafa7d0985aeee2590f70cf335dc58034ad830c64e3909a15ff2cb08ff594f3,1
valid/images/IMG-20240215-WA0099_jpg.rf.JOVavB3FisRgcusGf6Zq.jpg,val,img-20240215-wa0099_jpg,img_5ae4fbf0f4b1da1b0f28,424,565,60ac8468b227cef626112bee6142bbb9e33a5ab944a3a3f08e1159cfe404f971,1
valid/images/IMG-20240215-WA0104_jpg.rf.oMCLnUXdVJ6wcUJWI3oh.jpg,val,img-20240215-wa0104_jpg,img_ae884fafea34d618207e,1201,1600,8ead302d3707abb94d1be43acef51b2d4013705e0a4d80555d528c75472d1681,1
valid/images/IMG-20240215-WA0113_jpg.rf.D8rIrxXL5NBMXjfRbRus.jpg,val,img-20240215-wa0113_jpg,img_d6ef302eec957edb2067,1201,1600,4bc8d2c30336bde0a33a27c307370ead591a5b22db6dd2b7c571331988ad1605,1
valid/images/IMG-20240215-WA0114_jpg.rf.MWixHxwpXkfyIJ2T5R5x.jpg,val,img-20240215-wa0114_jpg,img_6701dadd47645df60842,1201,1600,b4f32cff817e4a3be9e7ea1e1388d092c4c6d99d51cace7b8557139dfef05884,1
valid/images/IMG-20240215-WA0121_jpg.rf.gpvGBNdzt1PaUG34Onkq.jpg,val,img-20240215-wa0121_jpg,img_66fe13fc23d7f3fdce2a,1201,1600,9bbb40c18dcf860230a1460eb1fff60bca059637c5fac189f38911a6d3790568,1
valid/images/IMG-20240215-WA0130_jpg.rf.QrFmmzdHQjhXHPRhjUuu.jpg,val,img-20240215-wa0130_jpg,img_93a8865f8e1c299a72e8,1201,1600,d5068c3ebc0ce3bfcaf1671c8436eabcac027447d00546975385700674568f3c,1
valid/images/IMG-20240216-WA0000_jpg.rf.8gWpbZVVgdbidFAp0goI.jpg,val,img-20240216-wa0000_jpg,img_0fa6ab3fa00ec548656c,1201,1600,fb2228c266322dbc298478bb4b54777c1a8ea7e2a24b7abd1ade05adfc91cbd0,1
valid/images/IMG-20240216-WA0014_jpg.rf.RvHRlUza3yBFOAmbRKeO.jpg,val,img-20240216-wa0014_jpg,img_c104d8b4442f6317cdd2,950,1315,8614308614227aae675238b191db32545346706d3d3d549705c9fd4beb01f529,1
valid/images/IMG-20240216-WA0017_jpg.rf.WYUSoO3PvND1PKSU1rzP.jpg,val,img-20240216-wa0017_jpg,img_6dcacbfc6e827e149d99,1201,1600,ee8038fc4fba17728c21609d452c99275b56c3d3eb195174cc0c9362fbd3a825,1
valid/images/IMG-20240216-WA0018_jpg.rf.iwuGyma6E33AUQFhg9AD.jpg,val,img-20240216-wa0018_jpg,img_70defb3aad497eda6883,1201,1600,601b4a282151582be615d444c9b6de84fb2b4caaa86c6f055405231f04ebb768,1
valid/images/IMG-20240216-WA0020_jpg.rf.GDiu9RKFAZOF0UgrgKX6.jpg,val,img-20240216-wa0020_jpg,img_f5f7a2118352cd4c2f95,1201,1600,553f50b827ca0bb6a734aa7d6244a31db8d5fa7fb93b08ba30a2849d2b030ab6,1
valid/images/IMG-20240216-WA0030_jpg.rf.CHXBR5DlUvJ64Rmb1KVk.jpg,val,img-20240216-wa0030_jpg,img_b31807a5ad6a5783811d,1201,1600,f37f790b572e16e827aa21436e13749f218e9945fcbfa401e7cca4d083052930,1
valid/images/IMG-20240216-WA0037_jpg.rf.baOIA165An1OgG6gVcEv.jpg,val,img-20240216-wa0037_jpg,img_966a4873b95a386efa2a,1201,1600,be2c8609e4a5b5c913427c331747522faff34557bb5e1bb78347178db49025ba,1
valid/images/IMG-20240216-WA0040_jpg.rf.3GATDEvVNApJAc2LmbfJ.jpg,val,img-20240216-wa0040_jpg,img_2619c43b0600e39c2e43,1201,1600,c510ef3e72339e2f2c9f5f8a752e6e81f78d830b1a91a612fe96c606027acf07,1
valid/images/IMG-20240216-WA0043_jpg.rf.7jk2Vlz123rJLixDY6JH.jpg,val,img-20240216-wa0043_jpg,img_8aef823173ed2d4dcef3,1201,1600,360b7c1449411114f3ca44f2bbf78f1d6baad55c96691ecd12f4aabbc99b8a7b,1
valid/images/IMG-20240216-WA0060_jpg.rf.qi76RLt8fjuysf80huwR.jpg,val,img-20240216-wa0060_jpg,img_f7b442dcd261df19d207,1201,1600,ac7503c737ac95df01e4091f60a48c41cfbd05eea2960024eda51b714d7d8d22,1
valid/images/IMG-20240216-WA0073_jpg.rf.OPqeJd13UC5QH6uV8VOi.jpg,val,img-20240216-wa0073_jpg,img_9c840cc94bcae542dda0,1201,1600,82ec4342cfba0e859939b1021b9587c6c61da6c1fff0e5640eb6ae2a6c9e54fb,1
valid/images/IMG-20240216-WA0107_jpg.rf.MnBsdHJWcBhJ1Xhz9YdQ.jpg,val,img-20240216-wa0107_jpg,img_6b2efdf6bdadd7a6e6e2,1201,1600,9bf1a55c6d7fc91952fdf032bfa4f9f611eb22c8a729a7873cd0651827a5964e,1
valid/images/IMG-20240216-WA0115_jpg.rf.g7GL1a8tsEp2Zn8sWyOb.jpg,val,img-20240216-wa0115_jpg,img_7029bfa798ca2ff7a643,1201,1600,bfc150d02fe76d12ed73ffcb9d28ae61cfe37450557b577149e0953b6012c6ba,1
valid/images/IMG-20240216-WA0118_jpg.rf.uRhSKcuIwz12dBOxDrsR.jpg,val,img-20240216-wa0118_jpg,img_fe7521ce81ec60ca85ad,1201,1600,2be56398a620ba6c7387a5df1a9ef2126fd1524f926edb8923abdbd5ec5e89d8,1
valid/images/IMG-20240216-WA0123_jpg.rf.7V2Egxl3exFRnVYdx3CW.jpg,val,img-20240216-wa0123_jpg,img_4642ea40225766539dfc,1201,1600,63fc11845c4ea671860e7bdf1229b5e99dfd2573041c447ddd50e0515372efea,1
valid/images/IMG-20240216-WA0124_jpg.rf.4TeDo55tNGPJ5DOxIeT6.jpg,val,img-20240216-wa0124_jpg,img_7d49218ed3020f09ed0f,1201,1600,17114f945350db12677d0f8691ec0a2fb6e12a25e471d275bb250aa635b0bf2d,1
valid/images/IMG-20240216-WA0129_jpg.rf.bExtIEFlPHtbXN2dqFtX.jpg,val,img-20240216-wa0129_jpg,img_3503536a5ce355164c80,1201,1600,54651072bbaf91ddb9e0696460019bbb58bd6b92ff97186e21ab4f0d5e9a6d19,1
valid/images/IMG-20240218-WA0002_jpg.rf.1bOAZns4hX5sl34ftlOR.jpg,val,img-20240218-wa0002_jpg,img_eea13d5982c0c60fcda1,1201,1600,ad69fd67e9730daa3f3120b84a1ecde818034f5989c6b1f9d035a50b7262966b,1
valid/images/IMG-20240218-WA0007_jpg.rf.z9HokovIlPsfnTJEfEjP.jpg,val,img-20240218-wa0007_jpg,img_4b0af9feef73d91bcd25,1201,1600,c5d12aebb72b2dfdf54baebb2328dae252706e3ec17e86057f9f9bae5e613c55,1
valid/images/IMG-20240218-WA0009_jpg.rf.PxchHnPBiN5rteS45Gjf.jpg,val,img-20240218-wa0009_jpg,img_e765b99fde5b84d65bbc,1201,1600,07d296ec1718e67f06058655f18b4668bc6ff6576e54eadafdc05db4c040a74d,1
valid/images/IMG-20240218-WA0014_jpg.rf.pIM8SmhmslxRMfSt7McV.jpg,val,img-20240218-wa0014_jpg,img_faadbc7ac3db95787edd,1201,1600,6285bbcf3a8167ecdad1a336509f096b743d8646e74470d2fb387e7448e32b95,1
valid/images/IMG-20240218-WA0018_jpg.rf.h2BrUWVb3edImkysM2d5.jpg,val,img-20240218-wa0018_jpg,img_de11f6868dbff2bd2835,1201,1600,37a33d4583b2de5373754cb2837931f0711e9f2b68b4fb68ed8d1de903853a0b,1
valid/images/IMG-20240218-WA0019_jpg.rf.DTnF3pVccwhBQ6Z0mRpS.jpg,val,img-20240218-wa0019_jpg,img_bda47ec2855c10b6a772,1201,1600,aa53aaea88df4aa4d46bb7bf81fb54736b1d950420cb7082b6a5956cb2359479,1
valid/images/IMG-20240218-WA0022_jpg.rf.Tj7Dv3xO250qLPy10gow.jpg,val,img-20240218-wa0022_jpg,img_6a0603f43cb3fca55b7e,1201,1600,5d236f1c4d69df2a4955a9036b2531791a916e0412b6e0080fe1bf04d3d97937,1
valid/images/IMG-20240218-WA0039_jpg.rf.xikpksNziPxpT1OjDbDn.jpg,val,img-20240218-wa0039_jpg,img_1c23faacc11ef35eb0d0,1201,1600,8f3531d89a4a3c10ee1af2e60a2bb06d9a092ed9f1340c8f503d705b02c48770,1
valid/images/IMG-20240218-WA0040_jpg.rf.EtD93yTdJWkpzDUoT8ta.jpg,val,img-20240218-wa0040_jpg,img_6fcc95caab34c02fb54a,1201,1600,ffe726689fbe28ba69894b5aff8228b6b0a955e8f15f9ba0d18f8bc1debabe09,1
valid/images/IMG-20240218-WA0049_jpg.rf.3JgZZyAs27PSUBSlpf7t.jpg,val,img-20240218-wa0049_jpg,img_acc96605108834c7d9da,1201,1600,a92553b720632e1d5c723e7cbfddcd40f1d81cfd87f0bc32aa27afd08d5b8d7e,1
valid/images/IMG-20240218-WA0054_jpg.rf.bYKxdP4CZTgSZeOcSZ3c.jpg,val,img-20240218-wa0054_jpg,img_d2c99b1a34829d574667,1201,1600,9ac2910aa6a31944c9bd026b6ef4d75b9788a4966b7f565d827dc71a9426b1ac,1
valid/images/IMG-20240218-WA0061_jpg.rf.XfYxwSoOvR8zr81WYwSY.jpg,val,img-20240218-wa0061_jpg,img_d3bddc1a684a903e2474,1201,1600,6f21610a02c8841c3f74b3b56f8474efa596370ad011b1c8950e9cbd3f81ab90,1
valid/images/IMG-20240218-WA0062_jpg.rf.xiMLPaEZDl4D0bGs57Mb.jpg,val,img-20240218-wa0062_jpg,img_e36bec3a5ec7eb17db80,1201,1600,c2557d5dee1dd75589a37915df75760443d198a59a780d009de81e0ee04b74c6,1
valid/images/IMG-20240218-WA0063_jpg.rf.NmSdo6QXrVvdi4PyzACu.jpg,val,img-20240218-wa0063_jpg,img_ab815ed48eb3d289e97f,1201,1600,589903b1c2e659c6dbe8ee3dc4555df2bfd3d1bbba63ea683bd32b40d20a5783,1
valid/images/IMG-20240218-WA0069_jpg.rf.NcF3EUCMY3eIdkCWGPgT.jpg,val,img-20240218-wa0069_jpg,img_4ae95d1e776665d8fbc0,1201,1600,41ec677319976f76a8139ff6ee710f063a9a1b986a63ae7fd7a2a53bdc37ef0d,1
valid/images/IMG-20240218-WA0087_jpg.rf.FeYPoThQKvf4Imw7o7b6.jpg,val,img-20240218-wa0087_jpg,img_48dd003f64065f1d30af,1201,1600,986d28e24793f4d1ec60f3b91d54248e65601f1e6cac5367ccbfd106284b2eae,1
valid/images/IMG-20240218-WA0090_jpg.rf.56eAFrCeaSPMr5jY7jwJ.jpg,val,img-20240218-wa0090_jpg,img_8404805d00df6265a5af,1201,1600,ddcb6ebe5336113476ad3ed59cf9492626aa435e31e12f498949cf4140ab054b,1
valid/images/IMG-20240218-WA0093_jpg.rf.TNRnYcrgx7DuWKPPXjwA.jpg,val,img-20240218-wa0093_jpg,img_38466a0e5f1e3c4ade81,1201,1600,15bf49379713b86e9139ddaf8e183a451537b656929e372bab6aded3e4bc27b7,1
valid/images/IMG-20240218-WA0095_jpg.rf.7mhJs3b4IpXPea4kPMi0.jpg,val,img-20240218-wa0095_jpg,img_fd243b769ef8a63f220c,1201,1600,88dd6abb17ff56b7c8042f7607e4c2688b24ced664257cebb8f7dc083c7f8aa5,1
valid/images/IMG-20240218-WA0098_jpg.rf.K6Nry3u8unTPkPeE7pkK.jpg,val,img-20240218-wa0098_jpg,img_2e7d5c26dab43ff6d6f1,1201,1600,e4ad8cb685800cc14393e54a7357888b817146f0adfa8c50508c0010bdadd51c,1
valid/images/IMG-20240218-WA0101_jpg.rf.RueM3Zpvibea6TbAbatu.jpg,val,img-20240218-wa0101_jpg,img_e30985851462b589fcc5,1156,868,8439136411a774aeecdfce5b96ace9224b1ee9ca5832bbf7c0bb28bd0edc0413,1
valid/images/IMG-20240218-WA0102_jpg.rf.qS05IWFGxfiRQSRNNQpC.jpg,val,img-20240218-wa0102_jpg,img_a8c25b850d3670345ceb,868,1156,0eeeb6945a2d79340e2f3dbec12286672ad9fb524780fc76e4f2f8a1392b57d1,2
valid/images/IMG-20240218-WA0103_jpg.rf.Cj2cTB8v8mURojAFcEpM.jpg,val,img-20240218-wa0103_jpg,img_9b9649dc43664074d02d,868,1156,9a4a2aef49edefa31d63452ee2e53977a87aed046ce394bae7cc7dc3204ec2f8,1
valid/images/IMG-20240218-WA0108_jpg.rf.nVWMtNxekMieNo1x42I7.jpg,val,img-20240218-wa0108_jpg,img_e913b740fc99e331e5f9,868,1156,dd1020ee48efc001c82632ab9483e808c01029e4f2bffdcff6ee4f1b6369a5fc,1
valid/images/IMG-20240218-WA0111_jpg.rf.MeCGXnUqAxluRORAXZyL.jpg,val,img-20240218-wa0111_jpg,img_d236759132bc0b96adbb,868,1156,c54b97c899ab14bde5d9fc85c1e54d1c7a8faa809bc29b1e280ab96a107618a1,1
valid/images/IMG-20240218-WA0112_jpg.rf.EZZkN5rpQXtrttvvMfAt.jpg,val,img-20240218-wa0112_jpg,img_6f8dc88c7de734421936,868,1156,bf8636cbd9503bbceed002627909c494c4ff76d2b99b4fda18432f7d5b721143,1
valid/images/IMG-20240218-WA0130_jpg.rf.BAaLIyhiBQ4xwh8jmwOM.jpg,val,img-20240218-wa0130_jpg,img_4bb8e58d4610115977bf,1156,868,525fa0b0c0a57d463c00c6f4bc4ee5a4d01d1d70d21e7d840caa1fd5cb8f69ff,2
valid/images/IMG-20240218-WA0132_jpg.rf.kFwbBa8zaQeAbxrNNOpo.jpg,val,img-20240218-wa0132_jpg,img_cefac16482a0b90e2f05,868,1156,b474bc841fb6ef270ddded3261f64b37de95deee6d7843d27e383ac223598563,1
valid/images/IMG-20240218-WA0146_jpg.rf.omuD141Ry5k8qJkcCMLd.jpg,val,img-20240218-wa0146_jpg,img_09630ae22361a3689b83,868,1156,855b28e84aeb8b5d297d82372d4f55a1ece12052be913ab92584ac4c14c7c1d2,1
valid/images/IMG-20240218-WA0149_jpg.rf.JHukzr9kNkLxKUp5wvrn.jpg,val,img-20240218-wa0149_jpg,img_915fae9fd3b80a404249,868,1156,bc5d394ffe601a2fd4b2d28c3a50498a558a964a2212c10e5d1e5706b4686cce,1
valid/images/IMG-20240218-WA0163_jpg.rf.hyN6L59fjG2mX2CXVnhZ.jpg,val,img-20240218-wa0163_jpg,img_b36054f6d25b3833aafd,1156,868,d0eb68a5c91837ef50eb30ccae443b2ab0cd20f524a742498cb1524333d53f29,1
valid/images/IMG-20240218-WA0171_jpg.rf.98tFmrkYjfRXZEwHD0NK.jpg,val,img-20240218-wa0171_jpg,img_ec4dbf42c5c2aca6debe,868,1156,cc4ef296386566404f2f6df3c1fce8bea5b2b0564e0e877f6469b514bedb1d4a,1
valid/images/IMG-20240218-WA0175_jpg.rf.speqKNCzZBtjMiMWrn8t.jpg,val,img-20240218-wa0175_jpg,img_b651308a87807387008f,868,1156,e2da07733446a6f7fa323c31cb5cc5c7174d83edd84122d9043d4c3be8aa8cbb,1
valid/images/IMG-20240218-WA0176_jpg.rf.1dM5Bk3A9DwzOb0vAax7.jpg,val,img-20240218-wa0176_jpg,img_c507e6e1e5f723cb8dfa,868,1156,c2f6bd5958c7bff8e7420541b86e0cb622fb02303f552500032a857aaad08432,1
valid/images/IMG-20240218-WA0180_jpg.rf.B1KAdNagTKEhbrbWWG7o.jpg,val,img-20240218-wa0180_jpg,img_582caa774280d95a03bf,868,1156,dc7bca61f0828ca779d579823e39caeea9b1385b3429c1bede10744bd253963e,1
valid/images/IMG-20240218-WA0196_jpg.rf.09CA15pkALWqFMKN9SNg.jpg,val,img-20240218-wa0196_jpg,img_68551cc7279cfb0fe84e,868,1156,bd782a91a33c79e9b3dccd472496e3889b37cb333ca45bc460425cecf34b8005,1
valid/images/IMG-20240218-WA0198_jpg.rf.aWPVB2Ocx5UvPinQneNF.jpg,val,img-20240218-wa0198_jpg,img_7554fbb1e41a0aa5a98d,868,1156,7c5c6749615575b37ee2562aa2b08627a86ed52f8c224ed7056eec9cc66edebe,1
valid/images/IMG-20240218-WA0199_jpg.rf.NlK55zMDKkDxiOoiUF5W.jpg,val,img-20240218-wa0199_jpg,img_b4d643c3bd985e864faf,868,1156,ec6de2ea752c539190e434960b5e8142c3df0d6bf652237344363d2b26132465,1
valid/images/IMG-20240218-WA0205_jpg.rf.5ADQhl4tEkIMHT2vtpD5.jpg,val,img-20240218-wa0205_jpg,img_98ab6c11692d98bd4ae1,868,1156,8e7091a6111cee1927153e57bdefcddf2dcc6b977861fa27226d5d397fdea984,1
valid/images/IMG-20240218-WA0220_jpg.rf.vTZg9legHAUSaFUWqBtY.jpg,val,img-20240218-wa0220_jpg,img_c51d9baa14812c15ec49,868,1156,e5c79701fbe862c9e3f9e686ebb275a44a88c91e4a3a8e802a4455f72c12faf5,1
valid/images/IMG-20240218-WA0226_jpg.rf.7zzYP1ylmtD37qUJAd3x.jpg,val,img-20240218-wa0226_jpg,img_b8fb49790075d5823194,868,1156,89c8e2e30e06857e490442da6484c1d9f15a30468db3fca2c2131659088927fc,1
valid/images/IMG-20240218-WA0227_jpg.rf.x6RlcQDw8wIStB2PMZQo.jpg,val,img-20240218-wa0227_jpg,img_a05a252b17940ec07242,868,1156,dceb86099d300ef0d89b2c4c7c4af5d23b3c339758d53d3eb8bb77f5869a9afd,1
valid/images/IMG-20240218-WA0250_jpg.rf.alBMDDkzszmNfGoVWSEJ.jpg,val,img-20240218-wa0250_jpg,img_8196c4ac536f600c570e,868,1156,b81fda0f15a1732a5914ecc87086c965a5645246a006eb9090ed817cc5e9c601,1
valid/images/IMG-20240218-WA0255_jpg.rf.DYBZrdNperKOUt2McQCJ.jpg,val,img-20240218-wa0255_jpg,img_13d51d6bc9520024e188,868,1156,a2aac3b10cd4a97a26ee6eb53d336d76b383198bf140d3dbc918fb27b5dabe53,1
valid/images/IMG-20240218-WA0259_jpg.rf.dQ7T4igXcSSaSqfq5cBI.jpg,val,img-20240218-wa0259_jpg,img_9f1150cd3f9aa90c14ad,868,1156,adb66df40c68c4cde43c68039d07044f49b8bb9f8a09c00423424aefaa2088ea,1
valid/images/IMG-20240218-WA0279_jpg.rf.2Sft6RZkFZazSRoUCOO3.jpg,val,img-20240218-wa0279_jpg,img_d245980a103d5ebf938f,868,1156,b3e56de367851af689c1db015cc1658f5ef55ef7c7d843ac956e1af8a42073ce,1
valid/images/IMG-20240218-WA0281_jpg.rf.nGSDvc7iunHoDuRowuxi.jpg,val,img-20240218-wa0281_jpg,img_66218ce54f11278d6b95,868,1156,4507505f3b3c4591e52bf0c76f55472dc1f343b5dd6c90e42cc8cfe838e759af,1
valid/images/IMG-20240218-WA0287_jpg.rf.apDf88UFndKafwU8jVn0.jpg,val,img-20240218-wa0287_jpg,img_514e6667550c41e311cf,868,1156,4a0cc4e5e10238810cf38c5bbdbdf040709fff09e02c3f070e97202d08c4e145,1
valid/images/IMG-20240218-WA0291_jpg.rf.8ZmLaZ9uuF3LcABNwgAo.jpg,val,img-20240218-wa0291_jpg,img_ef56fc5666d8b9c04b1e,1201,1600,c6abd34a1d58e98c1314fef67cd5e85d3d9d9fb2720a38013d4f755365843d57,1
valid/images/IMG-20240218-WA0298_jpg.rf.MgJRQ1v7q5XkHUS1qrSx.jpg,val,img-20240218-wa0298_jpg,img_d8c56451b92715a8dc19,1201,1600,e353326f7735c10a987043ec314c0a39ee52d1df6f434f6345d43d32894afc53,2
valid/images/IMG-20240218-WA0300_jpg.rf.EP3Ckx0sidozFdD6DvfG.jpg,val,img-20240218-wa0300_jpg,img_9c3c201b858d6ea20109,1201,1600,30be6d3f760cd74c1f393a301d2ac3bc6a4fa800f43da2c258e28a0a070ee710,1
valid/images/IMG-20240218-WA0301_jpg.rf.ivwQFOlO8pyPa60lCmsq.jpg,val,img-20240218-wa0301_jpg,img_9a35de2615effae52146,1201,1600,ddc1e9d99233a04b6bdc3952cb90791359c660c8932730218527ed7e36549676,1
valid/images/IMG-20240218-WA0345_jpg.rf.vnkX4xYcNLyStJDi33IX.jpg,val,img-20240218-wa0345_jpg,img_68875ccb6ae3eeeb1d3b,1201,1600,3e182d872d6143a032a4a0ca300374216682e76cc724fa74242e1040f547afca,1
valid/images/IMG-20240218-WA0357_jpg.rf.RWiHiMnpoJcwidor2F69.jpg,val,img-20240218-wa0357_jpg,img_6a2dc879bfcddca7192c,1201,1600,7267cf66b15a9fdda0122d9f28c66a5b224b2c79e08aaa0f83e7c31dca37702e,1
valid/images/IMG-20_jpg.rf.sWvzPdOHgK7P8fBtp2gY.jpg,val,img-20_jpg,img_29be9627b504b8577143,4000,3000,49414dc8815e5313eb2993f068a8c8df358746fcc36ab1dea1d0eda29fa57614,1
valid/images/IMG-31_jpg.rf.Fgu3t4CEp5gkiCSaOuTT.jpg,val,img-31_jpg,img_7b560954921d42d6868d,4000,3000,64d193ed706d47c626383e34d9952554a3c88326b38cfc95c7aa700556cb4080,1
valid/images/IMG-38_jpg.rf.HOj2D7yKUfW5vxfHPXCb.jpg,val,img-38_jpg,img_8c3faaee43cd5bd74289,4000,3000,01e5ec17fc162de993e6a9c691d82482667d83c496ee59898fd2f3232840b3cc,1
valid/images/IMG-3_jpg.rf.NgLdTTHIylgFdm4dAJkK.jpg,val,img-3_jpg,img_7f97faa7cd0478968b60,4000,3000,480308c5e504940b877e695b005b1e6e9c5252a184d6fccd7999688de9499154,1
valid/images/IMG-8_jpg.rf.lgkziEkhE82iyX8LeEIf.jpg,val,img-8_jpg,img_470dc2f21cd4ef00ac0f,4000,3000,3d391a4c1310227d72e3c30f1956a210e7cc55b7a14f1df77dacbd3b0f4fde0a,1
valid/images/IMG-9_jpg.rf.XTm9UOICqYOMjrvMW4mT.jpg,val,img-9_jpg,img_4eb80e545a8c8f2bf889,4000,3000,7f279bf3d590306f4c68be60234c061c47725bf6af259017d295c934feb0dab1,1
valid/images/IMG_20190412_105140_jpg.rf.LZur4cG0ucvgezJIoeYr.jpg,val,img_20190412_105140_jpg,img_3dca5f16ee5d105d3856,961,1280,53ae04240bd1beaeaf384730124e867febd0d7c39ff766f83775c73ae6b6c69c,1
valid/images/IMG_20190412_105202_jpg.rf.pfUAVhbNNLbhaZgLc2ou.jpg,val,img_20190412_105202_jpg,img_224a7158cdaaa5cb9f8d,961,1280,06834749a703b57a9313e2ad6aa061c07d562188bb8720cf4c971736bb9ec7ba,1
valid/images/IMG_20190412_105234_jpg.rf.98fItq4aLcHUBsxP57y1.jpg,val,img_20190412_105234_jpg,img_57895ba0188b6a72039b,961,1280,7f18fedd96d28f9733b99767747598cadcd7ee8e81dd61145acd3eaed7809c14,1
valid/images/IMG_20190412_105248_jpg.rf.Gl7uwAP33vhExvxQW7AE.jpg,val,img_20190412_105248_jpg,img_ac106acd5008d3614e43,961,1280,a358e7d7ef088d07f8c783afa6cbe2e98dadc694b7fd10adc2cbf9c7c6c5b5a1,1
valid/images/IMG_20190412_110513_jpg.rf.eer7ugKKeDW43Dx0FRRR.jpg,val,img_20190412_110513_jpg,img_6458f8eb66118799c237,961,1280,b7dde7ce5b63639a588e315a19f65a9f36df63e948da063cd6ce816d00626da9,1
valid/images/IMG_20190412_112223_jpg.rf.5wyb0eBjAhS2ivX0q6ns.jpg,val,img_20190412_112223_jpg,img_640946ee799d08cdb104,961,1280,465dd45b9e3e7017e2d684af3742b0a8632cc4f51046f8624ae3aa848f08410b,1
valid/images/IMG_20190413_121542_jpg.rf.UbFmB1E88aLyT0y7JtJN.jpg,val,img_20190413_121542_jpg,img_b9418e34cc63b801a390,961,1280,20e8bdd75489ff256ed0f3de8633704a0a3da747c56501460369e772d94c4938,1
valid/images/IMG_20190413_121805_jpg.rf.ahaKPnltfk7lbKi0eRbH.jpg,val,img_20190413_121805_jpg,img_07c8ba9201a57c396f75,961,1280,e1d39d41ce231bb0d4342dbff01f9140354a76ee0c0efb830ba18e40a0cdd4b7,1
valid/images/IMG_20190413_121855_jpg.rf.XMnfDqyMuMsk37IlWCaJ.jpg,val,img_20190413_121855_jpg,img_db32a081b7106fc28b4f,961,1280,9a70b8d5bd6d51c3cea0bc882e1e15e804b0b18abbde5e26bedbe7ba9b7c85f6,1
valid/images/IMG_20190413_124549_jpg.rf.5CKH3AdFKiDGuCioFFTw.jpg,val,img_20190413_124549_jpg,img_9b833fe02e7fe583e305,961,1280,2c1133fca1b443ebe30343cbc7db839fcb1dba74ea22839f9eb1eb85c09c17ff,1
valid/images/IMG_20190413_124908_jpg.rf.SV8hODJqK1HcAnOWXqTa.jpg,val,img_20190413_124908_jpg,img_5ae415832889770b04d0,961,1280,75101b214e61ff6613158ec2debc9c5095cb8f476f25f2e110fddf063fd14687,1
valid/images/IMG_20190413_125221_jpg.rf.allnYH4NcXQcJvhXeDRS.jpg,val,img_20190413_125221_jpg,img_3dab17b4b4c38dc7475f,961,1280,cf509c6e82a2ab6e77510128c07368ba722a06b924638c4cd032714f8a331d82,1
valid/images/IMG_20190413_125640_jpg.rf.OsOQOOLkKOQ33meHDYr0.jpg,val,img_20190413_125640_jpg,img_f076050f7d5645393df5,961,1280,8cdf959c9913dcd9f1f473eca4ef7bf3b1d9525961a59e76fabb175d837cf5a9,1
valid/images/IMG_20191220_153000_jpg.rf.jLBlD24HV5gMK3PD3x7p.jpg,val,img_20191220_153000_jpg,img_7c63b38998d041ec654b,961,1280,e53bc82ffc52cdcf960d5bc363157dfdca7a398197488f292adea57c3224a783,1
valid/images/IMG_20191220_153357_jpg.rf.H7LhIM9Oz1PBJz4cOnZ7.jpg,val,img_20191220_153357_jpg,img_15d90db54bb17174ffde,961,1280,e183f0cdf811a58a4660a65b4ae5aa11cdcc9e40afa444cca3a2cea32a9c87e2,1
valid/images/IMG_20191220_154334_jpg.rf.XmGRhhjSMKZqs0Bk6ace.jpg,val,img_20191220_154334_jpg,img_0567c0a85d9479e9b4fe,961,1280,99cc327fcb40dfbc6172a20b77c6aa14f5f34432d540a4a2246c1c338a19954f,1
valid/images/IMG_20191220_154850_jpg.rf.XgVVdsuq3V4X7R6mLcI3.jpg,val,img_20191220_154850_jpg,img_bb00fd50bf49e3e1242e,961,1280,ad5093e34fb81c43b1f9720ad333b2ace6e4eef8f102a15d1e2a3c9728a72464,1
valid/images/IMG_20191220_155930_jpg.rf.fgWCLX4BsoR1KDrVJQfj.jpg,val,img_20191220_155930_jpg,img_460ed585995c871dfc27,1536,2048,f383bce9333bf8c4d6fdfcbc1fb9c379fc23e2cb6982d70dcd21068013f85416,2
valid/images/IMG_20191220_155951_jpg.rf.5yWrWrdfM1OvNDCZi8Wj.jpg,val,img_20191220_155951_jpg,img_65752f9b3c5a650cab6b,961,1280,d5efa55f6049d8a79155e5de38003f3ca3d399dbc08a779d8981f73db92250a7,1
valid/images/IMG_20191220_160638_jpg.rf.y3rTarA0kUjZXUafoI21.jpg,val,img_20191220_160638_jpg,img_f1a94bd32e70f8318e5b,961,1280,04f936bbd38c0e6f548428105307d38d7972053fcf8713f18d10341ae9fff20d,1
valid/images/IMG_20220707_114331_jpg.rf.FBERfE4Q61Hn2VZGRqe3.jpg,val,img_20220707_114331_jpg,img_45721282d7ef3fe02dc0,1394,2364,db3d22fddbb1fe8d5105ba4477606312d2a43c7d8c28f7ad3f910fdf3614e3db,1
valid/images/IMG_20220707_115829_jpg.rf.zoVcXrHjPyfn0ccPkqSB.jpg,val,img_20220707_115829_jpg,img_ea40ad06bc7b8a8c36f0,3000,3052,2ff6f62d7e063691770434f3d86b087808405055415bc539aac738a4791db151,1
valid/images/IMG_20220707_115851_jpg.rf.HpfSJ4MCCpzJXaIaXjid.jpg,val,img_20220707_115851_jpg,img_88fb67848eb2e292f4dd,1723,3080,e909652c78dded611910cbfaad61a2cc8611da42f0229e6db84694687b866f22,1
valid/images/IMG_20220707_115859_jpg.rf.65UWUIfCboThNoj2DHdy.jpg,val,img_20220707_115859_jpg,img_7443115947edd9325a46,1616,3616,963ba522805bc8f9ffb4447733e768d7571e6b2c88c4880788e9f601ad91a1cc,1
valid/images/IMG_20220707_115917_jpg.rf.mrfHejORXphqJzNaEgd5.jpg,val,img_20220707_115917_jpg,img_bcd3aadcc18afdcc40c4,1491,3123,e8cba45383492774434ee33ae33dbbb189be457535e54b5484718a85501287e5,1
valid/images/IMG_20220707_115936_jpg.rf.X9BNe1oVYN1clArXM4L7.jpg,val,img_20220707_115936_jpg,img_b8e444e2f10b77617e86,2251,3937,0ef15b9cc8a1572c3bd64781193c283675de8c9954945be2a7f8174024c8233f,1
valid/images/IMG_20220707_120125_jpg.rf.vQEtp2xoDImCfu2GllwQ.jpg,val,img_20220707_120125_jpg,img_cdc83f98e7b5cc4202d4,3000,2721,f6ba58283ea0971139121b97cde0c13b0f0381c6b23f52594ef90931a8c89ee7,1
valid/images/IMG_20240211_145416_jpg.rf.5ubQ2D8pYrw8gypEOoPY.jpg,val,img_20240211_145416_jpg,img_a6198dc0e0508aa0f703,1153,1455,2133c7da1fcfdd9e07b38fd4996055dbffe80be80e0dfb821a6b0fc139225b6d,1
valid/images/IMG_20240211_150627_jpg.rf.nTluGbkDU3OTswFJpesN.jpg,val,img_20240211_150627_jpg,img_afbdf80f80d90519eb37,2036,3261,4454fa9a058d2d743beb45099793a824a5bf2e1f9082254ee672d0f06c83709c,1
valid/images/IMG_20240211_152651_jpg.rf.Ff5bkRKJ3nmoO8LhzFjZ.jpg,val,img_20240211_152651_jpg,img_8b71e766b1629ad1d3d3,1685,2962,006a134427cfd1930e531acbcfa2292e3970f52854410f21f33f9cc6c6d9f013,1
valid/images/IMG_20240211_161409_jpg.rf.ErSOnW9IcZA6IeGQdqyv.jpg,val,img_20240211_161409_jpg,img_3ac2455abf597326c08d,2240,3819,93722f9f0691d3d557152d31adec9e21d4a4dbaa5599664c6d29ef2459a6f73c,1
valid/images/LPBD_T-289-_png_jpg.rf.3TK3aroLMG327oDd31Bo.jpg,val,lpbd_t-289-_png_jpg,img_dedd378055355594cbbb,784,682,f41ca06eb334a82e5a010a114f0b2cd1f00994f045fff5ac72c928040ae1cd43,1
valid/images/LPBD_T-33-_png_jpg.rf.0IWJ3jIbyrn4PFztZ9Z2.jpg,val,lpbd_t-33-_png_jpg,img_6cfd6ada1612dc247b00,472,359,0e4782a8a0dfa2b728f55436cf3d8558538fa57f6d67792eda9856344dead19b,1
valid/images/LPBD_T-82-_png_jpg.rf.oRG6sXPTvOeRXSoVujpv.jpg,val,lpbd_t-82-_png_jpg,img_90db041fa662be59c94c,440,472,8a13bda0b91292018973e9298f14d11d8064ad75dc1ab3b838fe7acdc497dfbc,1
valid/images/received_1038209363934741_jpeg.rf.XmVMAfRW00mzlWyN1Mop.jpeg,val,received_1038209363934741_jpeg,img_5ba8c2424d8790203c4d,980,993,c367fbc55602e13e011b3bb916927d9daaa655ee329ee5cc7126c4e7c8284018,1
valid/images/received_236326472881484_jpeg.rf.ybQoER1bQmU2r6QTUrFE.jpeg,val,received_236326472881484_jpeg,img_15275ac6791d85ea7bc3,1078,1395,7adb354dd00e4b69f7fd8ea22603acf4d14b8571584a43c93e7ce9fea172ee7d,1
valid/images/received_289819283860726_jpeg.rf.4PAqVFUYxJg3C1T502Nv.jpeg,val,received_289819283860726_jpeg,img_f11d316cf670c64e38d3,935,1034,468ce8a7dfc3a2217037a242456778f52e4ea8be4acfc758993479fbe801b679,1
valid/images/received_3015847708546855_jpeg.rf.ZytkaEfx0ApNZot8lj7G.jpeg,val,received_3015847708546855_jpeg,img_d95a73fea7b5347511f9,1382,1194,f0ba4f74b789a0077515f70139a187cd2cd48b7494b54c48a54968c1b40b9539,1
valid/images/received_340982595591154_jpeg.rf.FWs3APM357wr4TEQgh6V.jpeg,val,received_340982595591154_jpeg,img_80db7d5294d2909435b0,782,895,b2714f5f9afe35629315ad315747e4b466e4757a0b7d0cdc8c85bb00b0dab012,2
valid/images/received_413599058005843_jpeg.rf.58T0MdeYU5Jl14aGhDqn.jpeg,val,received_413599058005843_jpeg,img_0785f3dfd3f65d91b072,849,856,77c31ea112c9aa971dcefd7be341305397ff739731a96b608d45142cd7a36cfe,2
valid/images/received_948437900128395_jpeg.rf.kPFcrhQBLZhhxs0DJgxm.jpeg,val,received_948437900128395_jpeg,img_d7fed641377a6857c5f7,1600,1200,ab25a8d98012ab1160821cd2f1de37b3dcbbc252820ededdea46264d136e11ca,1
valid/images/Screenshot 2024-02-20 003217_png.rf.hwvMmUBjswWDRFEb3fAo.png,val,screenshot 2024-02-20 003217_png,img_f1aa54b2a451e5c59aa5,593,348,96340d29211fe02427ba5906485a446d4d81f49ccc7fa87552ee817a3b203f16,1
valid/images/Screenshot 2024-02-20 003232_png.rf.q4xZ4HuPXbLsf71cCdY2.png,val,screenshot 2024-02-20 003232_png,img_3594767c47e1f9a04bf1,501,258,ecdb2096951c56e6be7d738ad17685b7ea0c8d949eb798b5e8e66658b62c175f,1
valid/images/Screenshot 2024-02-20 003631_png.rf.Nv3DA4Ovkjlxgq6vy9aF.png,val,screenshot 2024-02-20 003631_png,img_cc63c269fb29a834ab9c,620,564,4535ce077ca0e7931f81c713889fdd171bef88a0741a8085f4c670c846867666,2
valid/images/Screenshot 2024-02-20 003912_png.rf.AMeMPbbOvLHgGwxDszXf.png,val,screenshot 2024-02-20 003912_png,img_dc92bd65b1982c2c6637,347,405,b2023736d476d2b443860ed0f381924725b728a465ed57b1c1a9f874f19cb2b5,1
valid/images/Screenshot 2024-02-20 003957_png.rf.lmf13atONbNwFQoqGHzI.png,val,screenshot 2024-02-20 003957_png,img_8032957d8e23b17b604f,331,350,876b0cbb1895d4a65b5e03ca68b31cb257d2f06a28faa5cb48d3e3cf29b46f09,1
valid/images/Screenshot 2024-02-20 004143_png.rf.X4UmeGC3x3wHCdx0p1h1.png,val,screenshot 2024-02-20 004143_png,img_11bfe9d7671296b43fcc,766,113,055b797a652f1fb545323d744d590b9cfea47a54a6f05a0ad5a6ab0c553d8057,1
valid/images/Screenshot 2024-02-20 004409_png.rf.Mc7hoyTLXbXbGDH6wVOM.png,val,screenshot 2024-02-20 004409_png,img_8044b583ab9f7e5184e5,731,501,ed5e4ba06730542dbfbf657e8eb387138dae58001b7eeb6cf8995f7950239ab6,1
valid/images/Screenshot 2024-02-20 004527_png.rf.oTEHJPlIhqzwACOliX6t.png,val,screenshot 2024-02-20 004527_png,img_c365b8ca68ddae268c5b,419,367,cb23e33b025269577a403f7c129c5530fb35b8e4109875c064c4b4b5e5836e1f,1
valid/images/Screenshot 2024-02-20 010226_png.rf.pGMXuweC69c2A65baIkt.png,val,screenshot 2024-02-20 010226_png,img_32a6babf7591ee472e3b,224,111,23e5688995ec294946b91f43c745a503ad72d6ac074421297786e6e39449dd87,1
valid/images/Screenshot 2024-02-20 010301_png.rf.K23vyeu1zwgET95YsBIC.png,val,screenshot 2024-02-20 010301_png,img_7800b7811976447befae,286,202,9708fac9131ef0e3b4d17af155ed31027c3a9b868fbca8d62f390743c8501d47,1
valid/images/Screenshot 2024-02-20 010356_png.rf.X3Uaf6DuXyj4ZkyGtKPa.png,val,screenshot 2024-02-20 010356_png,img_32b29429c23b79c341f9,276,235,e4e6eb0a9823a25c67315ea041115e349d963636e971d1f2b20af01227bdb920,1
valid/images/Screenshot 2024-02-20 010826_png.rf.VGshOGh1j417xRDCpu62.png,val,screenshot 2024-02-20 010826_png,img_6bbf48c471ddbc07174a,338,299,6d249dde34909dd918855fd94570fa403f1b9d89d4c0be9454d4a5c6fa3138c4,1
valid/images/Screenshot 2024-02-20 010912_png.rf.QicWMpFgHlq6T8TbbO6h.png,val,screenshot 2024-02-20 010912_png,img_8d271a0da465f2668fbb,298,216,faefcadb13af5a1879c2cd6572bdece7e2836dd2eb0706dbdf5254721e309019,1
valid/images/Screenshot 2024-02-20 011047_png.rf.MiotEMQG87Y0aYXzjjwQ.png,val,screenshot 2024-02-20 011047_png,img_cc1bf6f0bb3c42ae0100,337,202,b8fcc451a0720a5ec80f9d23d6339ac34ab292bab63a1c33fcc92c26e8f53e44,1
valid/images/Screenshot 2024-02-20 011228_png.rf.QYE35tCSyBNWMvoFEWMr.png,val,screenshot 2024-02-20 011228_png,img_71aa8b5839c4c9c2127b,636,514,bc596f0411361d1a5f1f68f798be395d8af98c9de4a6d15a34cfe45ecc8c5a68,1
valid/images/Screenshot 2024-02-20 011337_png.rf.0x07tIW1Zaa9ebhgMl45.png,val,screenshot 2024-02-20 011337_png,img_281abbafb2e4e16a2032,410,281,b03ea2a52d4529d064480e210d3c12eafdd27a4ee6048e65c32e1bc7426ffa38,1
valid/images/Screenshot 2024-02-20 012735_png.rf.VdHFEfPaQhUfl25BoabY.png,val,screenshot 2024-02-20 012735_png,img_c0a44b4745d532349d07,916,548,cbfd21041b2b057b299b757b96a57a5efac79dfe211ea2391380f7a687dc37cc,1
test/images/10835_png.rf.KLVu7LkrVGU7ls5Sh5mZ.png,test,10835_png,img_6d6fc8bd436b3b9876e3,1151,927,b4b447551ce90d53cc8343a90f455e536f42db3472b23bd59b7f95ed113af5eb,1
test/images/11050_png.rf.tLN95ph3flHCXSsC4jGw.png,test,11050_png,img_519880bdc96e9cb68f7c,862,1012,ccae65872c6dadb9c7d2386693d3b21a950c91c3e106e934c7b0a1da8699cb81,1
test/images/112_jpg.rf.uW41c85A26Am5ECXzhZL.jpg,test,112_jpg,img_965e64944c35da2aab95,793,960,5fdca6cb0c7dff719bcdc5cb67703290c0f0e59ffadda81d480d64b542c91c78,1
test/images/11861_png.rf.y5iAudSosDIwOwS6N6iN.png,test,11861_png,img_e2d75535ba29e414fe98,1012,855,fd49510808cd307ea8dce8c60a2a0601611744ade0e15452271b01b463cf6521,1
test/images/11_jpg.rf.h4AVroCOO7KDVX6lNl1n.jpg,test,11_jpg,img_c25bb4d948737b886d52,1626,2551,11925bb97660a2e71331ddae671795c08494f4058c3fd15346c7bb5d2c2df970,1
test/images/12155_png.rf.4EVrA1SMkmyjZ9zc7ZKb.png,test,12155_png,img_fbb2bc02fd02ec5932c2,746,522,1b3201a0c1a23c852ff9eb7e988fbf13816673c3b30158754f5109794ff53437,1
test/images/12347_png.rf.bCCzk1j3raXgnTWvP9cL.png,test,12347_png,img_b0895f0305d9ab0a1dc1,1291,1771,462d7a0863126fea381a72a5ed5ef4f4ea35a0bc9024576ab937d3218e0b1b30,1
test/images/13562_png.rf.zhoiK2GRtNlQQhC1IHT3.png,test,13562_png,img_3b70d39b8939dbc8cd04,562,610,c1e0029a84d9cc174ce34cb7afc48847d46a4a027b2c31c88cdebc4137c46c7a,1
test/images/13670_png.rf.mcexp52OMjelJt83C5nN.png,test,13670_png,img_0fab44c7113e68d635e7,733,734,208d2894bf2e3e2574345879588d58e1181deaf2836b16be76ce01964b36986a,1
test/images/13724_png.rf.Yt8hT9N49OjRNIs1n8QE.png,test,13724_png,img_ce71f563406cabad4ad0,760,677,cd124d761a06c81d7fe8b7c16130d6f77fc15c0380f3ac79de8080b8109df3a7,1
test/images/13913_png.rf.gtGZ8ypQhvv2Mxr7mlbf.png,test,13913_png,img_9efc5d42473d348b7eac,690,766,8facb442ecfcff7b3551fd9d1c87206a32d06c0003960d3a3bb8d372cdc89945,1
test/images/13_jpg.rf.hiMUlohQLWABlMdCmrZE.jpg,test,13_jpg,img_e7297db40c1b9bd8c89f,4000,3000,7afac58ddeac8274b968c5468408157d4acaca6dfe6ed0fe1ccf9db1412f82bc,1
test/images/14345_png.rf.hAD0cAjsTytUNBACAm9r.png,test,14345_png,img_3fadb6a9c76a6a43871f,795,854,6412dac71a98c5e41c5d1a95db2a25bea7bee5c6aa1f7949fc05c22b8ed705a4,1
test/images/151-jpg_jpg.rf.p1BeJNMTLG7mFv5cNguG.jpg,test,151-jpg_jpg,img_b508fa68edaa56f11c67,4000,3000,51b771ad94121dad580fe8155974f61ed56d7ac68f5b958656f1fdff4051619b,1
test/images/154-jpg_jpg.rf.tzGq9gRoN01l5ZZOmfbl.jpg,test,154-jpg_jpg,img_196154e207bda7aff797,4000,3000,a271a4d12d2aa4bbbcb9f7ff0d5d2f57453bc68c72ff83d5c4351867284d6ac7,1
test/images/15533_png.rf.zRsGMJiL07FuHs1pqUrQ.png,test,15533_png,img_625efc2e652ba06b7f96,679,686,e0a08d56b77717e15a3fda8c45d1e3f1f598a119fd90742adab6fd4232979ee7,1
test/images/15_jpg.rf.rmFy4Z0r9jry9WyXVpIy.jpg,test,15_jpg,img_3b76fcb8c8f853d2eeb0,4000,3000,5065181bdbd1bac26c3eef65df4f8a958eff43328a6b874e8dc19e238948e92d,1
test/images/16764_png.rf.ymeLCI5FIuprLTkj0cge.png,test,16764_png,img_d1a8127758ebb2554007,795,418,07dfec3d06d0340b5a278db6eed32b8e4b8611eadb7440ff0b23130052f93b2e,1
test/images/20240214_140124_jpg.rf.HIQzXbYldLC2PipKNRk7.jpg,test,20240214_140124_jpg,img_b9865dd2072bd7e5c7d7,1862,2316,e46ef8f4b7da984878ffac00636ae3682ee4898667370eafd24ec55ecd8451be,1
test/images/20240214_141102_jpg.rf.hmxR1FkLrNTkHPe9MDoY.jpg,test,20240214_141102_jpg,img_18ce092146d324f7ae1d,1277,1979,4d1c61382898f591102358cd0855a87c75cdb1071a9290515c00c1b0cfaed58c,1
test/images/20240214_141116_jpg.rf.Jv0aVP0bN7AVll9Ec0sP.jpg,test,20240214_141116_jpg,img_a3e077df1d65fdcb30df,1814,1951,ca4d115b017424b2d644c88fb1b46cb0807c569233ec237af803feb8571d0d4c,1
test/images/20240214_182134_jpg.rf.MgLXzJUKibmvjmraBlUs.jpg,test,20240214_182134_jpg,img_f02e9e958efec4eb8070,2014,2149,2e3a7d066bf03a149e7a801f978169824e2000ec6299c31df3d80ab56244225a,2
test/images/20240216_102344_jpg.rf.DSYR49fIqQLRO45M90S0.jpg,test,20240216_102344_jpg,img_9878aabc8787bf5ad679,1321,1297,ef100c61c8a6a6db6d39129782c61059208947442fe7374c0e63ab2c569ce44e,1
test/images/20240216_102401_jpg.rf.5Dc9HXIgmmRmZWQVxlTX.jpg,test,20240216_102401_jpg,img_a06a609f9e735602b11f,855,1129,3b11497842c5d75f72f65431a02fc95a236f6ce1796f5f42c6ba44b54d68aee2,1
test/images/20240216_140112_jpg.rf.WJQhsyuNPUNQyUbW81hW.jpg,test,20240216_140112_jpg,img_a66c0861e074d6877d94,1289,1510,03adabfa78312e8fc53fb038296fec94e8cc103702807b76742e4dbddbeb86bc,1
test/images/20240216_143433_jpg.rf.If5oVvnxIa8iMA41SDzI.jpg,test,20240216_143433_jpg,img_f3aaf440fc119975af82,1766,1748,5c816bbef0e0bdfe66b86849eb274cc5f09120e4c1d358eafa869fc795b916dc,1
test/images/20240216_143448_jpg.rf.XZor6E5JM90KW5u4MmWM.jpg,test,20240216_143448_jpg,img_59b6f5614a0d30e995ff,3000,2539,f62597ea81244e7e6004ae8092c02f7f4c38a098b4b5a383176c032a07c7522b,3
test/images/20240216_143510_jpg.rf.06LJe0UCAH8fzNugdad7.jpg,test,20240216_143510_jpg,img_75547521f5726b0dc1b0,1875,2610,036e77d2e03f14f01a3fcd40cee885faffd4c26dde26cebfecd19d3ed14135a9,1
test/images/20240216_143637_jpg.rf.lKgk0bcfDyLzYmdLiKNe.jpg,test,20240216_143637_jpg,img_efe9f49e7df5b85ca052,1069,1425,fa0d6256878bf5637fae96aa8735c5ba23d7d7a2e3d72cb18f910db3125813e2,1
test/images/20240216_143710_jpg.rf.0jQSFpBApzhZlRpLDlpd.jpg,test,20240216_143710_jpg,img_093707ca968bb0410e27,1551,2068,63ca7c3f26d3bc78d048024785f71d78b333328584d1d9fb3bb3562ab09d6d5d,1
test/images/20240216_143829_jpg.rf.eFjgcyC51MBFNNN3RKs3.jpg,test,20240216_143829_jpg,img_94e481faa3983b82ed92,2134,2846,4a384d78f5ed7d1c2d91943684171204f5d537c4542fd8d060767e80c6a9ff5a,1
test/images/20240216_151818_jpg.rf.r4WXquHhOOO187vUUNzk.jpg,test,20240216_151818_jpg,img_d9f0d07cd51edbe485d5,1247,1663,0adfc2d3b6df941141b59462a6ba61a5a917169158fca52b6a0650ecf65e2c18,1
test/images/20240216_152119_jpg.rf.OCjeB2RQhgaic4d93Ntr.jpg,test,20240216_152119_jpg,img_4076443a1416be8ab939,1680,2240,02adcc16786d73ea02443782bfcb6d43fa93ddbcbeeac3ac25a7559ee0410d3d,1
test/images/20240216_171820_jpg.rf.8epF2p7nbb8zjP84yFGi.jpg,test,20240216_171820_jpg,img_ea68a56baf907ec03b34,2012,1650,a05d264c00c31a1008deff83d03bd36dd0e0bccfe694197e02317846ed316f7e,1
test/images/20240216_202245_jpg.rf.BZ2Adsn4Wk530KrrAET4.jpg,test,20240216_202245_jpg,img_9039e6e1ce00fc74c1f6,1694,2258,c1ca0583d4ec5b97b0f4cb844c6d830923881ef91a25add5d1891c7bf7a23fae,1
test/images/20240216_203329_jpg.rf.M78DMLfbKwivmHKRYaR1.jpg,test,20240216_203329_jpg,img_d6a2c03b69183ff654cb,1563,2085,eb7f14bbf26b7f28e8a5f75906eb57306dc89b38e27ee0ece4fc6825e37bd319,1
test/images/20240216_205911_jpg.rf.ZpLXAgLPdBzPFZr64vbw.jpg,test,20240216_205911_jpg,img_c4a41924ecd3ca7365cf,2951,2204,efb65d864b4d1b1f826c29430af9a784ce729c46fb0a7dcae454a2af4251dc3d,1
test/images/20240216_213441_jpg.rf.IcAwFJwKyniWAi9mbIf5.jpg,test,20240216_213441_jpg,img_c6e97e5a82aaaabbf99c,2181,2908,d104fb52d2b52e66f8f0d4f6e65cd7d859d66a7c86fd0dfa3f9e2685e44f17f3,1
test/images/20240216_213537_jpg.rf.nurFPT62UD2Hb6nChV4R.jpg,test,20240216_213537_jpg,img_967ef4c46cf62c42e0aa,1438,1918,e43447517d89d18083feaeac75cfc288d45c93a1b8114aadf6d6f4c9b717ea5a,1
test/images/20240216_213648_jpg.rf.sYta7FKgwvmR9YHvOQCb.jpg,test,20240216_213648_jpg,img_8397a5001bf4b4169a15,1574,2099,b3fa02382acb479fe0cb2abe743712cbfe5352d2ce20146f153df79d2290fa26,1
test/images/20240216_213839_jpg.rf.I8E5Saq5SvDbh31Pm4B3.jpg,test,20240216_213839_jpg,img_90b712a136d677e01686,1847,2462,6ab4e7c399f6dfbab7d5b0ac1d910dfcb9299d592fec1bed582f6b37acfd5df4,1
test/images/20240216_222353_jpg.rf.ZjavTPoVZpwtm3152FO2.jpg,test,20240216_222353_jpg,img_4fcb6def8f40ac4f5716,2000,2667,379b23c531a7a9f311d0f0416b854a714248cc062f0ced592ba6de881b4bbfe6,1
test/images/20240218_155326_jpg.rf.oqRyGqarryDgHaQioyDc.jpg,test,20240218_155326_jpg,img_ebe86258db99c783755a,2342,2667,2a6f315e875a4f96dcd6a8fac3bfd42ee4b4d897aa07f915bb48a35a74ae880d,1
test/images/20240218_155714_jpg.rf.zAJ98lQuSm1Zir8VkFSB.jpg,test,20240218_155714_jpg,img_add9a5bf5e52e1a5ee7c,1352,1596,59918e948aa43e2c19508a06c9de45041231cb670f737fbaf6c160cf1d2d192b,1
test/images/20240218_155743_jpg.rf.UNeOxaglLmSqAdgM9Fgp.jpg,test,20240218_155743_jpg,img_5bec2413e40a49573ab1,1112,1483,d0152490130bf860c685698d3cd0065b975abc7121903c3aa8ac994becbef656,1
test/images/20240218_160235_jpg.rf.J1P2OwGTzD2QGOBbliOc.jpg,test,20240218_160235_jpg,img_3472208ade60d5cbdd33,1463,1223,0a9d663f53ff9635d49dfec1e6e08af172f7a8b2a7b3538d54312520d32d962f,1
test/images/20240218_160409_jpg.rf.CEbii7S3597zPUKVBLVx.jpg,test,20240218_160409_jpg,img_c8572589aafeed1f6eba,2458,2490,54ffcc6d057bd68e409988b81301254625c664005ec97ed87ff6db2e6f13d6da,1
test/images/20240218_160439_jpg.rf.kkMK4Cik5fQAEAion6jJ.jpg,test,20240218_160439_jpg,img_bb0b0e9156fa13d856a7,1574,1684,c6afc377e525b39ce237c533c722f3daa7d8025ea37e2309edf4c47ddd04bde8,1
test/images/20240218_160459_jpg.rf.A491s2tJRR2BA2y3v9rz.jpg,test,20240218_160459_jpg,img_f1bbed3be83506b1594c,2257,2124,b3ecc4d7c19bf8425e9737799a368e1846388d0ce3a181f6cd11153b9529c2d9,1
test/images/20240218_160604_jpg.rf.QZrtKX4wl6pc9PyNc97A.jpg,test,20240218_160604_jpg,img_5396bf3e9757b3c516b1,1324,1765,fd51a5ed0a6f91e4b449e3e4d4ba9c2d2900a7d9cde5715d94adebd16007fa31,1
test/images/20240218_160719_jpg.rf.A2OZcIMb7ReLjg1JPqmV.jpg,test,20240218_160719_jpg,img_99765201dfff54eced66,2181,2908,71136d7c26b9c9386ab4ea38c0ea7a507b93f0ac4e7dfc2f0647497eb7b5cfe7,1
test/images/20240218_161000_jpg.rf.woc55rVnxgXVOZYBOFtP.jpg,test,20240218_161000_jpg,img_0b832ba503d135ca51b0,2166,2888,a6094c22bd963f5927ceb9a3046ffd09755dab73df3a2bc429689976e7647f32,1
test/images/20240218_161105_jpg.rf.ESITTrB93iSX8k1YWTd1.jpg,test,20240218_161105_jpg,img_d712ede853b720cfef1e,1351,1801,64d711e45ed52a2b479274581a7905fd023759b62a1e95552d734585645913d3,1
test/images/20240218_161115_jpg.rf.oS6tfQpyU92znS8V4cj9.jpg,test,20240218_161115_jpg,img_00871aeb80da458f29e3,1585,2113,d2326681f58ae748d7e3dc445160815cbb0b64fb884d6aaa8e1e5fc5352ac369,1
test/images/20240218_161157_jpg.rf.RLX4hZiY6sHf6aQKThYS.jpg,test,20240218_161157_jpg,img_41667536bbcea09e4e24,1563,2085,559cddb2c208c8e1546ee8734cc05d483e09eedc6178600c0a2f1f78cfba1b36,1
test/images/20240218_161246_jpg.rf.gx9CtMTpUN6bvI3wujVt.jpg,test,20240218_161246_jpg,img_36c20f8c88ddb9abfc39,1693,2258,4fb08824fbc2cc65a91a940e12888d2591a562818c9c4ea8a18e6134760fabb5,1
test/images/20240218_161255_jpg.rf.3UqkUjkp1yeZV6MoVwek.jpg,test,20240218_161255_jpg,img_2ff916d9aa396bc2c68b,2720,2240,ab7647ca2e967c3a8478e22e1c932f7edb57a4ca08acb826ad4bf28c433db522,2
test/images/20240218_161258_jpg.rf.qGMRbFjOC968zFoYJpbC.jpg,test,20240218_161258_jpg,img_948e3eac0fce46daa692,1673,1884,7e3dd7890648692a2a879320aaa41915e152da7e6bb6e86c817c51dbd99a8dfb,1
test/images/20240218_161445_jpg.rf.ozX0rqD1YnadNc6veoJj.jpg,test,20240218_161445_jpg,img_fc3f6e1dde6108b0237d,1443,1925,0c1211f454347ba085223cb53ee138457d66244b07441672f873cb490f58721f,1
test/images/20240218_161450_jpg.rf.osYtXA7WkWUE0VunbcrK.jpg,test,20240218_161450_jpg,img_a8015544dee76ecefa0d,1847,2462,89b11a04093f4ffe4670ecbaa95becc6b7cabcb3012d0aadbab6f8dee80b74e3,1
test/images/20240218_162114_jpg.rf.8Gm5wPYi2fbB8GzOm3eK.jpg,test,20240218_162114_jpg,img_c23786842019df63536b,2081,2898,b91d8261338c1ab47238fd75932338c1c3aec639a10a665f4315029398e61639,1
test/images/20240218_171112_jpg.rf.SNP4V78EnGnsX1tkxDKy.jpg,test,20240218_171112_jpg,img_f641cdb1eb867b65241f,2673,2734,80496fd4dd7e57454750a12a9d4fb9a50fb0dad044a630fe4028052dc72b69b2,1
test/images/20240218_171514_jpg.rf.8PEblxLJ5R7ZuQA4ptq3.jpg,test,20240218_171514_jpg,img_57cac834edaf266f7625,1953,2289,5290efb22acb4d7681a92dde9002a13877c9bcb971e283faf258613f9af5bb4d,1
test/images/20240218_172657_jpg.rf.gLIOk7BHPLL8iwKhEHxo.jpg,test,20240218_172657_jpg,img_3478e6974bba9036dc01,1953,1859,5fbdb4d05940e7b220fbbd7f7106b058330ab6216a13b9d1a181a8881de5a7e6,1
test/images/20240218_173346_jpg.rf.sBCfsLPrzpuDibGQ7gmy.jpg,test,20240218_173346_jpg,img_de016b48e08feb001c84,1243,1377,57073e3cf32d200c6f46dcd393aa0aea52bb533acce729c1f9761e26449246dd,1
test/images/20240218_173436_jpg.rf.Kle8lO3A4fVQ7uPT2900.jpg,test,20240218_173436_jpg,img_23840772422e42d05f5e,1922,1916,335b2a88f555cf406c144168613de11288fc61ccf7ac46e3c86bd1d93c76a979,1
test/images/20240218_173604_jpg.rf.wGCbHn6BonRjGFK1B1jY.jpg,test,20240218_173604_jpg,img_4d3b00a3453d3d19f8fd,1855,1577,55b3e7eaa7fb237265bccca920d185ba957998a2eb12af2658fcc5d8b6d7b4cd,1
test/images/20240218_173742_jpg.rf.9yxGRIoMRUHAeS1RR6ic.jpg,test,20240218_173742_jpg,img_1ebf64c62b32fee07195,2294,2466,ca6a1a772e48f4e6ba350d8f121f14b4f9eb6cd358de16d2b9530b960e4ebab5,1
test/images/20240218_174044_jpg.rf.J1gjXDZQUhaxfoOIZFHQ.jpg,test,20240218_174044_jpg,img_a5d2a6b14d3bbc8f7752,2708,3379,c6ad24fcf365aae83b9ed9ae3b8fc018144e9d3982a7ebb16e85959d90afbf9b,1
test/images/20240218_174112_jpg.rf.5dCEciWdVIZwESgCc2e7.jpg,test,20240218_174112_jpg,img_1329081ac75a2ccf9419,1858,1969,56e07f345a29ba1068129f725439c3a9ebd3d8f4853445992d0018eebab269ca,1
test/images/20240218_174239_jpg.rf.mlWUFncqnVESgrQpBAyw.jpg,test,20240218_174239_jpg,img_00763a77349012faeb5e,2032,2109,19d34a0c7c6492d247cc114b3820f309dd06d78f85de04929acfd13e0e480965,1
test/images/20240218_174257_jpg.rf.7mDsUvzDzu9nedrbEDQg.jpg,test,20240218_174257_jpg,img_4e777be8e10f5eb051ff,2438,2562,0f3848754f49b10319148364fbb51c1bbdfc7472e42fa879dd2047ba421931f0,1
test/images/20240218_174706_jpg.rf.EXIkPt8BPY13C2vJwndd.jpg,test,20240218_174706_jpg,img_423fc3820b2a17dd5e2b,1705,2273,12a228f4c932f1dbef5e3452d1c55944d273d40df96269d382801bf795a411ee,1
test/images/20240218_174801_jpg.rf.eYf44bZO6LTAFp9UVlW5.jpg,test,20240218_174801_jpg,img_52fb2046d9de2d5885ac,2082,2394,d6b53177c89737f524634e2382ec06819f2c79ae741be4c88c4070ce6827d514,1
test/images/20240218_175224_jpg.rf.V2PjR64IibFjFWgZ38p7.jpg,test,20240218_175224_jpg,img_cb09e9a90a32797e427f,1614,2049,20f81dc6238d2b8a0d407b4b45ffcef0b1758dd3d741174fd8efa63a6040729f,1
test/images/20240218_175431_jpg.rf.CFoD2RJd0HWvs647sJNY.jpg,test,20240218_175431_jpg,img_c992612825d52d0fe6e8,1144,1525,b76b1c4aabf933ebb45a380d81a9c759a2deebcbd28fe494182f10ee50241a9f,1
test/images/20240218_175528_jpg.rf.0zVqXntanKRHpqUf8bvO.jpg,test,20240218_175528_jpg,img_49539a984f147b9cda0c,1851,1480,714177d3b992b339188b76e675197290bff2362c0aa72f361e8aee7bcbfbc4ae,2
test/images/20240218_175533_jpg.rf.vviFwgHBhtuGJnhrMHO0.jpg,test,20240218_175533_jpg,img_ea4bcd3fa5b378bcde90,1564,2085,6088d2e5eca508d8995b1b945b05a61f2330846d6688791d5e447f7960638a26,1
test/images/20240218_175735_jpg.rf.02F35AO6hTqRKaR3lns5.jpg,test,20240218_175735_jpg,img_fe9616339b25dba97c3a,1666,2018,faeead8149ff83263a6de74dcba8ff8c5db5ece6b655b38541579c272fc4c81a,1
test/images/20240218_175757_jpg.rf.BK6XmvCDJprHGnGmbV6I.jpg,test,20240218_175757_jpg,img_a4c8c229129571fba645,3000,2368,642b1a158db80f6a31fd67d776b5c2f5f80c4a6e2c24a316a112155fc8f76df8,1
test/images/20240310_151056_jpg.rf.kkGl7YMtMAEiSv9kbK48.jpg,test,20240310_151056_jpg,img_72208e201cf55395b098,1500,2080,d434098f703445be62a6671315371cb481c0ba8fe6f91bf4cca4aac7d25503d3,1
test/images/20_jpg.rf.55QFNAqEPFMPJ2ANfwzB.jpg,test,20_jpg,img_468e8cdfe5c367b663c9,4000,3000,427cdf046d9dcdbc754a8213259d57dded82b6c14883858b959626aa7d6b4344,1
test/images/2108_png.rf.sfwK3W24C3SHs6Y3xMO1.png,test,2108_png,img_5e9086e58d0e78fde41a,1097,890,3e6c2b15c14e8328b20faa361e2e73a5a7c8329b4b8d73b2ec78ded37b7b9592,1
test/images/2438_png.rf.Rp14KEugpqXXPfKkk4SG.png,test,2438_png,img_0ac380545f65136aecec,790,993,027e9ede731b27b7d482e2e2429b5003ed7874c446771f4b5e688b9ac1c9232a,1
test/images/291333306_338862141620109_6970226333642641286_n_jpg.rf.bTk6v8ujMT9t1HL4lmzX.jpg,test,291333306_338862141620109_6970226333642641286_n_jpg,img_685c6ed0dc9a3a347906,850,669,c91a159668e19aebb197dcb7bc97180f8c7bcaef81d4b3f39901303a37ea599c,1
test/images/292255711_914599499935361_1688879455824818706_n_jpg.rf.DE9VbBcmg2elARDO09xT.jpg,test,292255711_914599499935361_1688879455824818706_n_jpg,img_8a12c44a2f1f40617265,838,601,26b3b35d1d8cf63b4a21de8058b3f4a2c916235210bb31dcb19f3e3be8b4b5b6,1
test/images/3278_png.rf.qmdSUdhFwiTgPxufgztE.png,test,3278_png,img_ce8928547ef8cda4189e,902,807,defd7305ddc45253ccdf39e7aee1f7ab8fa6d73a4e1c7696fa36cb40791a9fc8,1
test/images/3616_png.rf.fxfIPT2Lr1QGoEj4zOIT.png,test,3616_png,img_e98d0456328cd0c440ce,537,362,dd93b0ad7fa050778d36305aae9e4e3f931fac961346739a7a87b1f4ab506341,1
test/images/39_jpg.rf.roBuIEvbT81aiamDeJVK.jpg,test,39_jpg,img_56fa3a30cbefa3570b49,793,960,9aec21084f3d8acb3c0e43e6add186a4adafb5c17cdd4db0d167832ff432cd8c,1
test/images/4-Figure11-1_png.rf.KdW0H3Jck3reSovJKKpg.png,test,4-figure11-1_png,img_a67228bceb970ce822f5,433,310,3eb77eb4a4c26140fa9646bf5d66c90bb2b3453cfc2c871d5340202a40ff6186,1
test/images/4183_png.rf.y6sTxA34GWfRJDOwwspd.png,test,4183_png,img_26733c982efc1ab40c77,1070,692,c85ec9b60abb9287ea1818f2dfcced158e2955d710f04bf8f85833ba0daf1dff,1
test/images/45_jpg.rf.SbMN8VRXT2XZ0h4tSEqU.jpg,test,45_jpg,img_cedbac47660a75d219a6,4000,3000,e2e558d3bafe0306399e6513398021e9ddaea621a0dec804493824e40b3391ed,1
test/images/5317_png.rf.2vwml4oQ7bBgiHlY3juK.png,test,5317_png,img_c3488e37b1b12a9d3fdb,372,372,b682902644f467b6b5b781b61fc581bcaa8f254cdf04ef466b5c8a82125745b3,1
test/images/5533_png.rf.UmPHk8UYkPa2AsMTEtoH.png,test,5533_png,img_aca1d0bc8e342095ad7a,599,496,70f81dc71d79caf7eaebe7dbb8074707063a93e15970bdac5b26446ebe4c6611,1
test/images/58_jpg.rf.5rsWZb8ksyPsJGN6fwkH.jpg,test,58_jpg,img_34904b2b7e6c65e77098,1152,1548,76dc524121440ed56f03b4415032bb611f3500c84741c20c6a70f09d0d35d371,1
test/images/6278_png.rf.2BEBJMWTbvr020fObl6q.png,test,6278_png,img_285d117e26f8c112c50e,1009,840,bbab64d1abdaf96e050bf700fb32be2a874648f30fb9f3cb6f5bb120158bc0da,1
test/images/6518_png.rf.XxV912lsrerhkQbn7z3D.png,test,6518_png,img_92c28571a145542c044c,709,537,3059627d476d088dff2826903f3f98bd8cfe0174da5487beec1c35ebbc5515bb,1
test/images/70_jpg.rf.41bhUkEAN4dxpzRDUBlP.jpg,test,70_jpg,img_ee90901fa891b7cf1504,745,960,6e9f11be77755a88fc30fe4e5d6b38f2d73b05d8dd75ec35e6114d9a8a09bc56,1
test/images/71_jpg.rf.LBrm9p4r5iXncuGxhobx.jpg,test,71_jpg,img_0b01c48e17bc43b3b3fb,960,712,01b0ce08a46c53a88e76ec1db00a794bb803ec25e05e426b327e1409ddb41c7f,1
test/images/80_jpg.rf.qTL30CJ2cVkivYTIN2v7.jpg,test,80_jpg,img_65e3dc0b58c5b42dfe24,748,960,b3bf4a8e16c9794533a56f9d84c86dbd76b4ddd7197724da340f57f6e8ff6cc7,1
test/images/8233_png.rf.xf7huJjZsJbYeW6HFHeD.png,test,8233_png,img_2e52a9f3caea41e3e7b4,962,653,df02ce4e6f5f59496deba76301d164bf3df809290df9a0e817344f4791631534,1
test/images/8258_png.rf.pkQkCVRksT7zhle1zQaa.png,test,8258_png,img_a90c28089008c860a483,748,590,366107e84bf4b84f50ca7ac1690c5e45e82ff90f994c44e8ea1ebc53a848bc10,1
test/images/86_jpg.rf.KNYuVjtZ4bXgWf89rLSr.jpg,test,86_jpg,img_fb497fefb5ba9ef325c7,882,960,c7c92b914c5405e4fbf3f98011489800c4e02e69713eaff2dfb33b1998d87452,1
test/images/88_jpg.rf.9m6p9SP9qCDT5FN4EoUQ.jpg,test,88_jpg,img_714b089c50f98a81e91b,4000,3000,5382dbed44847b8fcd41b08e93722646b4ae1970ff9d2dbfc5c687b81acf341c,1
test/images/8909_png.rf.bvlCDtnvn8sYDme6AovU.png,test,8909_png,img_d02ef1d23c0bc34d1fe6,655,581,b9e830385c5b91497bf8f12b986c0df12b2943a9f87331ab4eaae66b3423644e,1
test/images/9232_png.rf.efeCJvtYCHaVL0OTDgi9.png,test,9232_png,img_ef1e03a7e754e5985182,483,390,e42c0aa4f72a7c40809889b796a34f0f03e390b924190232b1a53bc3dfb7dc73,1
test/images/99_jpg.rf.xFAWzR61smwYkc4zwNqd.jpg,test,99_jpg,img_c2d14592f4a9371a5e89,960,706,b8f2d9fe64811510f9d81a3b7711043eef3c8acfc7504441987868b6c0d8eb5b,1
test/images/car-1051_jpg.rf.h6KF2EZnZUdHEhuu9Frs.jpg,test,car-1051_jpg,img_6b430f564f31ed2d870c,911,1142,32f9f51aae0a1602846e5653eec54771d199f600d7ba368dfe46cb14cfbc6d07,1
test/images/car-1054_jpg.rf.VF5aeDeUMXiYSjo1GPfx.jpg,test,car-1054_jpg,img_071a79152cc606022591,501,359,1adc6cfc8fd6ab5c8ef2c9f858b7f601653abaa8417cc6bd28c837c138e06298,1
test/images/car-1059_jpg.rf.jWTvYKa8TMqcKFMyXlQu.jpg,test,car-1059_jpg,img_668889462fbc2eb14f65,839,553,b2a45510278a1a077c440c5d1cc932dd07cb203c572b41af0068b1380bb07361,1
test/images/car-1063_jpg.rf.p0JoaAxbQLSA6nnULJMP.jpg,test,car-1063_jpg,img_822348fcd4dc6df35575,1280,960,b762d671b75390d81c63ab6ba9578998fd30dca3a033360c6d00b2c23d00d078,1
test/images/car-1068_jpg.rf.STwHP9GNM8nFwH64NjeH.jpg,test,car-1068_jpg,img_cc0c46074a311edbe800,960,720,4259ee77b3cea682235f365fccee3feaa6c7305d6a2976ea0c54dc61e9046887,1
test/images/car-1077_jpg.rf.hCU97mIJ5zxwr8guwFWu.jpg,test,car-1077_jpg,img_be38b403c7ef0acabcf3,960,540,96d549d1539886a2a99a28653797da1038a2171d95e75fda0151f002464a6740,1
test/images/car-1079_jpg.rf.U3N1NGnG9VVrTRcXwpll.jpg,test,car-1079_jpg,img_0a1b71ca61c07ece0e9e,1280,960,e0d1aaa8c11f282b44d960d7fd59ebe4852f877528b90caa30d7585f06a33229,1
test/images/car-1083_jpg.rf.alp1nmFWBoheXOrFfxjj.jpg,test,car-1083_jpg,img_0dee2c901a0fd7525658,358,448,6f1c8928ecf631295675d20cc210b85f3dc5889b3b23f45f090addbaab5f4002,1
test/images/car-2002_jpg.rf.78ohSAG398Wcb7s90xK6.jpg,test,car-2002_jpg,img_59af980a1bf33c0a5f29,1280,960,2e4c6240ec3d4902115775ce0b33dce145635b056bb6d5a29c052e23f0c35c16,1
test/images/car-2026_jpg.rf.6QvJ6cB12ZJODvWOik5a.jpg,test,car-2026_jpg,img_778913e270a557335d3c,834,665,6089438a1b0b80e6e93420b97a6a76870858d022b262ebe7e0bd09b3a853cc00,1
test/images/Dipto_371_jpg.rf.mwOUGTCuL3vTcYTE4yNb.jpg,test,dipto_371_jpg,img_4c7f1972890b375bf8e1,1920,1080,3e9b61ccac7dc303b7b8fa8c02474887f0e5a41c013105b0a5eb5c1eee9b090d,1
test/images/download_jpg.rf.o9IgulN6znjW4mczQTAe.jpg,test,download_jpg,img_5018bc2e7813a9314b83,275,183,48acd737476aaead5b8e2157a484d5d02c7bdc706a4d38005c159f8f67f31760,1
test/images/FB_IMG_1709363183868_jpg.rf.kDGoYOHctYvIeUEcyHWv.jpg,test,fb_img_1709363183868_jpg,img_c2f3852d6d9c842c2df9,963,1280,fa47330252c0ecfad967455990f53f147241ea42b8d2e8941e0bacaeb2fe2fb8,1
test/images/FB_IMG_1709363938903_jpg.rf.mh0qEP9vnPb7Lx3teeI2.jpg,test,fb_img_1709363938903_jpg,img_ffa76f0b50e94e93f7f0,1080,1440,944f1eba8fc98c2a7518d348447d85ccf78c602aee4af98c40e838f4b4fdc618,1
test/images/FB_IMG_1709450689719_jpg.rf.Y6AzjqimAHm8saIAR9oQ.jpg,test,fb_img_1709450689719_jpg,img_0fb7a36ceae244c50f50,1080,1440,14969d3fb25b34764bca5f4409c91b1eb8fb1c31ba286a7214dea5eaba5c6352,1
test/images/FB_IMG_1709499654304_jpg.rf.JeVYxNB5pOG2bLvy7cso.jpg,test,fb_img_1709499654304_jpg,img_243a8d31e488256ec7bf,1080,1440,160bd11b46dd3e8b4a98d76420aa64e2e13858e8c8dad732047df3b30873ddf8,2
test/images/FB_IMG_1711875509113_jpg.rf.3z3lGN4mSiYRdFiwf6XY.jpg,test,fb_img_1711875509113_jpg,img_14d75589a7c9e2f80aaf,1080,1440,75a9aca6e1e18e08e3b2794dc1a16f6634aa076636b0e85d1f701f7b4145ad03,1
test/images/FB_IMG_1713349932970_jpg.rf.xN6qs1Wd3mIWeNpNNNm4.jpg,test,fb_img_1713349932970_jpg,img_fe52dcedfa3fb9426174,1080,1918,4e1b7b196914148e13f192ca4ba201246550f9f63f68e02efe031e9a7927a341,1
test/images/FB_IMG_1713446554700_jpg.rf.nNMEiw23lknCM6sQqlvA.jpg,test,fb_img_1713446554700_jpg,img_0c2ce2fd4dfa152ddc2e,1080,1918,35d8061af847609b95d0f106db8afd593162ce255828cc939ce7fe1492ced2f3,1
test/images/FB_IMG_1713468850155_jpg.rf.AQxOUj8VyetonDVg7uQ3.jpg,test,fb_img_1713468850155_jpg,img_13a6f4ae02362c93354d,1080,810,fac40ed07c52dc22fc6d5a219a2d09b672b1703ec047feba06848fecbba05ccd,1
test/images/FB_IMG_1713774523438_jpg.rf.zk8P4OxReBysz6nyusRf.jpg,test,fb_img_1713774523438_jpg,img_00e68da30c24d9ae062d,1080,1434,86fe5cda8b64740cd5f5d51ba7a74d45ff296be0bc6de65e008ea26a01a17877,1
test/images/FB_IMG_1714801982641_jpg.rf.mA1aNSiMBvumbYFGWgoo.jpg,test,fb_img_1714801982641_jpg,img_93d98ffc481cbd19af6a,1080,810,88640bd3af9dd76286ea676e1e51ee7f8240f8943d4713cb8d819a6a57e74f02,2
test/images/frames4356_png.rf.e7fEeOUP7JGtqIIC7ISQ.png,test,frames4356_png,img_e42ba8c1835045d7e6d1,1080,1920,78f05aa199da80c9c8f5109a3033f78828f089c0965804c971f3a960c7528346,1
test/images/frames4848_png.rf.3iqqM0vto3KUvJyifSnp.png,test,frames4848_png,img_36029439dfec17d3b203,1080,1920,56d78785725172462dc9f283d6de2fbb07e4357a9a5b9dad267063cf22c19892,1
test/images/frames7038_png.rf.wn1MQyWrydRChumNd8dv.png,test,frames7038_png,img_f24d368db3bb7409bb93,585,608,2dcc96db50699fdee8d71d983d76164e99787a177e32f2600593f5e89bdd0a44,1
test/images/images (2)_jpg.rf.Ia1DId3YZjFzo5UvCHLV.jpg,test,images (2)_jpg,img_ea4b4513e8d01d8e2d1c,201,251,6c2e8ebc4cd35bf503623cffaaf6c5afd706a4b797a34edca2d4b96d1b298642,1
test/images/IMG-16_jpg.rf.IFSXxwYs3bXGSTMUf5sC.jpg,test,img-16_jpg,img_5e9683c9fc5745a431ea,4000,3000,34fb9e9214217980a8a8641b92a550ca7eca345f47bc1148eb905d6a8363cea8,1
test/images/IMG-18_jpg.rf.rYr9Ht7OtKHwiLwG114p.jpg,test,img-18_jpg,img_c09ed1529b160df75252,4000,3000,5525b209ead5de7d8055c7db575a1e6b4f2e533c71812335d969a6fb96439582,1
test/images/IMG-20240214-WA0026_jpg.rf.wczL2HI66lWcspfo04L6.jpg,test,img-20240214-wa0026_jpg,img_d742a52f128d1c9c1767,1201,1600,5e5e777d971a28feca7f4cd6cb1ca3bb2a715440cf507cf1e625fcb5165f8fc9,1
test/images/IMG-20240214-WA0031_jpg.rf.A0GmdcqIZKcVffzlTIBF.jpg,test,img-20240214-wa0031_jpg,img_c2d19ccd98feb27bb496,1201,1600,29f2ea55b024d9cf15c63d78b127330a9a20637e06a4e6b0f53ce325ba761553,1
test/images/IMG-20240214-WA0037_jpg.rf.AXXofqC9UMJh2r4zyoEP.jpg,test,img-20240214-wa0037_jpg,img_1611975c69d39395f298,1201,1600,502ffade85260ff135c5cda0a249c707b4620cb53ef5dc67b6f7852064eeae8e,1
test/images/IMG-20240214-WA0053_jpg.rf.HuikDdhoYjQqaFm8sa5U.jpg,test,img-20240214-wa0053_jpg,img_e582041be27cfd818d46,1201,1600,49a71192cc2cab06d1443bd3a86b9af05275268a12a9cf2f0a5df943270908ec,1
test/images/IMG-20240214-WA0061_jpg.rf.hoIlnZ25xYNCuikTJXys.jpg,test,img-20240214-wa0061_jpg,img_def76e99f7e46d37954f,1201,1600,3daa3cab359dedd602bdd48f8e67647a7223690c4705b3e34c157831411653e7,1
test/images/IMG-20240214-WA0063_jpg.rf.YxDv9Z2PAIka3RN8I1v9.jpg,test,img-20240214-wa0063_jpg,img_e26f016415422d93e57c,1201,1600,f3db5f50204b63030cbd461c41266dfc2cb144f42ad673a2c9a634a203c1f12c,1
test/images/IMG-20240214-WA0064_jpg.rf.FW3mr2Bn5Hlg2TN5TfuE.jpg,test,img-20240214-wa0064_jpg,img_0a7f247b5652f561c2b1,1600,1201,5abd877b91aa510c536bb2809a76203b6502673f374b93d4d293ff6ea577b1d3,1
test/images/IMG-20240214-WA0069_jpg.rf.aKlqwSvJzITy99kQGXHj.jpg,test,img-20240214-wa0069_jpg,img_c1a19c644a4392e3100c,1201,1600,a5a168446b2cb41bd1f46d3e8b81157c789cc6defaafcaddfcce06b90546dfa0,1
test/images/IMG-20240214-WA0070_jpg.rf.JXi3LcrDfX4nLqixYCJG.jpg,test,img-20240214-wa0070_jpg,img_3997d05261246f6f3b1f,1201,1600,eac1e8999586ee53344e36da7bc423360f49b7ee1ec3d100c6a4ec7367e1e628,1
test/images/IMG-20240215-WA0002_jpg.rf.YW8xeI9mZO9Wu2vmQjQM.jpg,test,img-20240215-wa0002_jpg,img_9f282a30ee9b97ae21be,1201,1600,2af291575431253faf4c38c927d68000f807cd7b7dee8781f999a56bb33649aa,1
test/images/IMG-20240215-WA0005_jpg.rf.BDpJU1Y47DRPTqpib9po.jpg,test,img-20240215-wa0005_jpg,img_95255e6cc5de4d53fe0b,1201,1600,fe926e579b80f8941a1a1f7ec2b421398d1386324e455778fea6884683a6bdc6,1
test/images/IMG-20240215-WA0028_jpg.rf.bfpQBFLmjLt6EDENYYEK.jpg,test,img-20240215-wa0028_jpg,img_571563ca5b98cd8392c8,1201,1600,fece7fa40d5103358d6946abe76bf5ea707e4289ffb2bb81107e1881b3f3ca9d,1
test/images/IMG-20240215-WA0030_jpg.rf.Gf2QYxWsHeJWfcz4UbT4.jpg,test,img-20240215-wa0030_jpg,img_dcbbeaa8a07ce0ce8b0b,1201,1600,368e44883a063a5e0e416fa93430ae2257716ff6f9ca039da7435a69f25b601f,1
test/images/IMG-20240215-WA0032_jpg.rf.Jt118o1Gx2stsyKRyR9s.jpg,test,img-20240215-wa0032_jpg,img_e5b140f87ab1a162f690,1201,1600,3e0d0b2c382ca56d5654c6b61e74843966357bae1116c594879d579bde85fb94,1
test/images/IMG-20240215-WA0084_jpg.rf.AwRzKI8rMeEpgXhDbZOF.jpg,test,img-20240215-wa0084_jpg,img_f9413ab6e52c45d6812f,1201,1600,660a29a8e8eafa1275877e21ed8650d27fdb284e175496d9d93d421ad3fa8c23,1
test/images/IMG-20240215-WA0087_jpg.rf.z9N3fFP5teZGhVGs9cu7.jpg,test,img-20240215-wa0087_jpg,img_235df82188bfb6aa1e5a,1201,1600,e389f91bdbf9191dab3b800f39932bfd8869765bee675ac5f0c0a4ff6fc2153e,1
test/images/IMG-20240215-WA0091_jpg.rf.vjUQxpLlllxrKaTnXK2G.jpg,test,img-20240215-wa0091_jpg,img_da57864f177259401c33,1201,1600,50b5ff78a6eef3f90797aa4681aade25721cef11df72b5eb024fa9eda308deea,1
test/images/IMG-20240215-WA0107_jpg.rf.filtDmlXtrZsXwnnt7zN.jpg,test,img-20240215-wa0107_jpg,img_b3428d60ae7b4b0ce6e4,1031,1422,1229e41b7690ea55ef21d83029ff8f344f3b9bb973577b94c523ede0e52f695a,2
test/images/IMG-20240215-WA0109_jpg.rf.0lUqP5ztnvUmOVAvBzsJ.jpg,test,img-20240215-wa0109_jpg,img_f3f6affe0b01eca9ce45,1201,1600,09e128c45232e5b71fd67d364a781519eed7c19dd12f3d813489308d3d4c888b,1
test/images/IMG-20240215-WA0122_jpg.rf.yfSbt1vXY8z8fciryjJe.jpg,test,img-20240215-wa0122_jpg,img_25d7eab32dc5dafc7ee7,1201,1600,5616009b63b76a3290a3c9ad8fda76bc80113da1ce09beacc4051125fc6b8fad,1
test/images/IMG-20240215-WA0126_jpg.rf.kVRg1JeGSYcoChRfs0r6.jpg,test,img-20240215-wa0126_jpg,img_e090288ed6a907e44637,1201,1600,8c15c50a8658103f79118bbe971ab699569913e4bdb6e4d989d7781fa07557b1,1
test/images/IMG-20240215-WA0133_jpg.rf.NsCzTMXrEkVWaxkUqBxf.jpg,test,img-20240215-wa0133_jpg,img_7f7c9101d035b259a5ea,1201,1600,4ef43d947657bc5c1a659a0664357a0415a5e269e7245cad87008f8c74f65db3,2
test/images/IMG-20240216-WA0002_jpg.rf.hq0hwSzNx2sp1ysulbDW.jpg,test,img-20240216-wa0002_jpg,img_490208dcdb569ad33095,1201,1600,d58ac931c5feed00b66f4532abd65611eb14cf4c21953f0af401210c72b5ab91,1
test/images/IMG-20240216-WA0006_jpg.rf.2f2uY2EWjHjpKu6yBAOJ.jpg,test,img-20240216-wa0006_jpg,img_9a8bab712064d7a37f25,1201,1600,bccd05e58509735b713939fe87462d61092c280eb85d63fe81cc65b45a519bec,2
test/images/IMG-20240216-WA0008_jpg.rf.gNCZFN0tYjaUbhVgczGz.jpg,test,img-20240216-wa0008_jpg,img_3c831c9e68315822cc55,1201,1600,121727f4141cfbeaa16edbdcedeb464da75e6e2810a7f4910944458ff456229c,1
test/images/IMG-20240216-WA0015_jpg.rf.6p4Yg1WdVXgX3JvePNsL.jpg,test,img-20240216-wa0015_jpg,img_b167eef729e981d888e5,1201,1600,4ac84af22ef294af4a03ef5302b0f6d5d99df83a4020977b4910073471784f38,1
test/images/IMG-20240216-WA0028_jpg.rf.UbYMIhwQRKbb3YrAiJh7.jpg,test,img-20240216-wa0028_jpg,img_79af078ea8074b9b77b6,1201,1600,3eab4015f3da8ed52b0529a24b62141a5d7f5e2a6ee2c475df6e483e7a8b745b,1
test/images/IMG-20240216-WA0032_jpg.rf.fdv3x6AYuKV1U34KFD9z.jpg,test,img-20240216-wa0032_jpg,img_49ee65819dc876fa7af5,1201,1600,e6391c55ec71c5654f3f1da0338137cfc954a3e9f9387a265e10f28c8534dbff,1
test/images/IMG-20240216-WA0046_jpg.rf.QuerLmudrw6mBbVK8sgC.jpg,test,img-20240216-wa0046_jpg,img_1a44dec60de5e3470b3d,1201,1600,553f00e1f83ab71b3b2042b5bcc1f0f229e104812df93024ee3c99a44990950c,1
test/images/IMG-20240216-WA0047_jpg.rf.UWs20Qh1xEWBw2RozWPB.jpg,test,img-20240216-wa0047_jpg,img_92a8758c59bb8057e21f,1201,1600,545184345347a1fcdee19101874e7bd997c635a3b7b8d8a90cdbc3ed8634c33e,1
test/images/IMG-20240216-WA0053_jpg.rf.jGuNyjgwDxtFGEJHczHP.jpg,test,img-20240216-wa0053_jpg,img_26c821f6175091ae10fa,1201,1600,d645303d06a911f57fd80cc596bad35460c9be1d905ed6e9ac5e99ab70c60fac,1
test/images/IMG-20240216-WA0058_jpg.rf.dDAcfe5ycUQc382N9LIp.jpg,test,img-20240216-wa0058_jpg,img_b76ae8cbb116198193d2,1201,1600,a48f785664f1b434c306f6be361afccac16adff7218f4ffe208adeba5da02b53,1
test/images/IMG-20240216-WA0072_jpg.rf.dcApddpPIccjEoyGQrJz.jpg,test,img-20240216-wa0072_jpg,img_301c7d4c9905226ea93b,1201,1600,c3df360549307a6f7ad2fb586f72a8224082a0c67d3fc144a02241bdb513cc31,1
test/images/IMG-20240216-WA0076_jpg.rf.nzSJ3GC3ZD6MrIZuo5Wq.jpg,test,img-20240216-wa0076_jpg,img_0bfdb0859b7588e27fff,1201,1600,61382f5fe7d8448c634bc6ef8cf101806be327cf4df934ec2ae6866d540cd781,1
test/images/IMG-20240216-WA0097_jpg.rf.CZB0m0FgG4zKCVcAS5nI.jpg,test,img-20240216-wa0097_jpg,img_6b9491ba2aedf60d6a7c,1201,1600,3cc7c6e9ea78f6a6b4a6ed57e45373d0b8fb7f7bc02c67f3d4d3653ccd6b990b,1
test/images/IMG-20240216-WA0101_jpg.rf.qSklk7CPX5QMCj643LEh.jpg,test,img-20240216-wa0101_jpg,img_106cb421755e42fe228c,1600,1201,07ae12a920d9aa44674028027c7c8f8ec2e65e63e0456bfbfb2e3bc685418341,1
test/images/IMG-20240216-WA0104_jpg.rf.AgI21aynyS6R3XHF6h9g.jpg,test,img-20240216-wa0104_jpg,img_f5c2e82adf71a27fec4c,1201,1600,604a11ed30a88724ecd15d319e4809ba85f37f221402da2c8c30c56ea38fd724,1
test/images/IMG-20240216-WA0108_jpg.rf.CW7q3ZZxLeUk2nk87qV6.jpg,test,img-20240216-wa0108_jpg,img_c2a63a48d9d40e7d0a56,1201,1600,5c9565cc19c89c0d18db8ac09b32bfc63e43e97ce07ae6d59c682e3e27b19c3d,1
test/images/IMG-20240216-WA0113_jpg.rf.s3jQxKFbOVtnjXzL1wzc.jpg,test,img-20240216-wa0113_jpg,img_8af4dcbaf63fc193a958,1201,1600,1f91297e7c50c0a9dd3c13e57c1041c8a61c2cb8d09651761ccf7a8535a74ad1,1
test/images/IMG-20240216-WA0114_jpg.rf.jwlhMoEAh3M06YRu9QVP.jpg,test,img-20240216-wa0114_jpg,img_d26176240351560c03e1,1201,1600,62ce3c7313e6b501ff1685d493e4b8359f59b1f58a59364cb2f947a89426593e,1
test/images/IMG-20240216-WA0116_jpg.rf.ZHekdBrBHOdmzqtCnw39.jpg,test,img-20240216-wa0116_jpg,img_4b2118d3d416094783fc,1201,1600,fc32fefa446621e045338231cbddf82af5bd4714c51b5fdedda62d2630b9fd1b,1
test/images/IMG-20240218-WA0020_jpg.rf.woThq1QuBIxCKNenUesS.jpg,test,img-20240218-wa0020_jpg,img_75a20dda446aa0b27da2,648,928,748f7d6d576d43a0d8ec03468464e41f498e129e3aa28344e3f6eaa8e2edccc8,1
test/images/IMG-20240218-WA0028_jpg.rf.MVLsiuwSyVX1sAaKTLuG.jpg,test,img-20240218-wa0028_jpg,img_bfa7623e4c1eea983f60,1201,1600,36ba354c4dc574bd4529bd7ab990fd307d0b1c8ea94d51519989a3af3b48e626,1
test/images/IMG-20240218-WA0036_jpg.rf.E6luh67SRHWFADqujMu4.jpg,test,img-20240218-wa0036_jpg,img_fddeda1e2d291c0129ab,1201,1600,331244763192c08b9324cd4ae077930f1c8f140bfac2ad2c1b7c18a3bb04e647,1
test/images/IMG-20240218-WA0053_jpg.rf.cU08upzwiZbF1lgneCFR.jpg,test,img-20240218-wa0053_jpg,img_e75fe1baccb1553305d6,1201,1600,ecb3fe7326f390716b2cd8ec8558e39b78663cef7386e05a92886243d8b0e376,1
test/images/IMG-20240218-WA0060_jpg.rf.XSCSXGXki1YLwIZL6cAD.jpg,test,img-20240218-wa0060_jpg,img_9e2b9ca0cf1453f737e0,1201,1600,4e9ca0e8763d78843f26ba6cab61016368b18671d6a0692fe02962390baa7948,1
test/images/IMG-20240218-WA0076_jpg.rf.1rgCx4jlwqWD01xD7oNd.jpg,test,img-20240218-wa0076_jpg,img_962d71fa295e8ba930b4,1201,1600,44352543e38e8d4601780782ebe0bbbea58df27025c9230fea5ed29abd4cf31c,1
test/images/IMG-20240218-WA0078_jpg.rf.gBFuGDLUinxbq9DfjRJ9.jpg,test,img-20240218-wa0078_jpg,img_f9eb3a5139c4c79569ab,1201,1600,5d3e947b91366c4ca4f32165dde97585286af5a9872978ff09f9ea9417f47bc2,1
test/images/IMG-20240218-WA0080_jpg.rf.s4x4a1Llr3Lqj5s9rucD.jpg,test,img-20240218-wa0080_jpg,img_0b727fbac5f4ea65c6a1,1201,1600,eb355717d6412c60963336bdd9c874d2e495ebb5bb6cc3898996591c3a699c0d,1
test/images/IMG-20240218-WA0085_jpg.rf.98d5Y5mutUASyScu9Hoo.jpg,test,img-20240218-wa0085_jpg,img_90786f5c6c14d202eba5,1201,1600,347d137d062c3e533e6201d810baea31e278e6988c76f70580f4b67428b55602,1
test/images/IMG-20240218-WA0088_jpg.rf.5h2pASFUJHz2pI9VIuhr.jpg,test,img-20240218-wa0088_jpg,img_82292e78826751126a0b,1201,1600,9629c94789eabd84cad31c5f98ed854543c3cfce51b8b212fcf36a1cc8ac81ea,1
test/images/IMG-20240218-WA0099_jpg.rf.20Jr5Mxi2IanfjGUDRcv.jpg,test,img-20240218-wa0099_jpg,img_d6064c258e5b35da4dce,1156,868,860cf6fbfe19802a2830e1cb3593767f2a2ae21b8d464f0f8c2e8b5f332f5299,1
test/images/IMG-20240218-WA0123_jpg.rf.59rj1SDvhUvjdNGB0Lxg.jpg,test,img-20240218-wa0123_jpg,img_0de834288a172858a674,868,1156,c4785fa12b6fdf095aa0c6244b446abdaafbbfa42b95d208be9b995a517f4607,1
test/images/IMG-20240218-WA0137_jpg.rf.oDdFhIE8hA2qNIQufkP3.jpg,test,img-20240218-wa0137_jpg,img_cfd6cdd91df0589fa74b,868,1156,8dd5f4b6a1fb4228fcc28d1cae32e79315563949481a43a82ce5f73bc0daa56d,1
test/images/IMG-20240218-WA0138_jpg.rf.FLSUqpz5unv8jhAm3bpz.jpg,test,img-20240218-wa0138_jpg,img_eddb1e9995d3973502a7,868,1156,16718277d8b75669bb0c809729f87e598b64852938f59a275b45d6ef8ad5de32,1
test/images/IMG-20240218-WA0151_jpg.rf.luSgMmaWQpur7h2E3gs4.jpg,test,img-20240218-wa0151_jpg,img_6bb04821e10242826b4e,868,1156,bd7c1bd0d11c2ccab65664704bead9c0fffc17765e7cafeefcc8d23f156cc2de,1
test/images/IMG-20240218-WA0156_jpg.rf.k6dJWlhfI5G6d9pGgFBZ.jpg,test,img-20240218-wa0156_jpg,img_ae140b0bc8632164528a,868,1156,83acfa5183c512d484ef6d3fdd9b74869a9c8b96ca06572545f56f067ea3a371,1
test/images/IMG-20240218-WA0174_jpg.rf.3DHSNnHXa6zQfWg3UcS1.jpg,test,img-20240218-wa0174_jpg,img_a65fd41b393ba74fc913,1156,868,2e222d53476d8d230474654f0f2be94738fa112084cbae9493020cb4878bca11,1
test/images/IMG-20240218-WA0192_jpg.rf.IqYlIvAXr9d5f96VsImd.jpg,test,img-20240218-wa0192_jpg,img_6b1a545f2a380325a1d7,868,1156,876f47e00de7f2493ac6dcfac5c30acb760f6009543e7a3171e2bbdaf01a9d00,1
test/images/IMG-20240218-WA0204_jpg.rf.nwm1P05s3mkaIkhIJRfR.jpg,test,img-20240218-wa0204_jpg,img_01fcf3a6be1ba45b09a0,868,1156,899b036ecf46d890ccbe62fbf93c8b679e2bb6145cab1dc42f3ab1bc31f6985e,1
test/images/IMG-20240218-WA0211_jpg.rf.Yq9whgK9WjeWLt9RgNPr.jpg,test,img-20240218-wa0211_jpg,img_7aaccad1e79e138329dd,868,1156,ec354fa0ca611b52807858e40460f38b8beeb7a0657c3c4b467c38c55c22c7fc,1
test/images/IMG-20240218-WA0218_jpg.rf.xAYNb8gGa5vAXWExrrTL.jpg,test,img-20240218-wa0218_jpg,img_88503e5319b61fd7808e,868,1156,7266df889b0ab3a9a86c77f703ab21dc7a4376fcf5e5a3868254e303a1b96237,1
test/images/IMG-20240218-WA0245_jpg.rf.Oq2i4U4tMbugVR6x0GgK.jpg,test,img-20240218-wa0245_jpg,img_5028bd6294cae480d061,868,1156,70b4e4f561cc4bd64a497ba568a6dad9a9dd194fceb140894a706aed8aae7eaa,1
test/images/IMG-20240218-WA0269_jpg.rf.T8DYNvNkd2wzBoBERaIJ.jpg,test,img-20240218-wa0269_jpg,img_1a65e250eb96a0629d4c,868,1156,a93f53a7a8ef87de98e8f75b41d5dc5a0b67e1421d42b7dfb15a8fc39a12e7ba,1
test/images/IMG-20240218-WA0332_jpg.rf.sTsthFeEWpl37JI1cbP7.jpg,test,img-20240218-wa0332_jpg,img_779d024402a1f207e67a,1201,1600,13adfb9ef8ecc4667203d0da78c2d8cd3f4e3379e1b285c978d6edf7c6246a7b,1
test/images/IMG-20240218-WA0356_jpg.rf.jTd3WSV5m9VHO0Z2l2M5.jpg,test,img-20240218-wa0356_jpg,img_2405b3f8fb06f18428ca,1201,1600,fd1386db592225ecd7fb8192fb3be46889cc24f434334cfe6530bdc0aca54997,1
test/images/IMG-22_jpg.rf.ZeM2w3jI093ovAJAQY7j.jpg,test,img-22_jpg,img_a8792a300411e2648bb2,4000,3000,9b00756fd85f89ec90586e4872c748d6edb203a5b0f652b051e504767c2e7595,1
test/images/IMG-30_jpg.rf.MJ2Lqg1RN6T2ADsVYAkc.jpg,test,img-30_jpg,img_f6c28b8bc4ec910bda1a,4000,3000,a99de01312b7b45df22764987ccdb8021cc6b04c85a08b1ef3c210ceca75a735,1
test/images/IMG-48_jpg.rf.PYeCmcXRZIUnKyHiPePp.jpg,test,img-48_jpg,img_006ca5fd00a06d33f7cb,4000,3000,c6134e3d9353162067f52651b0c1685b9f1b73fb6001aed146efb6c5d66c64d7,1
test/images/IMG_20190412_113222_jpg.rf.JwDEXBGOmfsmACOMjpHY.jpg,test,img_20190412_113222_jpg,img_496a88d3e4a43fa08e74,961,1280,e05b0d7f0c694437eca22c2ac4b2a542a25855daae8124152b9e70cb1ce55c24,1
test/images/IMG_20190412_113242_jpg.rf.7588jsP9rpQpMKLNC9Qt.jpg,test,img_20190412_113242_jpg,img_cc1925eacf3995e28458,961,1280,f3844f0e833222fb38b2f41dc240f447a477a73c1eb7077211636e6fa9006c1a,2
test/images/IMG_20191220_160929_jpg.rf.Y70lJw54tcqLRXwDF7e5.jpg,test,img_20191220_160929_jpg,img_1f8094b554c2a459a32b,961,1280,2d823be09f972c2c5a40aa35fef92e18b972df268c6b0eeea8ed20df0ec02097,1
test/images/IMG_20220707_115246_jpg.rf.7JpnbQFYmRK6aobnpeBh.jpg,test,img_20220707_115246_jpg,img_ffedf029f552c9321463,1473,3146,35634764ad993f7d9d2ef20bd5c7e18635657d6a9c0046fbcce3e05fe074c239,1
test/images/IMG_20220707_115352_jpg.rf.LteRlFuj9oYhH7UVRzlI.jpg,test,img_20220707_115352_jpg,img_f4096523706a002e98c3,1406,3798,d109ad2a8dba8a0ba9d75f91b19b62ee5e02fdc63fd07d5eab8bcc875d49aa78,1
test/images/IMG_20220707_115652_jpg.rf.OsQhADm6X9xX34jkcb4b.jpg,test,img_20220707_115652_jpg,img_6cf9a1fce918c70fc8c7,2973,2904,120f2a3e3845bbdfb647a34b3f6ffe7f6565674867ba322761df92b6211819b3,1
test/images/IMG_20220707_115713_jpg.rf.SNVrlyz9xvsmSMDAOu1k.jpg,test,img_20220707_115713_jpg,img_76fd85c3f31f4ab51180,3000,2556,bd2d7fa7e420d278de3826cf23add09fd3808d477719f9a78d4ace3f2728ff66,1
test/images/IMG_20220707_121111_jpg.rf.oSCbwv3y7ULuEhljFlfU.jpg,test,img_20220707_121111_jpg,img_075840f37e2288a280ba,1633,3302,56116931fa3e9e1f55bec1ace6252eae3f97948d1eb3cbb27687186dc029e521,1
test/images/IMG_20240211_154521_jpg.rf.Ms2U5npEixvlYZBnXjWw.jpg,test,img_20240211_154521_jpg,img_8f2ab14aa7db182de57c,1888,2594,35c968d2d8eaba51e7dd541b29b6b6c040c9052a88050e973bf326975496db86,1
test/images/lpr1_png.rf.5u4RRgAJlpEgIpetyTxr.png,test,lpr1_png,img_e43b939d070d339025f7,371,279,75a68ac61196efeb645362b0e4a165e6b12e8e0c64160788c091ce3aef127f91,7
test/images/received_1719395108548625_jpeg.rf.8snYj1NbZsFTFRb6zfJY.jpeg,test,received_1719395108548625_jpeg,img_a8701f7a9515c047fe9c,1600,1200,37d8352c262dc1b563a02f6e7627e5e3053acd20ea4fa5dd20ce33e0f39845fe,1
test/images/received_7180313978742421_jpeg.rf.lam1hdbSgxR01P67xeib.jpeg,test,received_7180313978742421_jpeg,img_8bc8fc8d439fc3649026,1071,923,41d163424f4bd2e79a3ddeae3fe7d8512f9fcb4336b472fb21c5618390df4fe2,1
test/images/received_925224209124862_jpeg.rf.nTp14vgV9hRcjYjuzOO7.jpeg,test,received_925224209124862_jpeg,img_23d5d6de820660cc92a5,676,755,8811b7a869b15def19569b58671f3fef8da22fd06240df29a638a589db0d7d89,1
test/images/Screenshot 2024-02-20 003539_png.rf.2hFUNG4Eoy71sP69TXRn.png,test,screenshot 2024-02-20 003539_png,img_4f404e3ea8451b6d01e4,582,574,4041c634581838714c84d19430ae4caf7ffd678a1a27c513805baafaa937587b,2
test/images/Screenshot 2024-02-20 004223_png.rf.GHgcTOqbLhBJNlQsuJ96.png,test,screenshot 2024-02-20 004223_png,img_2a790b95e417680a8ef6,590,268,0fbd839765b101c1053f3ca22603f8595a602560284ec9c5ae6b95c3d4eda059,1
test/images/Screenshot 2024-02-20 005542_png.rf.k0Oc1pOEzeaTCkWZB76i.png,test,screenshot 2024-02-20 005542_png,img_d55d230dcef2b8e14725,268,165,106dc248b76bc059d402df2d250b7e5a16f418994c2a70d360bd7f6eed3ee3b9,1
test/images/Screenshot 2024-02-20 005845_png.rf.WyjFC8PZPf9z8U0TxJhx.png,test,screenshot 2024-02-20 005845_png,img_cd7f6d08c1850fbaccf5,319,208,ba3aca819f710acf95f40575bf7490416ae5f39930ff0ed87ceb9a462ea02134,1
test/images/Screenshot 2024-02-20 010112_png.rf.OUTzcET8wazdikBDl7G8.png,test,screenshot 2024-02-20 010112_png,img_27323febdeb95976056d,614,353,25d493c14038f5e77cc298675d91947a26c8a44667aa747f22ff2950a9bff25f,1
test/images/Screenshot 2024-02-20 010334_png.rf.A8334pV0SsJst16h4BP7.png,test,screenshot 2024-02-20 010334_png,img_ce7eb2deaf4114c6c9d3,329,186,05f13f7edd445a8e5a2917983076260810e415155b4ea66009578cdd0b192b93,1
test/images/Screenshot 2024-02-20 010604_png.rf.xMEKoaYkahM1jNAZIKow.png,test,screenshot 2024-02-20 010604_png,img_ef933184620a5dbfaa26,298,232,9717f3058e5b367bef8f84b52054b3abf6adbb156db2417a87dedd19bbb3f0e3,1
test/images/Screenshot 2024-02-20 011022_png.rf.YGBmdrKEiAwLXJw8277Y.png,test,screenshot 2024-02-20 011022_png,img_34abd85788bfb6bd7aad,230,157,b75aaaa06e188999c097a9f46cec15c8d653b8b29a3f607674cb79943ff29026,1
